Rank,Name,Country,Rating,Year,Month
1,"Spassky, Boris V.",URS,2670,1967,6
1,"Fischer, Robert James",USA,2670,1967,6
3,"Petrosian, Tigran",URS,2660,1967,6
4,"Botvinnik, Mikhail",URS,2650,1967,6
4,"Tal, Mikhail N.",URS,2650,1967,6
6,"Stein, Leonid",URS,2640,1967,6
7,"Geller, Efim P.",URS,2630,1967,6
8,"Larsen, Bent",DEN,2620,1967,6
8,"Portisch, Lajos",HUN,2620,1967,6
8,"Korchnoi, Viktor",URS,2620,1967,6
8,"Polugaevsky, Lev",URS,2620,1967,6
12,"Keres, Paul",URS,2610,1967,6
12,"Smyslov, Vassily",URS,2610,1967,6
14,"Taimanov, Mark E.",URS,2600,1967,6
15,"Uhlmann, Wolfgang",GDR,2590,1967,6
15,"Unzicker, Wolfgang",GER,2590,1967,6
15,"Kholmov, Ratmir D.",URS,2590,1967,6
15,"Lutikov, Anatoly S.",URS,2590,1967,6
19,"Najdorf, Miguel",ARG,2580,1967,6
19,"Hort, Vlastimil",CSR,2580,1967,6
19,"Boleslavsky, Isaak",URS,2580,1967,6
19,"Bronstein, David I.",URS,2580,1967,6
19,"Furman, Semyen A.",URS,2580,1967,6
19,"Gipslis, Aivars",URS,2580,1967,6
19,"Reshevsky, Samuel H.",USA,2580,1967,6
26,"Savon, Vladimir A.",URS,2570,1967,6
26,"Vasiukov, Evgeni",URS,2570,1967,6
26,"Benko, Pal C.",USA,2570,1967,6
26,"Gligoric, Svetozar",YUG,2570,1967,6
26,"Ivkov, Borislav",YUG,2570,1967,6
31,"Averbakh, Yuri L.",URS,2560,1967,6
31,"Suetin, Alexey S.",URS,2560,1967,6
31,"Evans, Larry M.",USA,2560,1967,6
34,"Olafsson, Fridrik",ISL,2550,1967,6
35,"Pachman, Ludek",CSR,2540,1967,6
35,"Antoshin, Vladimir S.",URS,2540,1967,6
35,"Lein, Anatoly",URS,2540,1967,6
35,"Nei, Iivo",URS,2540,1967,6
35,"Byrne, Robert E.",USA,2540,1967,6
40,"Panno, Oscar",ARG,2530,1967,6
40,"Filip, Miroslav",CSR,2530,1967,6
40,"Kavalek, Lubomir",CSR,2530,1967,6
40,"Pomar Salamanca, Arturo",ESP,2530,1967,6
40,"Szabo, Laszlo",HUN,2530,1967,6
40,"Krogius, Nikolai V.",URS,2530,1967,6
40,"Liberzon, Vladimir M.",URS,2530,1967,6
40,"Lombardy, William J.",USA,2530,1967,6
40,"Matanovic, Aleksandar",YUG,2530,1967,6
40,"Matulovic, Milan",YUG,2530,1967,6
50,"Bolbochan, Julio",ARG,2520,1967,6
50,"Darga, Klaus",GER,2520,1967,6
50,"Donner, Jan-Hein",NED,2520,1967,6
50,"Ciric, Dragoljub M.",YUG,2520,1967,6
50,"Parma, Bruno",YUG,2520,1967,6
55,"Eliskases, Erich",ARG,2510,1967,6
55,"Schmid, Lothar",GER,2510,1967,6
55,"Bilek, Istvan",HUN,2510,1967,6
55,"Osnos, Viatcheslav",URS,2510,1967,6
55,"Simagin, Vladimir",URS,2510,1967,6
55,"Trifunovic, Petar",YUG,2510,1967,6
61,"Tringov, Georgi P.",BUL,2500,1967,6
61,"Pfleger, Helmut",GER,2500,1967,6
61,"Gheorghiu, Florin",ROM,2500,1967,6
61,"Gurgenidze, Bukhuti",URS,2500,1967,6
61,"Shamkovich, Leonid",URS,2500,1967,6
66,"Sanguinetti, Raul",ARG,2490,1967,6
66,"Bobotsov, Milko G.",BUL,2490,1967,6
66,"Yanofsky, Daniel A.",CAN,2490,1967,6
66,"Barczay, Laszlo",HUN,2490,1967,6
66,"Stahlberg, Gideon",SWE,2490,1967,6
71,"Rossetto, Hector",ARG,2480,1967,6
71,"Minev, Nikolay N.",BUL,2480,1967,6
71,"Rossolimo, Nicolas",FRA,2480,1967,6
71,"Barcza, Gedeon",HUN,2480,1967,6
71,"Dely, Peter",HUN,2480,1967,6
71,"Bisguier, Arthur B.",USA,2480,1967,6
77,"Robatsch, Karl",AUT,2470,1967,6
77,"O'Kelly de Galway, Alberic",BEL,2470,1967,6
77,"Padevsky, Nikola",BUL,2470,1967,6
77,"Penrose, Jonathan",ENG,2470,1967,6
77,"Lehmann, Heinz",GER,2470,1967,6
77,"Forintos, Gyozo V.",HUN,2470,1967,6
77,"Lengyel, Levente",HUN,2470,1967,6
77,"Damjanovic, Mato",YUG,2470,1967,6
77,"Janosevic, Dragoljub",YUG,2470,1967,6
86,"Ciocaltea, Victor",ROM,2460,1967,6
86,"Ghitescu, Theodor",ROM,2460,1967,6
86,"Lilienthal, Andor",URS,2460,1967,6
86,"Tolush, Alexander",URS,2460,1967,6
86,"Maric, Rudolf",YUG,2460,1967,6
91,"Pilnik, Herman",ARG,2450,1967,6
91,"Flesch, Janos",HUN,2450,1967,6
91,"Byrne, Donald",USA,2450,1967,6
94,"Guimard, Carlos E.",ARG,2440,1967,6
94,"Haag, Ervin",HUN,2440,1967,6
1,"Fischer, Robert James",USA,2710,1968,4
2,"Botvinnik, Mikhail",URS,2690,1968,4
3,"Korchnoi, Viktor",URS,2660,1968,4
3,"Spassky, Boris V.",URS,2660,1968,4
5,"Larsen, Bent",DEN,2650,1968,4
5,"Petrosian, Tigran",URS,2650,1968,4
5,"Tal, Mikhail N.",URS,2650,1968,4
8,"Geller, Efim P.",URS,2630,1968,4
8,"Smyslov, Vassily",URS,2630,1968,4
10,"Unzicker, Wolfgang",GER,2610,1968,4
10,"Portisch, Lajos",HUN,2610,1968,4
10,"Polugaevsky, Lev",URS,2610,1968,4
10,"Stein, Leonid",URS,2610,1968,4
14,"Keres, Paul",URS,2600,1968,4
14,"Kholmov, Ratmir D.",URS,2600,1968,4
14,"Lutikov, Anatoly S.",URS,2600,1968,4
17,"Najdorf, Miguel",ARG,2590,1968,4
17,"Olafsson, Fridrik",ISL,2590,1968,4
17,"Boleslavsky, Isaak",URS,2590,1968,4
17,"Gligoric, Svetozar",YUG,2590,1968,4
21,"Gipslis, Aivars",URS,2580,1968,4
21,"Krogius, Nikolai V.",URS,2580,1968,4
21,"Taimanov, Mark E.",URS,2580,1968,4
21,"Benko, Pal C.",USA,2580,1968,4
21,"Reshevsky, Samuel H.",USA,2580,1968,4
26,"Hort, Vlastimil",CSR,2570,1968,4
26,"Darga, Klaus",GER,2570,1968,4
26,"Furman, Semyen A.",URS,2570,1968,4
26,"Lein, Anatoly",URS,2570,1968,4
30,"Antoshin, Vladimir S.",URS,2560,1968,4
30,"Gufeld, Eduard",URS,2560,1968,4
30,"Zaitsev, Alexander",URS,2560,1968,4
30,"Evans, Larry M.",USA,2560,1968,4
30,"Ivkov, Borislav",YUG,2560,1968,4
30,"Matulovic, Milan",YUG,2560,1968,4
36,"Mecking, Henrique",BRA,2550,1968,4
36,"Osnos, Viatcheslav",URS,2550,1968,4
36,"Savon, Vladimir A.",URS,2550,1968,4
36,"Vasiukov, Evgeni",URS,2550,1968,4
36,"Matanovic, Aleksandar",YUG,2550,1968,4
41,"Panno, Oscar",ARG,2540,1968,4
41,"Bobotsov, Milko G.",BUL,2540,1968,4
41,"Averbakh, Yuri L.",URS,2540,1968,4
41,"Shamkovich, Leonid",URS,2540,1968,4
41,"Parma, Bruno",YUG,2540,1968,4
46,"Uhlmann, Wolfgang",GDR,2530,1968,4
46,"Bilek, Istvan",HUN,2530,1968,4
46,"Donner, Jan-Hein",NED,2530,1968,4
46,"Gheorghiu, Florin",ROM,2530,1968,4
46,"Suetin, Alexey S.",URS,2530,1968,4
46,"Ciric, Dragoljub M.",YUG,2530,1968,4
52,"Kavalek, Lubomir",CSR,2520,1968,4
52,"Pomar Salamanca, Arturo",ESP,2520,1968,4
52,"Szabo, Laszlo",HUN,2520,1968,4
52,"Byrne, Robert E.",USA,2520,1968,4
56,"Pilnik, Herman",ARG,2510,1968,4
56,"Filip, Miroslav",CSR,2510,1968,4
56,"Schmid, Lothar",GER,2510,1968,4
56,"Kotov, Alexander",URS,2510,1968,4
56,"Liberzon, Vladimir M.",URS,2510,1968,4
56,"Simagin, Vladimir",URS,2510,1968,4
62,"Eliskases, Erich",ARG,2500,1968,4
62,"Barcza, Gedeon",HUN,2500,1968,4
62,"Trifunovic, Petar",YUG,2500,1968,4
65,"Janosevic, Dragoljub",YUG,2490,1968,4
66,"Padevsky, Nikola",BUL,2480,1968,4
66,"Tringov, Georgi P.",BUL,2480,1968,4
66,"Barczay, Laszlo",HUN,2480,1968,4
69,"Yanofsky, Daniel A.",CAN,2470,1968,4
69,"Lengyel, Levente",HUN,2470,1968,4
71,"O'Kelly de Galway, Alberic",BEL,2430,1968,4
72,"Pietzsch, Wolfgang",GDR,2420,1968,4
72,"Damjanovic, Mato",YUG,2420,1968,4
1,"Fischer, Robert James",USA,2720,1969,0
2,"Spassky, Boris V.",URS,2690,1969,0
3,"Korchnoi, Viktor",URS,2680,1969,0
4,"Botvinnik, Mikhail",URS,2660,1969,0
5,"Petrosian, Tigran",URS,2650,1969,0
6,"Larsen, Bent",DEN,2630,1969,0
7,"Portisch, Lajos",HUN,2620,1969,0
7,"Geller, Efim P.",URS,2620,1969,0
7,"Smyslov, Vassily",URS,2620,1969,0
10,"Keres, Paul",URS,2610,1969,0
10,"Polugaevsky, Lev",URS,2610,1969,0
10,"Stein, Leonid",URS,2610,1969,0
10,"Tal, Mikhail N.",URS,2610,1969,0
14,"Olafsson, Fridrik",ISL,2600,1969,0
14,"Kholmov, Ratmir D.",URS,2600,1969,0
16,"Najdorf, Miguel",ARG,2590,1969,0
16,"Hort, Vlastimil",CSR,2590,1969,0
16,"Bronstein, David I.",URS,2590,1969,0
16,"Furman, Semyen A.",URS,2590,1969,0
16,"Taimanov, Mark E.",URS,2590,1969,0
16,"Gligoric, Svetozar",YUG,2590,1969,0
22,"Gipslis, Aivars",URS,2580,1969,0
22,"Krogius, Nikolai V.",URS,2580,1969,0
24,"Lein, Anatoly",URS,2570,1969,0
24,"Vasiukov, Evgeni",URS,2570,1969,0
24,"Evans, Larry M.",USA,2570,1969,0
24,"Reshevsky, Samuel H.",USA,2570,1969,0
28,"Unzicker, Wolfgang",GER,2560,1969,0
28,"Antoshin, Vladimir S.",URS,2560,1969,0
28,"Lutikov, Anatoly S.",URS,2560,1969,0
28,"Savon, Vladimir A.",URS,2560,1969,0
28,"Suetin, Alexey S.",URS,2560,1969,0
28,"Zaitsev, Alexander",URS,2560,1969,0
28,"Matulovic, Milan",YUG,2560,1969,0
35,"Osnos, Viatcheslav",URS,2550,1969,0
36,"Uhlmann, Wolfgang",GDR,2540,1969,0
36,"Darga, Klaus",GER,2540,1969,0
36,"Schmid, Lothar",GER,2540,1969,0
36,"Gheorghiu, Florin",ROM,2540,1969,0
36,"Averbakh, Yuri L.",URS,2540,1969,0
36,"Gufeld, Eduard",URS,2540,1969,0
36,"Liberzon, Vladimir M.",URS,2540,1969,0
36,"Benko, Pal C.",USA,2540,1969,0
36,"Ivkov, Borislav",YUG,2540,1969,0
45,"Panno, Oscar",ARG,2530,1969,0
45,"Mecking, Henrique",BRA,2530,1969,0
45,"Tringov, Georgi P.",BUL,2530,1969,0
45,"Ciric, Dragoljub M.",YUG,2530,1969,0
45,"Matanovic, Aleksandar",YUG,2530,1969,0
45,"Parma, Bruno",YUG,2530,1969,0
51,"Sanguinetti, Raul",ARG,2520,1969,0
51,"Kavalek, Lubomir",CSR,2520,1969,0
51,"Khasin, Abram",URS,2520,1969,0
51,"Nei, Iivo",URS,2520,1969,0
51,"Nikolaevsky, Yuri V.",URS,2520,1969,0
51,"Sakharov, Yuri N.",URS,2520,1969,0
51,"Shamkovich, Leonid",URS,2520,1969,0
51,"Zaitsev, Igor A.",URS,2520,1969,0
51,"Byrne, Robert E.",USA,2520,1969,0
60,"Bolbochan, Julio",ARG,2510,1969,0
60,"Filip, Miroslav",CSR,2510,1969,0
60,"Pachman, Ludek",CSR,2510,1969,0
60,"Kotov, Alexander",URS,2510,1969,0
60,"Sergievsky, Vladimir D.",URS,2510,1969,0
60,"Simagin, Vladimir",URS,2510,1969,0
66,"Bobotsov, Milko G.",BUL,2500,1969,0
66,"Hamann, Svend",DEN,2500,1969,0
66,"Penrose, Jonathan",ENG,2500,1969,0
66,"Pfleger, Helmut",GER,2500,1969,0
66,"Barcza, Gedeon",HUN,2500,1969,0
66,"Bilek, Istvan",HUN,2500,1969,0
66,"Donner, Jan-Hein",NED,2500,1969,0
66,"Gurgenidze, Bukhuti",URS,2500,1969,0
66,"Lombardy, William J.",USA,2500,1969,0
75,"Pomar Salamanca, Arturo",ESP,2490,1969,0
75,"Huebner, Robert",GER,2490,1969,0
75,"Dely, Peter",HUN,2490,1969,0
75,"Forintos, Gyozo V.",HUN,2490,1969,0
75,"Szabo, Laszlo",HUN,2490,1969,0
75,"Klovan, Janis",URS,2490,1969,0
75,"Razuvaev, Yuri S.",URS,2490,1969,0
75,"Tseshkovsky, Vitaly",URS,2490,1969,0
75,"Tukmakov, Vladimir B.",URS,2490,1969,0
75,"Yudovich, Mikhail M.",URS,2490,1969,0
75,"Zheliandinov, Viktor",URS,2490,1969,0
75,"Bukic, Enver",YUG,2490,1969,0
75,"Karaklajic, Nikola",YUG,2490,1969,0
75,"Minic, Dragoljub",YUG,2490,1969,0
89,"Padevsky, Nikola",BUL,2480,1969,0
89,"Teschner, Rudolf",GER,2480,1969,0
89,"Lengyel, Levente",HUN,2480,1969,0
89,"Bagirov, Vladimir",URS,2480,1969,0
89,"Balashov, Yuri S.",URS,2480,1969,0
89,"Flohr, Salomon",URS,2480,1969,0
89,"Podgaets, Mikhail",URS,2480,1969,0
89,"Zhukhovitsky, Samuel",URS,2480,1969,0
89,"Zuckerman, Bernard",USA,2480,1969,0
89,"Kurajica, Bojan",YUG,2480,1969,0
89,"Trifunovic, Petar",YUG,2480,1969,0
89,"Velimirovic, Dragoljub",YUG,2480,1969,0
1,"Fischer, Robert James",USA,2720,1970,0
2,"Korchnoi, Viktor",URS,2670,1970,0
2,"Spassky, Boris V.",URS,2670,1970,0
4,"Geller, Efim P.",URS,2660,1970,0
5,"Larsen, Bent",DEN,2650,1970,0
5,"Petrosian, Tigran",URS,2650,1970,0
7,"Botvinnik, Mikhail",URS,2640,1970,0
7,"Polugaevsky, Lev",URS,2640,1970,0
9,"Portisch, Lajos",HUN,2630,1970,0
10,"Smyslov, Vassily",URS,2620,1970,0
10,"Stein, Leonid",URS,2620,1970,0
12,"Hort, Vlastimil",CSR,2610,1970,0
13,"Keres, Paul",URS,2600,1970,0
13,"Taimanov, Mark E.",URS,2600,1970,0
15,"Krogius, Nikolai V.",URS,2590,1970,0
15,"Tal, Mikhail N.",URS,2590,1970,0
15,"Reshevsky, Samuel H.",USA,2590,1970,0
18,"Gipslis, Aivars",URS,2580,1970,0
18,"Gligoric, Svetozar",YUG,2580,1970,0
20,"Najdorf, Miguel",ARG,2570,1970,0
20,"Uhlmann, Wolfgang",GDR,2570,1970,0
20,"Bronstein, David I.",URS,2570,1970,0
20,"Furman, Semyen A.",URS,2570,1970,0
20,"Ivkov, Borislav",YUG,2570,1970,0
25,"Olafsson, Fridrik",ISL,2560,1970,0
25,"Kholmov, Ratmir D.",URS,2560,1970,0
25,"Savon, Vladimir A.",URS,2560,1970,0
25,"Evans, Larry M.",USA,2560,1970,0
25,"Matulovic, Milan",YUG,2560,1970,0
30,"Darga, Klaus",GER,2550,1970,0
30,"Unzicker, Wolfgang",GER,2550,1970,0
30,"Antoshin, Vladimir S.",URS,2550,1970,0
30,"Averbakh, Yuri L.",URS,2550,1970,0
30,"Vasiukov, Evgeni",URS,2550,1970,0
30,"Zaitsev, Alexander",URS,2550,1970,0
36,"Mecking, Henrique",BRA,2540,1970,0
36,"Schmid, Lothar",GER,2540,1970,0
36,"Balashov, Yuri S.",URS,2540,1970,0
36,"Liberzon, Vladimir M.",URS,2540,1970,0
36,"Osnos, Viatcheslav",URS,2540,1970,0
36,"Shamkovich, Leonid",URS,2540,1970,0
36,"Benko, Pal C.",USA,2540,1970,0
43,"Panno, Oscar",ARG,2530,1970,0
43,"Averkin, Orest N.",URS,2530,1970,0
43,"Gurgenidze, Bukhuti",URS,2530,1970,0
43,"Kuzmin, Gennadi P.",URS,2530,1970,0
43,"Lutikov, Anatoly S.",URS,2530,1970,0
43,"Parma, Bruno",YUG,2530,1970,0
49,"Sanguinetti, Raul",ARG,2520,1970,0
49,"Filip, Miroslav",CSR,2520,1970,0
49,"Gheorghiu, Florin",ROM,2520,1970,0
49,"Gufeld, Eduard",URS,2520,1970,0
49,"Khasin, Abram",URS,2520,1970,0
49,"Nikolaevsky, Yuri V.",URS,2520,1970,0
49,"Lombardy, William J.",USA,2520,1970,0
49,"Ciric, Dragoljub M.",YUG,2520,1970,0
49,"Matanovic, Aleksandar",YUG,2520,1970,0
58,"Bolbochan, Julio",ARG,2510,1970,0
58,"Kavalek, Lubomir",CSR,2510,1970,0
58,"Pachman, Ludek",CSR,2510,1970,0
58,"Huebner, Robert",GER,2510,1970,0
58,"Kotov, Alexander",URS,2510,1970,0
58,"Lein, Anatoly",URS,2510,1970,0
58,"Nei, Iivo",URS,2510,1970,0
58,"Platonov, Igor V.",URS,2510,1970,0
58,"Sakharov, Yuri N.",URS,2510,1970,0
58,Sergeevsky,URS,2510,1970,0
58,"Zhukhovitsky, Samuel",URS,2510,1970,0
58,"Byrne, Robert E.",USA,2510,1970,0
70,"Tringov, Georgi P.",BUL,2500,1970,0
70,"Hamann, Svend",DEN,2500,1970,0
70,"Pomar Salamanca, Arturo",ESP,2500,1970,0
70,"Pfleger, Helmut",GER,2500,1970,0
70,"Klovan, Janis",URS,2500,1970,0
70,"Vladimirov, Boris T.",URS,2500,1970,0
70,"Zaitsev, Igor A.",URS,2500,1970,0
70,"Karaklajic, Nikola",YUG,2500,1970,0
78,"Radulov, Ivan",BUL,2490,1970,0
78,"Penrose, Jonathan",ENG,2490,1970,0
78,"Dely, Peter",HUN,2490,1970,0
78,"Lengyel, Levente",HUN,2490,1970,0
78,"Ciocaltea, Victor",ROM,2490,1970,0
78,"Bagirov, Vladimir",URS,2490,1970,0
78,"Kapengut, Albert Z.",URS,2490,1970,0
78,"Kupreichik, Viktor D.",URS,2490,1970,0
78,"Razuvaev, Yuri S.",URS,2490,1970,0
78,"Tukmakov, Vladimir B.",URS,2490,1970,0
78,"Yudovich, Mikhail M.",URS,2490,1970,0
78,"Zheliandinov, Viktor",URS,2490,1970,0
78,"Addison, Wiliam G.",USA,2490,1970,0
91,"Browne, Walter S.",AUS,2480,1970,0
91,"Bobotsov, Milko G.",BUL,2480,1970,0
91,"Spiridonov, Nikola",BUL,2480,1970,0
91,"Teschner, Rudolf",GER,2480,1970,0
91,"Bilek, Istvan",HUN,2480,1970,0
91,"Forintos, Gyozo V.",HUN,2480,1970,0
91,"Ribli, Zoltan",HUN,2480,1970,0
91,"Mariotti, Sergio",ITA,2480,1970,0
91,"Donner, Jan-Hein",NED,2480,1970,0
91,"Andersson, Ulf",SWE,2480,1970,0
1,"Fischer, Robert James",USA,2740,1971,1
2,"Spassky, Boris V.",URS,2690,1971,1
3,"Larsen, Bent",DEN,2660,1971,1
3,"Korchnoi, Viktor",URS,2660,1971,1
5,"Petrosian, Tigran",URS,2640,1971,1
6,"Portisch, Lajos",HUN,2630,1971,1
6,"Botvinnik, Mikhail",URS,2630,1971,1
6,"Geller, Efim P.",URS,2630,1971,1
6,"Polugaevsky, Lev",URS,2630,1971,1
10,"Smyslov, Vassily",URS,2620,1971,1
10,"Stein, Leonid",URS,2620,1971,1
10,"Taimanov, Mark E.",URS,2620,1971,1
13,"Tal, Mikhail N.",URS,2610,1971,1
14,"Hort, Vlastimil",CSR,2600,1971,1
14,"Keres, Paul",URS,2600,1971,1
14,"Gligoric, Svetozar",YUG,2600,1971,1
17,"Huebner, Robert",GER,2590,1971,1
17,"Bronstein, David I.",URS,2590,1971,1
19,"Uhlmann, Wolfgang",GDR,2580,1971,1
19,"Gipslis, Aivars",URS,2580,1971,1
19,"Krogius, Nikolai V.",URS,2580,1971,1
19,"Tukmakov, Vladimir B.",URS,2580,1971,1
23,"Panno, Oscar",ARG,2570,1971,1
23,"Olafsson, Fridrik",ISL,2570,1971,1
23,"Balashov, Yuri S.",URS,2570,1971,1
23,"Savon, Vladimir A.",URS,2570,1971,1
23,"Vasiukov, Evgeni",URS,2570,1971,1
23,"Ivkov, Borislav",YUG,2570,1971,1
29,"Najdorf, Miguel",ARG,2560,1971,1
29,"Boleslavsky, Isaak",URS,2560,1971,1
29,"Kuzmin, Gennadi P.",URS,2560,1971,1
29,"Suetin, Alexey S.",URS,2560,1971,1
29,"Reshevsky, Samuel H.",USA,2560,1971,1
34,"Mecking, Henrique",BRA,2550,1971,1
34,"Darga, Klaus",GER,2550,1971,1
34,"Schmid, Lothar",GER,2550,1971,1
34,"Averbakh, Yuri L.",URS,2550,1971,1
34,"Furman, Semyen A.",URS,2550,1971,1
34,"Kholmov, Ratmir D.",URS,2550,1971,1
34,"Benko, Pal C.",USA,2550,1971,1
34,"Evans, Larry M.",USA,2550,1971,1
34,"Matulovic, Milan",YUG,2550,1971,1
43,"Unzicker, Wolfgang",GER,2540,1971,1
43,"Gheorghiu, Florin",ROM,2540,1971,1
43,"Gurgenidze, Bukhuti",URS,2540,1971,1
43,"Karpov, Anatoly",URS,2540,1971,1
43,"Liberzon, Vladimir M.",URS,2540,1971,1
43,"Lutikov, Anatoly S.",URS,2540,1971,1
43,"Osnos, Viatcheslav",URS,2540,1971,1
43,"Kavalek, Lubomir",USA,2540,1971,1
51,"Sanguinetti, Raul",ARG,2530,1971,1
51,"Podgaets, Mikhail",URS,2530,1971,1
53,"Antoshin, Vladimir S.",URS,2520,1971,1
53,"Gufeld, Eduard",URS,2520,1971,1
53,"Shamkovich, Leonid",URS,2520,1971,1
53,"Zaitsev, Alexander",URS,2520,1971,1
53,"Zaitsev, Igor A.",URS,2520,1971,1
53,"Byrne, Robert E.",USA,2520,1971,1
53,"Lombardy, William J.",USA,2520,1971,1
53,"Matanovic, Aleksandar",YUG,2520,1971,1
61,"Browne, Walter S.",AUS,2510,1971,1
61,"Filip, Miroslav",CSR,2510,1971,1
61,"Pachman, Ludek",CSR,2510,1971,1
61,"Smejkal, Jan",CSR,2510,1971,1
61,"Pfleger, Helmut",GER,2510,1971,1
61,"Szabo, Laszlo",HUN,2510,1971,1
61,"Bagirov, Vladimir",URS,2510,1971,1
61,"Kotov, Alexander",URS,2510,1971,1
61,"Lein, Anatoly",URS,2510,1971,1
61,"Ljubojevic, Ljubomir",YUG,2510,1971,1
61,"Parma, Bruno",YUG,2510,1971,1
61,"Planinc, Albin",YUG,2510,1971,1
73,"Bolbochan, Julio",ARG,2500,1971,1
73,"Pomar Salamanca, Arturo",ESP,2500,1971,1
73,"Bilek, Istvan",HUN,2500,1971,1
73,"Forintos, Gyozo V.",HUN,2500,1971,1
73,"Sigurjonsson, Gudmundur",ISL,2500,1971,1
73,"Donner, Jan-Hein",NED,2500,1971,1
73,"Kupreichik, Viktor D.",URS,2500,1971,1
73,"Nei, Iivo",URS,2500,1971,1
73,"Ciric, Dragoljub M.",YUG,2500,1971,1
73,"Damjanovic, Mato",YUG,2500,1971,1
83,"Tringov, Georgi P.",BUL,2490,1971,1
83,"Hamann, Svend",DEN,2490,1971,1
83,"Csom, Istvan",HUN,2490,1971,1
83,"Lengyel, Levente",HUN,2490,1971,1
83,"Nikolaevsky, Yuri V.",URS,2490,1971,1
83,"Sakharov, Yuri N.",URS,2490,1971,1
83,"Addison, Wiliam G.",USA,2490,1971,1
83,"Karaklajic, Nikola",YUG,2490,1971,1
83,"Kurajica, Bojan",YUG,2490,1971,1
83,"Minic, Dragoljub",YUG,2490,1971,1
83,"Velimirovic, Dragoljub",YUG,2490,1971,1
94,"Suttles, Duncan",CAN,2480,1971,1
94,"Keene, Raymond D.",ENG,2480,1971,1
94,"Barcza, Gedeon",HUN,2480,1971,1
94,"Dely, Peter",HUN,2480,1971,1
94,"Andersson, Ulf",SWE,2480,1971,1
94,"Dzindzikhashvili, Roman",URS,2480,1971,1
94,"Khasin, Abram",URS,2480,1971,1
1,"Fischer, Robert James",USA,2760,1971,7
2,"Spassky, Boris V.",URS,2690,1971,7
3,"Korchnoi, Viktor",URS,2670,1971,7
4,"Larsen, Bent",DEN,2660,1971,7
5,"Petrosian, Tigran",URS,2640,1971,7
5,"Polugaevsky, Lev",URS,2640,1971,7
7,"Portisch, Lajos",HUN,2630,1971,7
7,"Botvinnik, Mikhail",URS,2630,1971,7
9,"Smyslov, Vassily",URS,2620,1971,7
9,"Tal, Mikhail N.",URS,2620,1971,7
11,"Geller, Efim P.",URS,2615,1971,7
11,"Keres, Paul",URS,2615,1971,7
13,"Hort, Vlastimil",CSR,2605,1971,7
13,"Stein, Leonid",URS,2605,1971,7
15,"Taimanov, Mark E.",URS,2600,1971,7
15,"Gligoric, Svetozar",YUG,2600,1971,7
17,"Huebner, Robert",GER,2590,1971,7
17,"Bronstein, David I.",URS,2590,1971,7
19,"Gipslis, Aivars",URS,2580,1971,7
20,"Krogius, Nikolai V.",URS,2575,1971,7
21,"Panno, Oscar",ARG,2570,1971,7
21,"Uhlmann, Wolfgang",GDR,2570,1971,7
21,"Olafsson, Fridrik",ISL,2570,1971,7
21,"Balashov, Yuri S.",URS,2570,1971,7
21,"Savon, Vladimir A.",URS,2570,1971,7
21,"Vasiukov, Evgeni",URS,2570,1971,7
27,"Tukmakov, Vladimir B.",URS,2565,1971,7
28,"Boleslavsky, Isaak",URS,2560,1971,7
28,"Kuzmin, Gennadi P.",URS,2560,1971,7
28,"Suetin, Alexey S.",URS,2560,1971,7
28,"Ivkov, Borislav",YUG,2560,1971,7
32,"Schmid, Lothar",GER,2550,1971,7
32,"Averbakh, Yuri L.",URS,2550,1971,7
32,"Kholmov, Ratmir D.",URS,2550,1971,7
32,"Evans, Larry M.",USA,2550,1971,7
32,"Kavalek, Lubomir",USA,2550,1971,7
32,"Reshevsky, Samuel H.",USA,2550,1971,7
38,"Unzicker, Wolfgang",GER,2545,1971,7
39,"Mecking, Henrique",BRA,2540,1971,7
39,"Darga, Klaus",GER,2540,1971,7
39,"Furman, Semyen A.",URS,2540,1971,7
39,"Gurgenidze, Bukhuti",URS,2540,1971,7
39,"Karpov, Anatoly",URS,2540,1971,7
39,"Liberzon, Vladimir M.",URS,2540,1971,7
39,"Lutikov, Anatoly S.",URS,2540,1971,7
39,"Osnos, Viatcheslav",URS,2540,1971,7
47,"Najdorf, Miguel",ARG,2530,1971,7
47,"Sanguinetti, Raul",ARG,2530,1971,7
47,"Gheorghiu, Florin",ROM,2530,1971,7
47,"Podgaets, Mikhail",URS,2530,1971,7
47,"Zaitsev, Alexander",URS,2530,1971,7
47,"Matulovic, Milan",YUG,2530,1971,7
47,"Parma, Bruno",YUG,2530,1971,7
54,"Szabo, Laszlo",HUN,2525,1971,7
55,"Gufeld, Eduard",URS,2520,1971,7
55,"Shamkovich, Leonid",URS,2520,1971,7
55,"Zaitsev, Igor A.",URS,2520,1971,7
55,"Benko, Pal C.",USA,2520,1971,7
55,"Lombardy, William J.",USA,2520,1971,7
55,"Matanovic, Aleksandar",YUG,2520,1971,7
61,"Smejkal, Jan",CSR,2515,1971,7
61,"Pfleger, Helmut",GER,2515,1971,7
63,"Filip, Miroslav",CSR,2510,1971,7
63,"Pachman, Ludek",CSR,2510,1971,7
63,"Markland, Peter R.",ENG,2510,1971,7
63,"Pomar Salamanca, Arturo",ESP,2510,1971,7
63,"Ozsvath, Andras",HUN,2510,1971,7
63,"Andersson, Ulf",SWE,2510,1971,7
63,"Antoshin, Vladimir S.",URS,2510,1971,7
63,"Bagirov, Vladimir",URS,2510,1971,7
63,"Kotov, Alexander",URS,2510,1971,7
63,"Lein, Anatoly",URS,2510,1971,7
63,"Vaganian, Rafael A.",URS,2510,1971,7
63,"Byrne, Robert E.",USA,2510,1971,7
63,"Ljubojevic, Ljubomir",YUG,2510,1971,7
63,"Planinc, Albin",YUG,2510,1971,7
77,"Bolbochan, Julio",ARG,2500,1971,7
77,"Browne, Walter S.",AUS,2500,1971,7
77,"Sigurjonsson, Gudmundur",ISL,2500,1971,7
77,"Donner, Jan-Hein",NED,2500,1971,7
77,"Kupreichik, Viktor D.",URS,2500,1971,7
82,"Nei, Iivo",URS,2495,1971,7
83,"Tringov, Georgi P.",BUL,2490,1971,7
83,"Hamann, Svend",DEN,2490,1971,7
83,"Barcza, Gedeon",HUN,2490,1971,7
83,"Bilek, Istvan",HUN,2490,1971,7
83,"Nikolaevsky, Yuri V.",URS,2490,1971,7
83,"Sakharov, Yuri N.",URS,2490,1971,7
83,"Addison, Wiliam G.",USA,2490,1971,7
83,"Ciric, Dragoljub M.",YUG,2490,1971,7
83,"Damjanovic, Mato",YUG,2490,1971,7
83,"Karaklajic, Nikola",YUG,2490,1971,7
83,"Kurajica, Bojan",YUG,2490,1971,7
83,"Minic, Dragoljub",YUG,2490,1971,7
83,"Velimirovic, Dragoljub",YUG,2490,1971,7
96,"Bobotsov, Milko G.",BUL,2485,1971,7
96,"Radulov, Ivan",BUL,2485,1971,7
96,"Forintos, Gyozo V.",HUN,2485,1971,7
96,"Lengyel, Levente",HUN,2485,1971,7
100,"Suttles, Duncan",CAN,2480,1971,7
1,"Fischer, Robert James",USA,2785,1972,7
2,"Spassky, Boris V.",URS,2660,1972,7
3,"Petrosian, Tigran",URS,2645,1972,7
3,"Polugaevsky, Lev",URS,2645,1972,7
5,"Portisch, Lajos",HUN,2640,1972,7
5,"Korchnoi, Viktor",URS,2640,1972,7
7,"Botvinnik, Mikhail",URS,2630,1972,7
7,"Karpov, Anatoly",URS,2630,1972,7
9,"Larsen, Bent",DEN,2625,1972,7
9,"Tal, Mikhail N.",URS,2625,1972,7
11,"Smyslov, Vassily",URS,2620,1972,7
11,"Stein, Leonid",URS,2620,1972,7
13,"Hort, Vlastimil",CSR,2600,1972,7
13,"Keres, Paul",URS,2600,1972,7
15,"Savon, Vladimir A.",URS,2595,1972,7
16,"Huebner, Robert",GER,2590,1972,7
16,"Geller, Efim P.",URS,2590,1972,7
16,"Taimanov, Mark E.",URS,2590,1972,7
19,"Bronstein, David I.",URS,2585,1972,7
20,"Vasiukov, Evgeni",URS,2575,1972,7
20,"Gligoric, Svetozar",YUG,2575,1972,7
22,"Panno, Oscar",ARG,2570,1972,7
22,"Mecking, Henrique",BRA,2570,1972,7
22,"Olafsson, Fridrik",ISL,2570,1972,7
25,"Reshevsky, Samuel H.",USA,2565,1972,7
26,"Balashov, Yuri S.",URS,2560,1972,7
26,"Gipslis, Aivars",URS,2560,1972,7
26,"Krogius, Nikolai V.",URS,2560,1972,7
26,"Tukmakov, Vladimir B.",URS,2560,1972,7
26,"Byrne, Robert E.",USA,2560,1972,7
31,"Szabo, Laszlo",HUN,2555,1972,7
31,"Kavalek, Lubomir",USA,2555,1972,7
33,"Schmid, Lothar",GER,2550,1972,7
33,"Averbakh, Yuri L.",URS,2550,1972,7
33,"Kholmov, Ratmir D.",URS,2550,1972,7
33,"Suetin, Alexey S.",URS,2550,1972,7
33,"Ljubojevic, Ljubomir",YUG,2550,1972,7
38,"Smejkal, Jan",CSR,2545,1972,7
38,"Pfleger, Helmut",GER,2545,1972,7
38,"Lutikov, Anatoly S.",URS,2545,1972,7
38,"Evans, Larry M.",USA,2545,1972,7
42,"Najdorf, Miguel",ARG,2540,1972,7
42,"Darga, Klaus",GER,2540,1972,7
42,"Liberzon, Vladimir M.",URS,2540,1972,7
45,"Andersson, Ulf",SWE,2535,1972,7
45,"Shamkovich, Leonid",URS,2535,1972,7
47,"Sanguinetti, Raul",ARG,2530,1972,7
47,"Browne, Walter S.",AUS,2530,1972,7
47,"Uhlmann, Wolfgang",GDR,2530,1972,7
47,"Unzicker, Wolfgang",GER,2530,1972,7
47,"Boleslavsky, Isaak",URS,2530,1972,7
47,"Lein, Anatoly",URS,2530,1972,7
53,"Gufeld, Eduard",URS,2525,1972,7
53,"Matulovic, Milan",YUG,2525,1972,7
55,"Gheorghiu, Florin",ROM,2520,1972,7
55,"Furman, Semyen A.",URS,2520,1972,7
55,"Gurgenidze, Bukhuti",URS,2520,1972,7
55,"Kuzmin, Gennadi P.",URS,2520,1972,7
55,"Lombardy, William J.",USA,2520,1972,7
55,"Ivkov, Borislav",YUG,2520,1972,7
55,"Planinc, Albin",YUG,2520,1972,7
62,"Bagirov, Vladimir",URS,2515,1972,7
62,"Platonov, Igor V.",URS,2515,1972,7
62,"Benko, Pal C.",USA,2515,1972,7
62,"Matanovic, Aleksandar",YUG,2515,1972,7
66,"Filip, Miroslav",CSR,2510,1972,7
66,"Pachman, Ludek",CSR,2510,1972,7
66,"Antoshin, Vladimir S.",URS,2510,1972,7
66,"Osnos, Viatcheslav",URS,2510,1972,7
66,"Vaganian, Rafael A.",URS,2510,1972,7
66,"Zaitsev, Igor A.",URS,2510,1972,7
66,"Parma, Bruno",YUG,2510,1972,7
73,"Ribli, Zoltan",HUN,2505,1972,7
74,"Bolbochan, Julio",ARG,2500,1972,7
74,"Dzindzikhashvili, Roman",URS,2500,1972,7
74,"Velimirovic, Dragoljub",YUG,2500,1972,7
77,"Forintos, Gyozo V.",HUN,2495,1972,7
78,"Radulov, Ivan",BUL,2490,1972,7
78,"Hamann, Svend",DEN,2490,1972,7
78,"Malich, Burkhard",GDR,2490,1972,7
78,"Averkin, Orest N.",URS,2490,1972,7
78,"Dementiev, Oleg I.",URS,2490,1972,7
78,"Dvoretzky, Mark",URS,2490,1972,7
78,"Grigorian, Levon A.",URS,2490,1972,7
78,"Razuvaev, Yuri S.",URS,2490,1972,7
78,"Sakharov, Yuri N.",URS,2490,1972,7
78,"Zhidkov, Valery S.",URS,2490,1972,7
78,"Addison, Wiliam G.",USA,2490,1972,7
89,"Hecht, Hans-Joachim",GER,2485,1972,7
89,"Bilek, Istvan",HUN,2485,1972,7
89,"Csom, Istvan",HUN,2485,1972,7
89,"Kapengut, Albert Z.",URS,2485,1972,7
89,"Nei, Iivo",URS,2485,1972,7
89,"Podgaets, Mikhail",URS,2485,1972,7
95,"Jansa, Vlastimil",CSR,2480,1972,7
95,"Dely, Peter",HUN,2480,1972,7
95,"Sigurjonsson, Gudmundur",ISL,2480,1972,7
95,"Ree, Hans",NED,2480,1972,7
95,"Timman, Jan H.",NED,2480,1972,7
95,"Nikolaevsky, Yuri V.",URS,2480,1972,7
1,"Fischer, Robert James",USA,2780,1973,7
2,"Karpov, Anatoly",URS,2660,1973,7
2,"Tal, Mikhail N.",URS,2660,1973,7
4,"Spassky, Boris V.",URS,2655,1973,7
5,"Portisch, Lajos",HUN,2650,1973,7
5,"Korchnoi, Viktor",URS,2650,1973,7
7,"Petrosian, Tigran",URS,2640,1973,7
8,"Botvinnik, Mikhail",URS,2630,1973,7
9,"Polugaevsky, Lev",URS,2625,1973,7
10,"Larsen, Bent",DEN,2620,1973,7
11,"Smyslov, Vassily",URS,2610,1973,7
12,"Geller, Efim P.",URS,2605,1973,7
12,"Stein, Leonid",URS,2605,1973,7
12,"Byrne, Robert E.",USA,2605,1973,7
15,"Huebner, Robert",GER,2600,1973,7
16,"Smejkal, Jan",CSR,2595,1973,7
16,"Gligoric, Svetozar",YUG,2595,1973,7
18,"Hort, Vlastimil",CSR,2590,1973,7
19,"Panno, Oscar",ARG,2585,1973,7
19,"Taimanov, Mark E.",URS,2585,1973,7
21,"Balashov, Yuri S.",URS,2580,1973,7
21,"Keres, Paul",URS,2580,1973,7
23,"Mecking, Henrique",BRA,2575,1973,7
23,"Kuzmin, Gennadi P.",URS,2575,1973,7
23,"Savon, Vladimir A.",URS,2575,1973,7
26,"Olafsson, Fridrik",ISL,2570,1973,7
26,"Bronstein, David I.",URS,2570,1973,7
28,"Szabo, Laszlo",HUN,2565,1973,7
28,"Kavalek, Lubomir",USA,2565,1973,7
28,"Ljubojevic, Ljubomir",YUG,2565,1973,7
31,"Uhlmann, Wolfgang",GDR,2560,1973,7
31,"Krogius, Nikolai V.",URS,2560,1973,7
31,"Vasiukov, Evgeni",URS,2560,1973,7
31,"Reshevsky, Samuel H.",USA,2560,1973,7
35,"Andersson, Ulf",SWE,2555,1973,7
36,"Schmid, Lothar",GER,2550,1973,7
36,"Gheorghiu, Florin",ROM,2550,1973,7
38,"Averbakh, Yuri L.",URS,2545,1973,7
38,"Lein, Anatoly",URS,2545,1973,7
38,"Tukmakov, Vladimir B.",URS,2545,1973,7
41,"Csom, Istvan",HUN,2540,1973,7
41,"Furman, Semyen A.",URS,2540,1973,7
41,"Gipslis, Aivars",URS,2540,1973,7
41,"Shamkovich, Leonid",URS,2540,1973,7
45,"Unzicker, Wolfgang",GER,2535,1973,7
45,"Evans, Larry M.",USA,2535,1973,7
47,"Radulov, Ivan",BUL,2530,1973,7
47,"Boleslavsky, Isaak",URS,2530,1973,7
47,"Benko, Pal C.",USA,2530,1973,7
47,"Browne, Walter S.",USA,2530,1973,7
51,"Najdorf, Miguel",ARG,2525,1973,7
51,"Ribli, Zoltan",HUN,2525,1973,7
51,"Mukhin, Mikhail A.",URS,2525,1973,7
51,"Matulovic, Milan",YUG,2525,1973,7
51,"Planinc, Albin",YUG,2525,1973,7
56,"Quinteros, Miguel A.",ARG,2520,1973,7
56,"Pfleger, Helmut",GER,2520,1973,7
56,"Bagirov, Vladimir",URS,2520,1973,7
56,"Dzindzikhashvili, Roman",URS,2520,1973,7
56,"Kholmov, Ratmir D.",URS,2520,1973,7
56,"Lutikov, Anatoly S.",URS,2520,1973,7
56,"Tseshkovsky, Vitaly",URS,2520,1973,7
56,"Lombardy, William J.",USA,2520,1973,7
56,"Ivkov, Borislav",YUG,2520,1973,7
65,"Pachman, Ludek",CSR,2515,1973,7
65,"Adorjan, Andras",HUN,2515,1973,7
65,"Antoshin, Vladimir S.",URS,2515,1973,7
65,"Liberzon, Vladimir M.",URS,2515,1973,7
65,"Suetin, Alexey S.",URS,2515,1973,7
70,"Gurgenidze, Bukhuti",URS,2510,1973,7
70,"Osnos, Viatcheslav",URS,2510,1973,7
70,"Razuvaev, Yuri S.",URS,2510,1973,7
70,"Velimirovic, Dragoljub",YUG,2510,1973,7
74,"Hecht, Hans-Joachim",GER,2505,1973,7
75,"Bolbochan, Julio",ARG,2500,1973,7
75,"Darga, Klaus",GER,2500,1973,7
75,"Bilek, Istvan",HUN,2500,1973,7
75,"Gufeld, Eduard",URS,2500,1973,7
75,"Platonov, Igor V.",URS,2500,1973,7
75,"Vaganian, Rafael A.",URS,2500,1973,7
75,"Parma, Bruno",YUG,2500,1973,7
82,"Diez Del Corral, Jesus",ESP,2495,1973,7
82,"Malich, Burkhard",GDR,2495,1973,7
82,"Nei, Iivo",URS,2495,1973,7
82,"Zhidkov, Valery S.",URS,2495,1973,7
86,"Padevsky, Nikola",BUL,2490,1973,7
86,"Filip, Miroslav",CSR,2490,1973,7
86,"Grigorian, Levon A.",URS,2490,1973,7
86,"Kapengut, Albert Z.",URS,2490,1973,7
86,"Kochyev, Alexander",URS,2490,1973,7
86,"Sakharov, Yuri N.",URS,2490,1973,7
86,"Addison, Wiliam G.",USA,2490,1973,7
86,"Matanovic, Aleksandar",YUG,2490,1973,7
94,"Suttles, Duncan",CAN,2485,1973,7
94,"Liebert, Heinz",GDR,2485,1973,7
94,"Dvoretzky, Mark",URS,2485,1973,7
94,"Grigorian, Karen A.",URS,2485,1973,7
94,"Rashkovsky, Nukhim N.",URS,2485,1973,7
94,"Kovacevic, Vladimir",YUG,2485,1973,7
100,"Dely, Peter",HUN,2480,1973,7
1,"Fischer, Robert James",USA,2780,1974,5
2,"Karpov, Anatoly",URS,2700,1974,5
3,"Korchnoi, Viktor",URS,2670,1974,5
4,"Spassky, Boris V.",URS,2650,1974,5
5,"Portisch, Lajos",HUN,2645,1974,5
6,"Petrosian, Tigran",URS,2640,1974,5
7,"Tal, Mikhail N.",URS,2635,1974,5
8,"Larsen, Bent",DEN,2630,1974,5
8,"Polugaevsky, Lev",URS,2630,1974,5
10,"Kavalek, Lubomir",USA,2625,1974,5
11,"Mecking, Henrique",BRA,2615,1974,5
11,"Huebner, Robert",GER,2615,1974,5
13,"Geller, Efim P.",URS,2610,1974,5
14,"Ljubojevic, Ljubomir",YUG,2605,1974,5
15,"Hort, Vlastimil",CSR,2600,1974,5
15,"Smejkal, Jan",CSR,2600,1974,5
15,"Kuzmin, Gennadi P.",URS,2600,1974,5
15,"Smyslov, Vassily",URS,2600,1974,5
19,"Bronstein, David I.",URS,2595,1974,5
19,"Byrne, Robert E.",USA,2595,1974,5
21,"Gligoric, Svetozar",YUG,2585,1974,5
22,"Andersson, Ulf",SWE,2580,1974,5
22,"Taimanov, Mark E.",URS,2580,1974,5
24,"Savon, Vladimir A.",URS,2575,1974,5
24,"Browne, Walter S.",USA,2575,1974,5
26,"Krogius, Nikolai V.",URS,2570,1974,5
26,"Tukmakov, Vladimir B.",URS,2570,1974,5
28,"Keres, Paul",URS,2565,1974,5
29,"Furman, Semyen A.",URS,2560,1974,5
29,"Vasiukov, Evgeni",URS,2560,1974,5
31,"Szabo, Laszlo",HUN,2555,1974,5
32,"Uhlmann, Wolfgang",GDR,2550,1974,5
32,"Schmid, Lothar",GER,2550,1974,5
32,"Olafsson, Fridrik",ISL,2550,1974,5
32,"Reshevsky, Samuel H.",USA,2550,1974,5
36,"Kholmov, Ratmir D.",URS,2545,1974,5
36,"Lutikov, Anatoly S.",URS,2545,1974,5
36,"Planinc, Albin",YUG,2545,1974,5
39,"Panno, Oscar",ARG,2540,1974,5
39,"Csom, Istvan",HUN,2540,1974,5
39,"Timman, Jan H.",NED,2540,1974,5
39,"Gheorghiu, Florin",ROM,2540,1974,5
39,"Balashov, Yuri S.",URS,2540,1974,5
39,"Lein, Anatoly",URS,2540,1974,5
39,"Vaganian, Rafael A.",URS,2540,1974,5
46,"Jansa, Vlastimil",CSR,2535,1974,5
46,"Pfleger, Helmut",GER,2535,1974,5
46,"Unzicker, Wolfgang",GER,2535,1974,5
46,"Gufeld, Eduard",URS,2535,1974,5
50,"Sanguinetti, Raul",ARG,2530,1974,5
50,"Euwe, Max",NED,2530,1974,5
50,"Boleslavsky, Isaak",URS,2530,1974,5
50,"Gipslis, Aivars",URS,2530,1974,5
50,"Ivkov, Borislav",YUG,2530,1974,5
50,"Matulovic, Milan",YUG,2530,1974,5
50,"Velimirovic, Dragoljub",YUG,2530,1974,5
57,"Ribli, Zoltan",HUN,2525,1974,5
57,"Averbakh, Yuri L.",URS,2525,1974,5
57,"Evans, Larry M.",USA,2525,1974,5
60,"Najdorf, Miguel",ARG,2520,1974,5
60,"Dzindzikhashvili, Roman",URS,2520,1974,5
60,"Grigorian, Karen A.",URS,2520,1974,5
60,"Razuvaev, Yuri S.",URS,2520,1974,5
60,"Tseshkovsky, Vitaly",URS,2520,1974,5
60,"Lombardy, William J.",USA,2520,1974,5
66,"Diez Del Corral, Jesus",ESP,2515,1974,5
66,"Knaak, Rainer",GDR,2515,1974,5
66,"Malich, Burkhard",GDR,2515,1974,5
66,"Hecht, Hans-Joachim",GER,2515,1974,5
66,"Adorjan, Andras",HUN,2515,1974,5
66,"Antoshin, Vladimir S.",URS,2515,1974,5
66,"Liberzon, Vladimir M.",URS,2515,1974,5
73,"Pachman, Ludek",CSR,2510,1974,5
73,"Rashkovsky, Nukhim N.",URS,2510,1974,5
73,"Benko, Pal C.",USA,2510,1974,5
73,"Kurajica, Bojan",YUG,2510,1974,5
73,"Parma, Bruno",YUG,2510,1974,5
78,"Keene, Raymond D.",ENG,2505,1974,5
78,"Sax, Gyula",HUN,2505,1974,5
78,"Suetin, Alexey S.",URS,2505,1974,5
81,"Shamkovich, Leonid",URS,2502,1974,5
82,"Bolbochan, Julio",ARG,2500,1974,5
82,"Darga, Klaus",GER,2500,1974,5
82,"Schmidt, Wlodzimierz",POL,2500,1974,5
82,"Bagirov, Vladimir",URS,2500,1974,5
82,"Gurgenidze, Bukhuti",URS,2500,1974,5
82,"Kotov, Alexander",URS,2500,1974,5
88,"Quinteros, Miguel A.",ARG,2495,1974,5
88,"Filip, Miroslav",CSR,2495,1974,5
88,"Donner, Jan-Hein",NED,2495,1974,5
88,"Dvoretzky, Mark",URS,2495,1974,5
88,"Klovans, Janis",URS,2495,1974,5
88,"Korensky, Valeri S.",URS,2495,1974,5
88,"Nei, Iivo",URS,2495,1974,5
95,"Radulov, Ivan",BUL,2490,1974,5
95,"Hamann, Svend",DEN,2490,1974,5
95,"Espig, Lutz",GDR,2490,1974,5
95,"Forintos, Gyozo V.",HUN,2490,1974,5
95,"Kochyev, Alexander",URS,2490,1974,5
95,"Osnos, Viatcheslav",URS,2490,1974,5
1,"Fischer, Robert James",USA,2780,1975,1
2,"Karpov, Anatoly",URS,2705,1975,1
3,"Korchnoi, Viktor",URS,2665,1975,1
4,"Petrosian, Tigran",URS,2645,1975,1
4,"Polugaevsky, Lev",URS,2645,1975,1
4,"Tal, Mikhail N.",URS,2645,1975,1
7,"Portisch, Lajos",HUN,2635,1975,1
8,"Larsen, Bent",DEN,2625,1975,1
8,"Spassky, Boris V.",URS,2625,1975,1
10,"Huebner, Robert",GER,2615,1975,1
10,"Ljubojevic, Ljubomir",YUG,2615,1975,1
12,"Mecking, Henrique",BRA,2610,1975,1
13,"Smyslov, Vassily",URS,2605,1975,1
14,"Hort, Vlastimil",CSR,2600,1975,1
14,"Smejkal, Jan",CSR,2600,1975,1
14,"Geller, Efim P.",URS,2600,1975,1
14,"Kuzmin, Gennadi P.",URS,2600,1975,1
14,"Byrne, Robert E.",USA,2600,1975,1
19,"Bronstein, David I.",URS,2590,1975,1
20,"Taimanov, Mark E.",URS,2580,1975,1
21,"Savon, Vladimir A.",URS,2575,1975,1
21,"Gligoric, Svetozar",YUG,2575,1975,1
23,"Krogius, Nikolai V.",URS,2570,1975,1
23,"Tukmakov, Vladimir B.",URS,2570,1975,1
25,"Andersson, Ulf",SWE,2565,1975,1
25,"Keres, Paul",URS,2565,1975,1
27,"Furman, Semyen A.",URS,2560,1975,1
27,"Vasiukov, Evgeni",URS,2560,1975,1
29,"Tseshkovsky, Vitaly",URS,2555,1975,1
29,"Kavalek, Lubomir",USA,2555,1975,1
31,"Browne, Walter S.",USA,2550,1975,1
31,"Ivkov, Borislav",YUG,2550,1975,1
33,"Panno, Oscar",ARG,2545,1975,1
33,"Szabo, Laszlo",HUN,2545,1975,1
33,"Lutikov, Anatoly S.",URS,2545,1975,1
36,"Jansa, Vlastimil",CSR,2540,1975,1
36,"Pfleger, Helmut",GER,2540,1975,1
36,"Schmid, Lothar",GER,2540,1975,1
36,"Gheorghiu, Florin",ROM,2540,1975,1
36,"Balashov, Yuri S.",URS,2540,1975,1
36,"Kholmov, Ratmir D.",URS,2540,1975,1
42,"Uhlmann, Wolfgang",GDR,2535,1975,1
42,"Unzicker, Wolfgang",GER,2535,1975,1
42,"Olafsson, Fridrik",ISL,2535,1975,1
42,"Gufeld, Eduard",URS,2535,1975,1
42,"Lein, Anatoly",URS,2535,1975,1
42,"Planinc, Albin",YUG,2535,1975,1
48,"Sanguinetti, Raul",ARG,2530,1975,1
48,"Csom, Istvan",HUN,2530,1975,1
48,"Boleslavsky, Isaak",URS,2530,1975,1
48,"Gipslis, Aivars",URS,2530,1975,1
48,"Vaganian, Rafael A.",URS,2530,1975,1
48,"Evans, Larry M.",USA,2530,1975,1
48,"Reshevsky, Samuel H.",USA,2530,1975,1
48,"Matulovic, Milan",YUG,2530,1975,1
56,"Dzindzikhashvili, Roman",URS,2525,1975,1
56,"Kurajica, Bojan",YUG,2525,1975,1
56,"Velimirovic, Dragoljub",YUG,2525,1975,1
59,"Malich, Burkhard",GDR,2520,1975,1
59,"Ribli, Zoltan",HUN,2520,1975,1
59,"Grigorian, Karen A.",URS,2520,1975,1
59,"Suetin, Alexey S.",URS,2520,1975,1
63,"Diez Del Corral, Jesus",ESP,2515,1975,1
63,"Adorjan, Andras",HUN,2515,1975,1
63,"Torre, Eugenio",PHI,2515,1975,1
63,"Averbakh, Yuri L.",URS,2515,1975,1
63,"Rashkovsky, Nukhim N.",URS,2515,1975,1
63,"Razuvaev, Yuri S.",URS,2515,1975,1
63,"Benko, Pal C.",USA,2515,1975,1
63,"Lombardy, William J.",USA,2515,1975,1
71,"Najdorf, Miguel",ARG,2510,1975,1
71,"Radulov, Ivan",BUL,2510,1975,1
71,"Knaak, Rainer",GDR,2510,1975,1
71,"Pachman, Ludek",GER,2510,1975,1
71,"Sax, Gyula",HUN,2510,1975,1
71,"Timman, Jan H.",NED,2510,1975,1
71,"Parma, Bruno",YUG,2510,1975,1
78,"Quinteros, Miguel A.",ARG,2505,1975,1
78,"Keene, Raymond D.",ENG,2505,1975,1
78,"Shamkovich, Leonid",ISR,2505,1975,1
81,"Darga, Klaus",GER,2500,1975,1
81,"Beliavsky, Alexander G.",URS,2500,1975,1
81,"Klovans, Janis",URS,2500,1975,1
81,"Kotov, Alexander",URS,2500,1975,1
81,"Podgaets, Mikhail",URS,2500,1975,1
86,"Bilek, Istvan",HUN,2495,1975,1
86,"Mariotti, Sergio",ITA,2495,1975,1
86,"Antoshin, Vladimir S.",URS,2495,1975,1
86,"Dvoretzky, Mark",URS,2495,1975,1
86,"Gurgenidze, Bukhuti",URS,2495,1975,1
86,"Ney, Iivo",URS,2495,1975,1
92,"Espig, Lutz",GDR,2490,1975,1
92,"Hecht, Hans-Joachim",GER,2490,1975,1
92,"Forintos, Gyozo V.",HUN,2490,1975,1
92,"Bagirov, Vladimir",URS,2490,1975,1
92,"Grigorian, Levon A.",URS,2490,1975,1
92,"Karasev, Vladimir I.",URS,2490,1975,1
92,"Kirpichnikov, Vladimir",URS,2490,1975,1
92,"Osnos, Viatcheslav",URS,2490,1975,1
92,"Tolonen, Leo Toivovich",URS,2490,1975,1
1,"Karpov, Anatoly",URS,2695,1976,1
2,"Korchnoi, Viktor",URS,2670,1976,1
3,"Petrosian, Tigran",URS,2635,1976,1
3,"Polugaevsky, Lev",URS,2635,1976,1
5,"Spassky, Boris V.",URS,2630,1976,1
6,"Larsen, Bent",DEN,2625,1976,1
6,"Portisch, Lajos",HUN,2625,1976,1
8,"Mecking, Henrique",BRA,2620,1976,1
8,"Geller, Efim P.",URS,2620,1976,1
8,"Ljubojevic, Ljubomir",YUG,2620,1976,1
11,"Smejkal, Jan",CSR,2615,1976,1
11,"Tal, Mikhail N.",URS,2615,1976,1
13,"Hort, Vlastimil",CSR,2600,1976,1
14,"Huebner, Robert",GER,2585,1976,1
14,"Andersson, Ulf",SWE,2585,1976,1
14,"Browne, Walter S.",USA,2585,1976,1
17,"Keres, Paul",URS,2580,1976,1
17,"Smyslov, Vassily",URS,2580,1976,1
17,"Vasiukov, Evgeni",URS,2580,1976,1
20,"Ribli, Zoltan",HUN,2575,1976,1
20,"Gligoric, Svetozar",YUG,2575,1976,1
22,"Krogius, Nikolai V.",URS,2570,1976,1
23,"Kuzmin, Gennadi P.",URS,2565,1976,1
24,"Beliavsky, Alexander G.",URS,2560,1976,1
24,"Romanishin, Oleg M.",URS,2560,1976,1
26,"Uhlmann, Wolfgang",GDR,2555,1976,1
26,"Furman, Semyen A.",URS,2555,1976,1
28,"Olafsson, Fridrik",ISL,2550,1976,1
28,"Timman, Jan H.",NED,2550,1976,1
28,"Kholmov, Ratmir D.",URS,2550,1976,1
28,"Tseshkovsky, Vitaly",URS,2550,1976,1
28,"Vaganian, Rafael A.",URS,2550,1976,1
33,"Pfleger, Helmut",GER,2545,1976,1
33,"Balashov, Yuri S.",URS,2545,1976,1
33,"Gufeld, Eduard",URS,2545,1976,1
33,"Savon, Vladimir A.",URS,2545,1976,1
37,"Quinteros, Miguel A.",ARG,2540,1976,1
37,"Liberzon, Vladimir M.",ISR,2540,1976,1
37,"Gheorghiu, Florin",ROM,2540,1976,1
37,"Bronstein, David I.",URS,2540,1976,1
37,"Dvoretzky, Mark",URS,2540,1976,1
37,"Taimanov, Mark E.",URS,2540,1976,1
37,"Byrne, Robert E.",USA,2540,1976,1
37,"Evans, Larry M.",USA,2540,1976,1
37,"Kavalek, Lubomir",USA,2540,1976,1
46,"Gipslis, Aivars",URS,2535,1976,1
47,"Malich, Burkhard",GDR,2530,1976,1
47,"Unzicker, Wolfgang",GER,2530,1976,1
47,"Sax, Gyula",HUN,2530,1976,1
47,"Sigurjonsson, Gudmundur",ISL,2530,1976,1
47,"Averbakh, Yuri L.",URS,2530,1976,1
47,"Chekhov, Valery A.",URS,2530,1976,1
47,"Gulko, Boris F.",URS,2530,1976,1
54,"Szabo, Laszlo",HUN,2525,1976,1
54,"Dzindzikhashvili, Roman",URS,2525,1976,1
54,"Suetin, Alexey S.",URS,2525,1976,1
54,"Kurajica, Bojan",YUG,2525,1976,1
54,"Matanovic, Aleksandar",YUG,2525,1976,1
54,"Velimirovic, Dragoljub",YUG,2525,1976,1
60,"Panno, Oscar",ARG,2520,1976,1
60,"Knaak, Rainer",GDR,2520,1976,1
60,"Pachman, Ludek",GER,2520,1976,1
60,"Schmid, Lothar",GER,2520,1976,1
60,"Alburt, Lev O.",URS,2520,1976,1
60,"Lombardy, William J.",USA,2520,1976,1
60,"Ivkov, Borislav",YUG,2520,1976,1
67,"Radulov, Ivan",BUL,2515,1976,1
67,"Lein, Anatoly",URS,2515,1976,1
67,"Reshevsky, Samuel H.",USA,2515,1976,1
67,"Parma, Bruno",YUG,2515,1976,1
71,"Najdorf, Miguel",ARG,2510,1976,1
71,"Miles, Anthony J.",ENG,2510,1976,1
71,"Adorjan, Andras",HUN,2510,1976,1
71,"Ney, Iivo",URS,2510,1976,1
71,"Sveshnikov, Evgeny",URS,2510,1976,1
71,"Vukic, Milan",YUG,2510,1976,1
77,"Sosonko, Gennadi",NED,2505,1976,1
77,"Torre, Eugenio",PHI,2505,1976,1
77,"Matulovic, Milan",YUG,2505,1976,1
80,"Darga, Klaus",GER,2500,1976,1
80,"Gurgenidze, Bukhuti",URS,2500,1976,1
80,"Kotov, Alexander",URS,2500,1976,1
80,"Lutikov, Anatoly S.",URS,2500,1976,1
80,"Bukic, Enver",YUG,2500,1976,1
85,"Filip, Miroslav",CSR,2495,1976,1
85,"Hecht, Hans-Joachim",GER,2495,1976,1
85,"Karasev, Vladimir I.",URS,2495,1976,1
85,"Makarichev, Sergey",URS,2495,1976,1
85,"Razuvaev, Yuri S.",URS,2495,1976,1
85,"Zhidkov, Valery S.",URS,2495,1976,1
85,"Ostojic, Predrag",YUG,2495,1976,1
92,"Spassov, Liuben",BUL,2490,1976,1
92,"Spiridonov, Nikola",BUL,2490,1976,1
92,"Tringov, Georgi P.",BUL,2490,1976,1
92,"Jansa, Vlastimil",CSR,2490,1976,1
92,"Diez Del Corral, Jesus",ESP,2490,1976,1
92,"Csom, Istvan",HUN,2490,1976,1
92,"Forintos, Gyozo V.",HUN,2490,1976,1
92,"Ogaard, Leif",NOR,2490,1976,1
92,"Bagirov, Vladimir",URS,2490,1976,1
1,"Karpov, Anatoly",URS,2690,1977,1
2,"Korchnoi, Viktor",URS,2645,1977,1
2,"Petrosian, Tigran",URS,2645,1977,1
4,"Mecking, Henrique",BRA,2635,1977,1
5,"Portisch, Lajos",HUN,2625,1977,1
6,"Hort, Vlastimil",CSR,2620,1977,1
6,"Polugaevsky, Lev",URS,2620,1977,1
6,"Tal, Mikhail N.",URS,2620,1977,1
9,"Larsen, Bent",DEN,2615,1977,1
9,"Ljubojevic, Ljubomir",YUG,2615,1977,1
11,"Spassky, Boris V.",URS,2610,1977,1
12,"Huebner, Robert",GER,2600,1977,1
13,"Ribli, Zoltan",HUN,2595,1977,1
13,"Romanishin, Oleg M.",URS,2595,1977,1
13,"Smyslov, Vassily",URS,2595,1977,1
16,"Timman, Jan H.",NED,2590,1977,1
16,"Geller, Efim P.",URS,2590,1977,1
16,"Tseshkovsky, Vitaly",URS,2590,1977,1
19,"Gulko, Boris F.",URS,2585,1977,1
20,"Byrne, Robert E.",USA,2580,1977,1
21,"Smejkal, Jan",CSR,2575,1977,1
22,"Gufeld, Eduard",URS,2570,1977,1
23,"Sax, Gyula",HUN,2565,1977,1
23,"Andersson, Ulf",SWE,2565,1977,1
23,"Balashov, Yuri S.",URS,2565,1977,1
23,"Vasiukov, Evgeni",URS,2565,1977,1
23,"Gligoric, Svetozar",YUG,2565,1977,1
28,"Olafsson, Fridrik",ISL,2560,1977,1
28,"Bronstein, David I.",URS,2560,1977,1
30,"Quinteros, Miguel A.",ARG,2555,1977,1
30,"Miles, Anthony J.",ENG,2555,1977,1
30,"Uhlmann, Wolfgang",GDR,2555,1977,1
30,"Beliavsky, Alexander G.",URS,2555,1977,1
30,"Kholmov, Ratmir D.",URS,2555,1977,1
30,"Evans, Larry M.",USA,2555,1977,1
36,"Panno, Oscar",ARG,2550,1977,1
36,"Liberzon, Vladimir M.",ISR,2550,1977,1
36,"Torre, Eugenio",PHI,2550,1977,1
36,"Kuzmin, Gennadi P.",URS,2550,1977,1
40,"Gheorghiu, Florin",ROM,2545,1977,1
40,"Krogius, Nikolai V.",URS,2545,1977,1
40,"Vaganian, Rafael A.",URS,2545,1977,1
40,"Browne, Walter S.",USA,2545,1977,1
40,"Kavalek, Lubomir",USA,2545,1977,1
45,"Pfleger, Helmut",GER,2540,1977,1
45,"Lutikov, Anatoly S.",URS,2540,1977,1
45,"Savon, Vladimir A.",URS,2540,1977,1
45,"Tukmakov, Vladimir B.",URS,2540,1977,1
49,"Malich, Burkhard",GDR,2535,1977,1
49,"Csom, Istvan",HUN,2535,1977,1
49,"Dzindzichashvili, Roman",ISR,2535,1977,1
49,"Furman, Semyen A.",URS,2535,1977,1
49,"Gipslis, Aivars",URS,2535,1977,1
54,"Adorjan, Andras",HUN,2530,1977,1
54,"Szabo, Laszlo",HUN,2530,1977,1
54,"Sosonko, Gennadi",NED,2530,1977,1
54,"Taimanov, Mark E.",URS,2530,1977,1
54,"Lombardy, William J.",USA,2530,1977,1
54,"Kurajica, Bojan",YUG,2530,1977,1
54,"Parma, Bruno",YUG,2530,1977,1
61,"Lein, Anatoly",---,2525,1977,1
61,"Najdorf, Miguel",ARG,2525,1977,1
61,"Unzicker, Wolfgang",GER,2525,1977,1
61,"Dvoretzky, Mark",URS,2525,1977,1
61,"Suetin, Alexey S.",URS,2525,1977,1
61,"Hulak, Krunoslav",YUG,2525,1977,1
61,"Velimirovic, Dragoljub",YUG,2525,1977,1
68,"Schmid, Lothar",GER,2520,1977,1
68,"Sigurjonsson, Gudmundur",ISL,2520,1977,1
68,"Averbakh, Yuri L.",URS,2520,1977,1
68,"Chekhov, Valery A.",URS,2520,1977,1
68,"Sveshnikov, Evgeny",URS,2520,1977,1
68,"Rogoff, Kenneth S.",USA,2520,1977,1
74,"Karasev, Vladimir I.",URS,2515,1977,1
74,"Makarichev, Sergey",URS,2515,1977,1
76,"Keene, Raymond D.",ENG,2510,1977,1
76,"Darga, Klaus",GER,2510,1977,1
76,"Gurgenidze, Bukhuti",URS,2510,1977,1
76,"Ney, Iivo",URS,2510,1977,1
76,"Rashkovsky, Nukhim N.",URS,2510,1977,1
76,"Razuvaev, Yuri S.",URS,2510,1977,1
76,"Ivkov, Borislav",YUG,2510,1977,1
76,"Matulovic, Milan",YUG,2510,1977,1
84,"Sanguinetti, Raul",ARG,2505,1977,1
84,"Alburt, Lev O.",URS,2505,1977,1
84,"Timoshchenko, Gennadi A.",URS,2505,1977,1
84,"Matanovic, Aleksandar",YUG,2505,1977,1
88,"Radulov, Ivan",BUL,2500,1977,1
88,"Filip, Miroslav",CSR,2500,1977,1
88,"Knaak, Rainer",GDR,2500,1977,1
88,"Farago, Ivan",HUN,2500,1977,1
88,"Kotov, Alexander",URS,2500,1977,1
88,"Knezevic, Milorad",YUG,2500,1977,1
94,"Tringov, Georgi P.",BUL,2495,1977,1
94,"Vogt, Lothar",GDR,2495,1977,1
94,"Vadasz, Laszlo",HUN,2495,1977,1
94,"Zaitsev, Igor A.",URS,2495,1977,1
94,"Zhidkov, Valery S.",URS,2495,1977,1
94,"Tarjan, James E.",USA,2495,1977,1
94,"Kovacevic, Vladimir",YUG,2495,1977,1
1,"Karpov, Anatoly",URS,2725,1978,1
2,"Korchnoi, Viktor",---,2665,1978,1
3,"Mecking, Henrique",BRA,2630,1978,1
3,"Portisch, Lajos",HUN,2630,1978,1
3,"Spassky, Boris V.",URS,2630,1978,1
6,"Tal, Mikhail N.",URS,2625,1978,1
7,"Hort, Vlastimil",CSR,2620,1978,1
7,"Larsen, Bent",DEN,2620,1978,1
7,"Petrosian, Tigran",URS,2620,1978,1
7,"Polugaevsky, Lev",URS,2620,1978,1
11,"Romanishin, Oleg M.",URS,2610,1978,1
12,"Ljubojevic, Ljubomir",YUG,2605,1978,1
13,"Huebner, Robert",GER,2595,1978,1
14,"Balashov, Yuri S.",URS,2590,1978,1
14,"Geller, Efim P.",URS,2590,1978,1
16,"Ribli, Zoltan",HUN,2585,1978,1
16,"Timman, Jan H.",NED,2585,1978,1
18,"Panno, Oscar",ARG,2580,1978,1
19,"Uhlmann, Wolfgang",GDR,2575,1978,1
19,"Sosonko, Gennadi",NED,2575,1978,1
19,"Smyslov, Vassily",URS,2575,1978,1
22,"Bronstein, David I.",URS,2570,1978,1
22,"Tukmakov, Vladimir B.",URS,2570,1978,1
22,"Kavalek, Lubomir",USA,2570,1978,1
25,"Miles, Anthony J.",ENG,2565,1978,1
25,"Gulko, Boris F.",URS,2565,1978,1
25,"Sveshnikov, Evgeny",URS,2565,1978,1
25,"Gligoric, Svetozar",YUG,2565,1978,1
29,"Kuzmin, Gennadi P.",URS,2560,1978,1
29,"Valvo, Michael J.",USA,2560,1978,1
31,"Smejkal, Jan",CSR,2555,1978,1
31,"Liberzon, Vladimir M.",ISR,2555,1978,1
31,"Kochyev, Alexander",URS,2555,1978,1
31,"Vaganian, Rafael A.",URS,2555,1978,1
31,"Vasiukov, Evgeni",URS,2555,1978,1
36,"Sax, Gyula",HUN,2550,1978,1
36,"Dzindzichashvili, Roman",ISR,2550,1978,1
36,"Dorfman, Josif D.",URS,2550,1978,1
36,"Kholmov, Ratmir D.",URS,2550,1978,1
36,"Krogius, Nikolai V.",URS,2550,1978,1
36,"Savon, Vladimir A.",URS,2550,1978,1
36,"Tseshkovsky, Vitaly",URS,2550,1978,1
36,"Browne, Walter S.",USA,2550,1978,1
36,"Byrne, Robert E.",USA,2550,1978,1
45,"Andersson, Ulf",SWE,2545,1978,1
46,"Gipslis, Aivars",URS,2540,1978,1
46,"Lutikov, Anatoly S.",URS,2540,1978,1
46,"Lombardy, William J.",USA,2540,1978,1
46,"Parma, Bruno",YUG,2540,1978,1
50,"Garcia Gonzales, Guillermo",CUB,2535,1978,1
50,"Malich, Burkhard",GDR,2535,1978,1
50,"Giorgadze, Tamaz",URS,2535,1978,1
50,"Suetin, Alexey S.",URS,2535,1978,1
54,"Pfleger, Helmut",GER,2530,1978,1
54,"Olafsson, Fridrik",ISL,2530,1978,1
54,"Beliavsky, Alexander G.",URS,2530,1978,1
54,"Kupreichik, Viktor D.",URS,2530,1978,1
54,"Timoshchenko, Gennadi A.",URS,2530,1978,1
54,"Evans, Larry M.",USA,2530,1978,1
54,"Goichberg, William",USA,2530,1978,1
54,"Kurajica, Bojan",YUG,2530,1978,1
62,"Najdorf, Miguel",ARG,2525,1978,1
62,"Unzicker, Wolfgang",GER,2525,1978,1
62,"Dvoretzky, Mark",URS,2525,1978,1
62,"Furman, Semyen A.",URS,2525,1978,1
62,"Gufeld, Eduard",URS,2525,1978,1
62,"Hulak, Krunoslav",YUG,2525,1978,1
62,"Matulovic, Milan",YUG,2525,1978,1
69,"Ermenkov, Evgenij",BUL,2520,1978,1
69,"Knaak, Rainer",GDR,2520,1978,1
69,"Vogt, Lothar",GDR,2520,1978,1
69,"Schmid, Lothar",GER,2520,1978,1
69,"Gheorghiu, Florin",ROM,2520,1978,1
69,"Averbakh, Yuri L.",URS,2520,1978,1
69,"Zhidkov, Valery S.",URS,2520,1978,1
69,"Rogoff, Kenneth S.",USA,2520,1978,1
69,"Velimirovic, Dragoljub",YUG,2520,1978,1
78,"Pachman, Ludek",GER,2515,1978,1
78,"Adorjan, Andras",HUN,2515,1978,1
78,"Szabo, Laszlo",HUN,2515,1978,1
78,"Alburt, Lev O.",URS,2515,1978,1
78,"Ivkov, Borislav",YUG,2515,1978,1
83,"Stean, Michael F.",ENG,2510,1978,1
83,"Darga, Klaus",GER,2510,1978,1
83,"Csom, Istvan",HUN,2510,1978,1
83,"Farago, Ivan",HUN,2510,1978,1
83,"Tseitlin, Mikhail S.",URS,2510,1978,1
83,"Tarjan, James E.",USA,2510,1978,1
89,"Jansa, Vlastimil",CSR,2505,1978,1
89,"Vadasz, Laszlo",HUN,2505,1978,1
89,"Schmidt, Wlodzimierz",POL,2505,1978,1
89,"Bagirov, Vladimir",URS,2505,1978,1
89,"Taimanov, Mark E.",URS,2505,1978,1
89,"Lein, Anatoly",USA,2505,1978,1
89,"Knezevic, Milorad",YUG,2505,1978,1
89,"Kovacevic, Vladimir",YUG,2505,1978,1
89,"Matanovic, Aleksandar",YUG,2505,1978,1
98,"Sigurjonsson, Gudmundur",ISL,2500,1978,1
98,"Ree, Hans",NED,2500,1978,1
98,"Grigorian, Karen A.",URS,2500,1978,1
1,"Karpov, Anatoly",URS,2705,1979,1
2,"Kortschnoj, Viktor",SUI,2695,1979,1
3,"Portisch, Lajos",HUN,2640,1979,1
3,"Spassky, Boris V.",URS,2640,1979,1
5,"Timman, Jan H.",NED,2625,1979,1
5,"Polugaevsky, Lev",URS,2625,1979,1
7,"Larsen, Bent",DEN,2620,1979,1
8,"Mecking, Henrique",BRA,2615,1979,1
8,"Tal, Mikhail N.",URS,2615,1979,1
10,"Petrosian, Tigran",URS,2610,1979,1
11,"Hort, Vlastimil",CSR,2600,1979,1
11,"Balashov, Yuri S.",URS,2600,1979,1
13,"Huebner, Robert",GER,2595,1979,1
13,"Ribli, Zoltan",HUN,2595,1979,1
13,"Dzindzichashvili, Roman",ISR,2595,1979,1
13,"Beliavsky, Alexander G.",URS,2595,1979,1
13,"Dorfman, Josif D.",URS,2595,1979,1
18,"Sax, Gyula",HUN,2590,1979,1
18,"Kavalek, Lubomir",USA,2590,1979,1
18,"Ljubojevic, Ljubomir",YUG,2590,1979,1
21,"Gulko, Boris F.",URS,2585,1979,1
22,"Tukmakov, Vladimir B.",URS,2575,1979,1
23,"Vaganian, Rafael A.",URS,2570,1979,1
24,"Knaak, Rainer",GDR,2565,1979,1
24,"Kuzmin, Gennadi P.",URS,2565,1979,1
26,"Miles, Anthony J.",ENG,2560,1979,1
26,"Andersson, Ulf",SWE,2560,1979,1
26,"Romanishin, Oleg M.",URS,2560,1979,1
26,"Smyslov, Vassily",URS,2560,1979,1
26,"Tseshkovsky, Vitaly",URS,2560,1979,1
26,"Vasiukov, Evgeni",URS,2560,1979,1
26,"Gligoric, Svetozar",YUG,2560,1979,1
33,"Olafsson, Fridrik",ISL,2555,1979,1
33,"Bronstein, David I.",URS,2555,1979,1
35,"Smejkal, Jan",CSR,2550,1979,1
35,"Geller, Efim P.",URS,2550,1979,1
35,"Kholmov, Ratmir D.",URS,2550,1979,1
35,"Krogius, Nikolai V.",URS,2550,1979,1
35,"Savon, Vladimir A.",URS,2550,1979,1
40,"Panno, Oscar",ARG,2545,1979,1
40,"Quinteros, Miguel A.",ARG,2545,1979,1
40,"Pfleger, Helmut",GER,2545,1979,1
40,"Bagirov, Vladimir",URS,2545,1979,1
40,"Kochyev, Alexander",URS,2545,1979,1
40,"Sveshnikov, Evgeny",URS,2545,1979,1
46,"Stean, Michael F.",ENG,2540,1979,1
46,"Gheorghiu, Florin",ROM,2540,1979,1
46,"Kupreichik, Viktor D.",URS,2540,1979,1
46,"Browne, Walter S.",USA,2540,1979,1
50,"Sosonko, Gennadi",NED,2535,1979,1
50,"Giorgadze, Tamaz",URS,2535,1979,1
50,"Suetin, Alexey S.",URS,2535,1979,1
50,"Byrne, Robert E.",USA,2535,1979,1
50,"Lein, Anatoly",USA,2535,1979,1
55,"Malich, Burkhard",GDR,2530,1979,1
55,"Uhlmann, Wolfgang",GDR,2530,1979,1
55,"Unzicker, Wolfgang",GER,2530,1979,1
55,"Gufeld, Eduard",URS,2530,1979,1
55,"Timoshchenko, Gennadi A.",URS,2530,1979,1
55,"Parma, Bruno",YUG,2530,1979,1
61,"Adorjan, Andras",HUN,2525,1979,1
61,"Dvoretzky, Mark",URS,2525,1979,1
61,"Gipslis, Aivars",URS,2525,1979,1
61,"Tarjan, James E.",USA,2525,1979,1
61,"Ivkov, Borislav",YUG,2525,1979,1
66,"Schmid, Lothar",GER,2520,1979,1
66,"Torre, Eugenio",PHI,2520,1979,1
66,"Zhidkov, Valery S.",URS,2520,1979,1
66,"Evans, Larry M.",USA,2520,1979,1
66,"Lombardy, William J.",USA,2520,1979,1
66,"Sahovic, Dragutin",YUG,2520,1979,1
72,"Najdorf, Miguel",ARG,2515,1979,1
72,"Szabo, Laszlo",HUN,2515,1979,1
72,"Liberzon, Vladimir M.",ISR,2515,1979,1
72,"Alburt, Lev O.",URS,2515,1979,1
72,"Averbakh, Yuri L.",URS,2515,1979,1
72,"Lutikov, Anatoly S.",URS,2515,1979,1
72,"Palatnik, Semon",URS,2515,1979,1
72,"Rogoff, Kenneth S.",USA,2515,1979,1
72,"Kurajica, Bojan",YUG,2515,1979,1
72,"Velimirovic, Dragoljub",YUG,2515,1979,1
82,"Pachman, Ludek",GER,2510,1979,1
82,"Csom, Istvan",HUN,2510,1979,1
82,"Farago, Ivan",HUN,2510,1979,1
82,"Taimanov, Mark E.",URS,2510,1979,1
82,"Mednis, Edmar J.",USA,2510,1979,1
82,"Matulovic, Milan",YUG,2510,1979,1
88,"Darga, Klaus",GER,2505,1979,1
88,"Gurgenidze, Bukhuti",URS,2505,1979,1
88,"Tseitlin, Mark D.",URS,2505,1979,1
88,"Tseitlin, Mikhail S.",URS,2505,1979,1
88,"Zaitsev, Igor A.",URS,2505,1979,1
88,"Marjanovic, Slavoljub",YUG,2505,1979,1
94,"Hernandez, Roman",CUB,2500,1979,1
94,"Nunn, John D. M.",ENG,2500,1979,1
94,"Vogt, Lothar",GDR,2500,1979,1
94,"Makarichev, Sergey",URS,2500,1979,1
94,"Ney, Iivo",URS,2500,1979,1
94,"Rashkovsky, Nukhim N.",URS,2500,1979,1
94,"Knezevic, Milorad",YUG,2500,1979,1
1,"Karpov, Anatoly",URS,2725,1980,1
2,"Tal, Mikhail N.",URS,2705,1980,1
3,"Kortschnoj, Viktor",SUI,2695,1980,1
4,"Portisch, Lajos",HUN,2655,1980,1
5,"Polugaevsky, Lev",URS,2635,1980,1
6,"Mecking, Henrique",BRA,2615,1980,1
6,"Petrosian, Tigran",URS,2615,1980,1
6,"Spassky, Boris V.",URS,2615,1980,1
9,"Ribli, Zoltan",HUN,2610,1980,1
10,"Gheorghiu, Florin",ROM,2605,1980,1
11,"Huebner, Robert",GER,2600,1980,1
11,"Timman, Jan H.",NED,2600,1980,1
11,"Balashov, Yuri S.",URS,2600,1980,1
11,"Kavalek, Lubomir",USA,2600,1980,1
15,"Hort, Vlastimil",CSR,2595,1980,1
15,"Kasparov, Garry",URS,2595,1980,1
15,"Tseshkovsky, Vitaly",URS,2595,1980,1
18,"Andersson, Ulf",SWE,2590,1980,1
18,"Beliavsky, Alexander G.",URS,2590,1980,1
18,"Gulko, Boris F.",URS,2590,1980,1
18,"Vaganian, Rafael A.",URS,2590,1980,1
18,"Ljubojevic, Ljubomir",YUG,2590,1980,1
23,"Larsen, Bent",DEN,2585,1980,1
24,"Romanishin, Oleg M.",URS,2580,1980,1
25,"Sax, Gyula",HUN,2570,1980,1
25,"Sveshnikov, Evgeny",URS,2570,1980,1
25,"Dzindzichashvili, Roman",USA,2570,1980,1
28,"Geller, Efim P.",URS,2565,1980,1
28,"Gligoric, Svetozar",YUG,2565,1980,1
30,"Bagirov, Vladimir",URS,2560,1980,1
30,"Tukmakov, Vladimir B.",URS,2560,1980,1
32,"Smejkal, Jan",CSR,2555,1980,1
33,"Adorjan, Andras",HUN,2550,1980,1
33,"Krogius, Nikolai V.",URS,2550,1980,1
33,"Smyslov, Vassily",URS,2550,1980,1
36,"Miles, Anthony J.",ENG,2545,1980,1
36,"Olafsson, Fridrik",ISL,2545,1980,1
36,"Liberzon, Vladimir M.",ISR,2545,1980,1
36,"Sosonko, Gennadi",NED,2545,1980,1
36,"Vasiukov, Evgeni",URS,2545,1980,1
41,"Panno, Oscar",ARG,2540,1980,1
41,"Dorfman, Josif D.",URS,2540,1980,1
41,"Browne, Walter S.",USA,2540,1980,1
44,"Knaak, Rainer",GDR,2535,1980,1
44,"Pinter, Jozsef",HUN,2535,1980,1
44,"Bronstein, David I.",URS,2535,1980,1
44,"Dolmatov, Sergey",URS,2535,1980,1
44,"Kholmov, Ratmir D.",URS,2535,1980,1
44,"Kochyev, Alexander",URS,2535,1980,1
44,"Kupreichik, Viktor D.",URS,2535,1980,1
44,"Psakhis, Lev",URS,2535,1980,1
52,"Stean, Michael F.",ENG,2530,1980,1
52,"Schmid, Lothar",GER,2530,1980,1
52,"Kuzmin, Gennadi P.",URS,2530,1980,1
52,"Timoshchenko, Gennadi A.",URS,2530,1980,1
52,"Byrne, Robert E.",USA,2530,1980,1
52,"Tarjan, James E.",USA,2530,1980,1
52,"Ivkov, Borislav",YUG,2530,1980,1
59,"Pfleger, Helmut",GER,2525,1980,1
59,"Lombardy, William J.",USA,2525,1980,1
61,"Malich, Burkhard",GDR,2520,1980,1
61,"Ree, Hans",NED,2520,1980,1
61,"Torre, Eugenio",PHI,2520,1980,1
61,"Rashkovsky, Nukhim N.",URS,2520,1980,1
61,"Zhidkov, Valery S.",URS,2520,1980,1
61,"Evans, Larry M.",USA,2520,1980,1
61,"Lein, Anatoly",USA,2520,1980,1
61,"Rogoff, Kenneth S.",USA,2520,1980,1
61,"Parma, Bruno",YUG,2520,1980,1
70,"Quinteros, Miguel A.",ARG,2515,1980,1
70,"Nunn, John D. M.",ENG,2515,1980,1
70,"Razuvaev, Yuri S.",URS,2515,1980,1
70,"Tseitlin, Mark D.",URS,2515,1980,1
70,"Alburt, Lev O.",USA,2515,1980,1
70,"Shamkovich, Leonid",USA,2515,1980,1
70,"Velimirovic, Dragoljub",YUG,2515,1980,1
77,"Najdorf, Miguel",ARG,2510,1980,1
77,"Uhlmann, Wolfgang",GDR,2510,1980,1
77,"Vogt, Lothar",GDR,2510,1980,1
77,"Pachman, Ludek",GER,2510,1980,1
77,"Unzicker, Wolfgang",GER,2510,1980,1
77,"Csom, Istvan",HUN,2510,1980,1
77,"Dvoretzky, Mark",URS,2510,1980,1
77,"Gufeld, Eduard",URS,2510,1980,1
77,"Savon, Vladimir A.",URS,2510,1980,1
77,"Taimanov, Mark E.",URS,2510,1980,1
77,"Seirawan, Yasser",USA,2510,1980,1
77,"Kovacevic, Vladimir",YUG,2510,1980,1
89,"Garcia Gonzales, Guillermo",CUB,2505,1980,1
89,"Farago, Ivan",HUN,2505,1980,1
89,"Szabo, Laszlo",HUN,2505,1980,1
89,"Gurgenidze, Bukhuti",URS,2505,1980,1
89,"Palatnik, Semon",URS,2505,1980,1
89,"Kurajica, Bojan",YUG,2505,1980,1
95,"Vadasz, Laszlo",HUN,2500,1980,1
95,"Mariotti, Sergio",ITA,2500,1980,1
95,"Gipslis, Aivars",URS,2500,1980,1
95,"Suetin, Alexey S.",URS,2500,1980,1
95,"Tseitlin, Mikhail S.",URS,2500,1980,1
95,"Bukic, Enver",YUG,2500,1980,1
1,"Karpov, Anatoly",URS,2690,1981,1
2,"Portisch, Lajos",HUN,2650,1981,1
2,"Kortschnoj, Viktor",SUI,2650,1981,1
4,"Huebner, Robert",GER,2635,1981,1
4,"Spassky, Boris V.",URS,2635,1981,1
6,"Kasparov, Garry",URS,2625,1981,1
7,"Timman, Jan H.",NED,2620,1981,1
7,"Beliavsky, Alexander G.",URS,2620,1981,1
7,"Polugaevsky, Lev",URS,2620,1981,1
10,"Mecking, Henrique",BRA,2615,1981,1
10,"Geller, Efim P.",URS,2615,1981,1
12,"Larsen, Bent",DEN,2610,1981,1
12,"Andersson, Ulf",SWE,2610,1981,1
14,"Ljubojevic, Ljubomir",YUG,2605,1981,1
15,"Balashov, Yuri S.",URS,2600,1981,1
16,"Sosonko, Gennadi",NED,2595,1981,1
16,"Romanishin, Oleg M.",URS,2595,1981,1
18,"Miles, Anthony J.",ENG,2590,1981,1
18,"Gulko, Boris F.",URS,2590,1981,1
20,"Ribli, Zoltan",HUN,2585,1981,1
20,"Petrosian, Tigran",URS,2585,1981,1
22,"Hort, Vlastimil",CSR,2575,1981,1
22,"Nunn, John D. M.",ENG,2575,1981,1
22,"Kupreichik, Viktor D.",URS,2575,1981,1
22,"Yusupov, Artur",URS,2575,1981,1
22,"Alburt, Lev O.",USA,2575,1981,1
27,"Vaganian, Rafael A.",URS,2565,1981,1
28,"Sax, Gyula",HUN,2560,1981,1
29,"Tal, Mikhail N.",URS,2555,1981,1
29,"Browne, Walter S.",USA,2555,1981,1
29,"Seirawan, Yasser",USA,2555,1981,1
32,"Pinter, Jozsef",HUN,2550,1981,1
32,"Torre, Eugenio",PHI,2550,1981,1
32,"Krogius, Nikolai V.",URS,2550,1981,1
32,"Kavalek, Lubomir",USA,2550,1981,1
36,"Adorjan, Andras",HUN,2545,1981,1
36,"Gheorghiu, Florin",ROM,2545,1981,1
36,"Dolmatov, Sergey",URS,2545,1981,1
36,"Kuzmin, Gennadi P.",URS,2545,1981,1
36,"Smyslov, Vassily",URS,2545,1981,1
36,"Vasiukov, Evgeni",URS,2545,1981,1
42,"Kochyev, Alexander",URS,2540,1981,1
42,"Ivkov, Borislav",YUG,2540,1981,1
44,"Smejkal, Jan",CSR,2535,1981,1
44,"Speelman, Jonathan S.",ENG,2535,1981,1
44,"Farago, Ivan",HUN,2535,1981,1
44,"Makarichev, Sergey",URS,2535,1981,1
44,"Mikhalchishin, Adrian",URS,2535,1981,1
44,"Rashkovsky, Nukhim N.",URS,2535,1981,1
44,"Sveshnikov, Evgeny",URS,2535,1981,1
51,"Najdorf, Miguel",ARG,2530,1981,1
51,"Schmid, Lothar",GER,2530,1981,1
51,"Olafsson, Fridrik",ISL,2530,1981,1
51,"Giorgadze, Tamaz",URS,2530,1981,1
51,"Panchenko, Alexander N.",URS,2530,1981,1
51,"Tseshkovsky, Vitaly",URS,2530,1981,1
51,"Tarjan, James E.",USA,2530,1981,1
51,"Gligoric, Svetozar",YUG,2530,1981,1
59,"Razuvaev, Yuri S.",URS,2525,1981,1
59,"Evans, Larry M.",USA,2525,1981,1
61,"Panno, Oscar",ARG,2520,1981,1
61,"Ftacnik, Lubomir",CSR,2520,1981,1
61,"Garcia Gonzales, Guillermo",CUB,2520,1981,1
61,"Lerner, Konstantin Z.",URS,2520,1981,1
61,"Lombardy, William J.",USA,2520,1981,1
66,"Unzicker, Wolfgang",GER,2515,1981,1
66,"Gufeld, Eduard",URS,2515,1981,1
66,"Christiansen, Larry M.",USA,2515,1981,1
66,"Marjanovic, Slavoljub",YUG,2515,1981,1
66,"Nikolic, Predrag",YUG,2515,1981,1
71,"Szabo, Laszlo",HUN,2510,1981,1
71,"Timoshchenko, Gennadi A.",URS,2510,1981,1
71,"Byrne, Robert E.",USA,2510,1981,1
71,"Cebalo, Miso",YUG,2510,1981,1
75,"Quinteros, Miguel A.",ARG,2505,1981,1
75,"Stean, Michael F.",ENG,2505,1981,1
75,"Pfleger, Helmut",GER,2505,1981,1
75,"Bagirov, Vladimir",URS,2505,1981,1
75,"Dorfman, Josif D.",URS,2505,1981,1
75,"Kholmov, Ratmir D.",URS,2505,1981,1
75,"Tseitlin, Mikhail S.",URS,2505,1981,1
75,"Zhidkov, Valery S.",URS,2505,1981,1
75,"Rogoff, Kenneth S.",USA,2505,1981,1
75,"Vukic, Milan",YUG,2505,1981,1
85,"Csom, Istvan",HUN,2500,1981,1
85,"Gruenfeld, Yehuda",ISR,2500,1981,1
85,"Psakhis, Lev",URS,2500,1981,1
85,"Taimanov, Mark E.",URS,2500,1981,1
85,"Kovacevic, Vladimir",YUG,2500,1981,1
85,"Matanovic, Aleksandar",YUG,2500,1981,1
85,"Parma, Bruno",YUG,2500,1981,1
92,"Knaak, Rainer",GDR,2495,1981,1
92,"Darga, Klaus",GER,2495,1981,1
92,"Tatai, Stefano",ITA,2495,1981,1
92,"Schmidt, Wlodzimierz",POL,2495,1981,1
92,"Eingorn, Vereslav S.",URS,2495,1981,1
92,"Ney, Iivo",URS,2495,1981,1
92,"Petrosian, Arshak B.",URS,2495,1981,1
92,"Tseitlin, Mark D.",URS,2495,1981,1
92,"Shamkovich, Leonid",USA,2495,1981,1
1,"Karpov, Anatoly",URS,2700,1981,7
2,"Kortschnoj, Viktor",SUI,2695,1981,7
3,"Huebner, Robert",GER,2640,1981,7
4,"Timman, Jan H.",NED,2630,1981,7
4,"Kasparov, Garry",URS,2630,1981,7
4,"Spassky, Boris V.",URS,2630,1981,7
7,"Portisch, Lajos",HUN,2620,1981,7
8,"Mecking, Henrique",BRA,2615,1981,7
8,"Beliavsky, Alexander G.",URS,2615,1981,7
10,"Larsen, Bent",DEN,2610,1981,7
10,"Polugaevsky, Lev",URS,2610,1981,7
12,"Andersson, Ulf",SWE,2600,1981,7
12,"Balashov, Yuri S.",URS,2600,1981,7
14,"Hort, Vlastimil",CSR,2595,1981,7
14,"Kavalek, Lubomir",USA,2595,1981,7
16,"Ribli, Zoltan",HUN,2590,1981,7
16,"Romanishin, Oleg M.",URS,2590,1981,7
16,"Ljubojevic, Ljubomir",YUG,2590,1981,7
19,"Sosonko, Gennadi",NED,2585,1981,7
19,"Petrosian, Tigran",URS,2585,1981,7
19,"Yusupov, Artur",URS,2585,1981,7
22,"Nunn, John D. M.",ENG,2580,1981,7
22,"Kupreichik, Viktor D.",URS,2580,1981,7
22,"Smyslov, Vassily",URS,2580,1981,7
22,"Alburt, Lev O.",USA,2580,1981,7
26,"Dolmatov, Sergey",URS,2575,1981,7
26,"Tseshkovsky, Vitaly",URS,2575,1981,7
26,"Christiansen, Larry M.",USA,2575,1981,7
29,"Browne, Walter S.",USA,2570,1981,7
30,"Miles, Anthony J.",ENG,2565,1981,7
30,"Gulko, Boris F.",URS,2565,1981,7
30,"Vaganian, Rafael A.",URS,2565,1981,7
30,"Seirawan, Yasser",USA,2565,1981,7
34,"Gheorghiu, Florin",ROM,2560,1981,7
34,"Tal, Mikhail N.",URS,2560,1981,7
36,"Sax, Gyula",HUN,2550,1981,7
36,"Geller, Efim P.",URS,2550,1981,7
36,"Krogius, Nikolai V.",URS,2550,1981,7
36,"Kuzmin, Gennadi P.",URS,2550,1981,7
36,"Ivanovic, Bozidar",YUG,2550,1981,7
41,"Mikhalchishin, Adrian",URS,2545,1981,7
41,"Sveshnikov, Evgeny",URS,2545,1981,7
41,"Vasiukov, Evgeni",URS,2545,1981,7
41,"Gligoric, Svetozar",YUG,2545,1981,7
45,"Smejkal, Jan",CSR,2540,1981,7
45,"Kochyev, Alexander",URS,2540,1981,7
45,"Rashkovsky, Nukhim N.",URS,2540,1981,7
45,"Tarjan, James E.",USA,2540,1981,7
49,"Psakhis, Lev",URS,2535,1981,7
50,"Adorjan, Andras",HUN,2530,1981,7
50,"Olafsson, Fridrik",ISL,2530,1981,7
50,"Chandler, Murray G.",NZL,2530,1981,7
50,"Grunberg, Sergiu Henric",ROM,2530,1981,7
50,"Makarichev, Sergey",URS,2530,1981,7
50,"Panchenko, Alexander N.",URS,2530,1981,7
56,"Ftacnik, Lubomir",CSR,2525,1981,7
56,"Schmid, Lothar",GER,2525,1981,7
56,"Torre, Eugenio",PHI,2525,1981,7
56,"Evans, Larry M.",USA,2525,1981,7
60,"Quinteros, Miguel A.",ARG,2520,1981,7
60,"Speelman, Jonathan S.",ENG,2520,1981,7
60,"Gufeld, Eduard",URS,2520,1981,7
60,"Kholmov, Ratmir D.",URS,2520,1981,7
60,"Lerner, Konstantin Z.",URS,2520,1981,7
60,"Taimanov, Mark E.",URS,2520,1981,7
60,"Velimirovic, Dragoljub",YUG,2520,1981,7
67,"Farago, Ivan",HUN,2515,1981,7
67,"Gruenfeld, Yehuda",ISR,2515,1981,7
67,"Giorgadze, Tamaz",URS,2515,1981,7
67,"Lombardy, William J.",USA,2515,1981,7
67,"Marjanovic, Slavoljub",YUG,2515,1981,7
72,"Najdorf, Miguel",ARG,2510,1981,7
72,"Uhlmann, Wolfgang",GDR,2510,1981,7
72,"Pinter, Jozsef",HUN,2510,1981,7
72,"Szabo, Laszlo",HUN,2510,1981,7
72,"Ree, Hans",NED,2510,1981,7
72,"Razuvaev, Yuri S.",URS,2510,1981,7
72,"Byrne, Robert E.",USA,2510,1981,7
72,"Lein, Anatoly",USA,2510,1981,7
72,"Ivkov, Borislav",YUG,2510,1981,7
72,"Nikolic, Predrag",YUG,2510,1981,7
82,"Panno, Oscar",ARG,2505,1981,7
82,"Ivanov, Igor V.",CAN,2505,1981,7
82,"Unzicker, Wolfgang",GER,2505,1981,7
82,"Bagirov, Vladimir",URS,2505,1981,7
82,"Bronstein, David I.",URS,2505,1981,7
82,"Dorfman, Josif D.",URS,2505,1981,7
82,"Timoshchenko, Gennadi A.",URS,2505,1981,7
82,"Zhidkov, Valery S.",URS,2505,1981,7
82,"Rogoff, Kenneth S.",USA,2505,1981,7
82,"Parma, Bruno",YUG,2505,1981,7
92,"Nogueiras, Jesus",CUB,2500,1981,7
92,"Pfleger, Helmut",GER,2500,1981,7
92,"Csom, Istvan",HUN,2500,1981,7
92,"Suba, Mihai",ROM,2500,1981,7
92,"Tseitlin, Mikhail S.",URS,2500,1981,7
92,"Shamkovich, Leonid",USA,2500,1981,7
92,"Cebalo, Miso",YUG,2500,1981,7
92,"Kurajica, Bojan",YUG,2500,1981,7
92,"Matanovic, Aleksandar",YUG,2500,1981,7
1,"Karpov, Anatoly",URS,2720,1982,1
2,"Timman, Jan H.",NED,2655,1982,1
3,"Kortschnoj, Viktor",SUI,2645,1982,1
4,"Kasparov, Garry",URS,2640,1982,1
5,"Portisch, Lajos",HUN,2630,1982,1
6,"Spassky, Boris V.",URS,2625,1982,1
7,"Huebner, Robert",GER,2620,1982,1
8,"Mecking, Henrique",BRA,2615,1982,1
8,"Beliavsky, Alexander G.",URS,2615,1982,1
10,"Larsen, Bent",DEN,2605,1982,1
10,"Andersson, Ulf",SWE,2605,1982,1
10,"Petrosian, Tigran",URS,2605,1982,1
10,"Tal, Mikhail N.",URS,2605,1982,1
14,"Polugaevsky, Lev",URS,2600,1982,1
14,"Ljubojevic, Ljubomir",YUG,2600,1982,1
16,"Balashov, Yuri S.",URS,2595,1982,1
16,"Tseshkovsky, Vitaly",URS,2595,1982,1
18,"Hort, Vlastimil",CSR,2590,1982,1
18,"Nunn, John D. M.",ENG,2590,1982,1
18,"Ribli, Zoltan",HUN,2590,1982,1
18,"Dolmatov, Sergey",URS,2590,1982,1
18,"Kavalek, Lubomir",USA,2590,1982,1
23,"Browne, Walter S.",USA,2585,1982,1
23,"Christiansen, Larry M.",USA,2585,1982,1
25,"Sosonko, Gennadi",NED,2580,1982,1
25,"Romanishin, Oleg M.",URS,2580,1982,1
27,"Miles, Anthony J.",ENG,2575,1982,1
27,"Seirawan, Yasser",USA,2575,1982,1
29,"Smejkal, Jan",CSR,2570,1982,1
29,"Kupreichik, Viktor D.",URS,2570,1982,1
31,"Gulko, Boris F.",URS,2565,1982,1
31,"Smyslov, Vassily",URS,2565,1982,1
33,"Ftacnik, Lubomir",CSR,2560,1982,1
34,"Yusupov, Artur",URS,2555,1982,1
35,"Speelman, Jonathan S.",ENG,2550,1982,1
35,"Sax, Gyula",HUN,2550,1982,1
35,"Gheorghiu, Florin",ROM,2550,1982,1
35,"Krogius, Nikolai V.",URS,2550,1982,1
35,"Vaganian, Rafael A.",URS,2550,1982,1
35,"Alburt, Lev O.",USA,2550,1982,1
41,"Geller, Efim P.",URS,2545,1982,1
41,"Kuzmin, Gennadi P.",URS,2545,1982,1
41,"Psakhis, Lev",URS,2545,1982,1
44,"Torre, Eugenio",PHI,2535,1982,1
44,"Gligoric, Svetozar",YUG,2535,1982,1
46,"Olafsson, Fridrik",ISL,2530,1982,1
46,"Mikhalchishin, Adrian",URS,2530,1982,1
48,"Schmid, Lothar",GER,2525,1982,1
48,"Sveshnikov, Evgeny",URS,2525,1982,1
50,"Pinter, Jozsef",HUN,2520,1982,1
50,"Tarjan, James E.",USA,2520,1982,1
52,"Ivanov, Igor V.",CAN,2515,1982,1
52,"Uhlmann, Wolfgang",GDR,2515,1982,1
52,"Adorjan, Andras",HUN,2515,1982,1
52,"Rashkovsky, Nukhim N.",URS,2515,1982,1
52,"Byrne, Robert E.",USA,2515,1982,1
52,"Evans, Larry M.",USA,2515,1982,1
52,"Marjanovic, Slavoljub",YUG,2515,1982,1
59,"Najdorf, Miguel",ARG,2510,1982,1
59,"Panno, Oscar",ARG,2510,1982,1
59,"Unzicker, Wolfgang",GER,2510,1982,1
59,"Szabo, Laszlo",HUN,2510,1982,1
59,"Dorfman, Josif D.",URS,2510,1982,1
59,"Taimanov, Mark E.",URS,2510,1982,1
59,"Kurajica, Bojan",YUG,2510,1982,1
66,"Quinteros, Miguel A.",ARG,2505,1982,1
66,"Radulov, Ivan",BUL,2505,1982,1
66,"Keene, Raymond D.",ENG,2505,1982,1
66,"Stean, Michael F.",ENG,2505,1982,1
66,"Csom, Istvan",HUN,2505,1982,1
66,"Gruenfeld, Yehuda",ISR,2505,1982,1
66,"Franco Ocampos, Zenon",PAR,2505,1982,1
66,"Kochyev, Alexander",URS,2505,1982,1
66,"Makarichev, Sergey",URS,2505,1982,1
66,"Palatnik, Semon",URS,2505,1982,1
66,"Lombardy, William J.",USA,2505,1982,1
66,"Rogoff, Kenneth S.",USA,2505,1982,1
78,"Mestel, A. Jonathan",ENG,2500,1982,1
78,"Pfleger, Helmut",GER,2500,1982,1
78,"Suba, Mihai",ROM,2500,1982,1
78,"Karlsson, Lars",SWE,2500,1982,1
78,"Giorgadze, Tamaz",URS,2500,1982,1
78,"Lerner, Konstantin Z.",URS,2500,1982,1
78,"Tukmakov, Vladimir B.",URS,2500,1982,1
78,"Reshevsky, Samuel H.",USA,2500,1982,1
78,"Velimirovic, Dragoljub",YUG,2500,1982,1
87,"Inkiov, Ventzislav",BUL,2495,1982,1
87,"Nogueiras, Jesus",CUB,2495,1982,1
87,"Knaak, Rainer",GDR,2495,1982,1
87,"Vogt, Lothar",GDR,2495,1982,1
87,"Darga, Klaus",GER,2495,1982,1
87,"Bagirov, Vladimir",URS,2495,1982,1
87,"Bronstein, David I.",URS,2495,1982,1
87,"Gurgenidze, Bukhuti",URS,2495,1982,1
87,"Kholmov, Ratmir D.",URS,2495,1982,1
87,"Ney, Iivo",URS,2495,1982,1
87,"Timoshchenko, Gennadi A.",URS,2495,1982,1
87,"Vasiukov, Evgeni",URS,2495,1982,1
87,"Vladimirov, Evgeny",URS,2495,1982,1
87,"Cebalo, Miso",YUG,2495,1982,1
1,"Karpov, Anatoly",URS,2700,1982,7
2,"Kasparov, Garry",URS,2675,1982,7
3,"Kortschnoj, Viktor",SUI,2635,1982,7
4,"Huebner, Robert",GER,2630,1982,7
5,"Portisch, Lajos",HUN,2625,1982,7
6,"Beliavsky, Alexander G.",URS,2620,1982,7
7,"Mecking, Henrique",BRA,2615,1982,7
7,"Psakhis, Lev",URS,2615,1982,7
7,"Ljubojevic, Ljubomir",YUG,2615,1982,7
10,"Spassky, Boris V.",FRA,2610,1982,7
10,"Andersson, Ulf",SWE,2610,1982,7
10,"Polugaevsky, Lev",URS,2610,1982,7
10,"Tal, Mikhail N.",URS,2610,1982,7
14,"Petrosian, Tigran",URS,2605,1982,7
15,"Hort, Vlastimil",CSR,2600,1982,7
15,"Timman, Jan H.",NED,2600,1982,7
17,"Larsen, Bent",DEN,2595,1982,7
17,"Seirawan, Yasser",USA,2595,1982,7
19,"Browne, Walter S.",USA,2590,1982,7
20,"Romanishin, Oleg M.",URS,2585,1982,7
21,"Ribli, Zoltan",HUN,2580,1982,7
22,"Speelman, Jonathan S.",ENG,2575,1982,7
22,"Sosonko, Gennadi",NED,2575,1982,7
22,"Tseshkovsky, Vitaly",URS,2575,1982,7
25,"Kavalek, Lubomir",USA,2570,1982,7
26,"Smejkal, Jan",CSR,2565,1982,7
26,"Miles, Anthony J.",ENG,2565,1982,7
26,"Nunn, John D. M.",ENG,2565,1982,7
26,"Geller, Efim P.",URS,2565,1982,7
26,"Smyslov, Vassily",URS,2565,1982,7
26,"Alburt, Lev O.",USA,2565,1982,7
32,"Sax, Gyula",HUN,2560,1982,7
32,"Kovacevic, Vladimir",YUG,2560,1982,7
34,"Balashov, Yuri S.",URS,2555,1982,7
34,"Dolmatov, Sergey",URS,2555,1982,7
34,"Tukmakov, Vladimir B.",URS,2555,1982,7
34,"Yusupov, Artur",URS,2555,1982,7
38,"Pinter, Jozsef",HUN,2550,1982,7
38,"Krogius, Nikolai V.",URS,2550,1982,7
38,"Vaganian, Rafael A.",URS,2550,1982,7
41,"Kurajica, Bojan",YUG,2545,1982,7
42,"Mestel, A. Jonathan",ENG,2540,1982,7
43,"Ftacnik, Lubomir",CSR,2535,1982,7
43,"Torre, Eugenio",PHI,2535,1982,7
43,"Gheorghiu, Florin",ROM,2535,1982,7
46,"Stean, Michael F.",ENG,2530,1982,7
46,"Schmid, Lothar",GER,2530,1982,7
46,"Agzamov, Georgy T.",URS,2530,1982,7
46,"Dorfman, Josif D.",URS,2530,1982,7
46,"Kupreichik, Viktor D.",URS,2530,1982,7
46,"Gligoric, Svetozar",YUG,2530,1982,7
46,"Nikolic, Predrag",YUG,2530,1982,7
53,"Suba, Mihai",ROM,2525,1982,7
53,"Rashkovsky, Nukhim N.",URS,2525,1982,7
53,"Henley, Ron W.",USA,2525,1982,7
56,"Quinteros, Miguel A.",ARG,2520,1982,7
56,"Van der Wiel, John T. H.",NED,2520,1982,7
56,"Tarjan, James E.",USA,2520,1982,7
59,"Najdorf, Miguel",ARG,2515,1982,7
59,"Gulko, Boris F.",URS,2515,1982,7
59,"Byrne, Robert E.",USA,2515,1982,7
59,"Evans, Larry M.",USA,2515,1982,7
59,"Djuric, Stefan",YUG,2515,1982,7
64,"Uhlmann, Wolfgang",GDR,2510,1982,7
64,"Adorjan, Andras",HUN,2510,1982,7
64,"Ogaard, Leif",NOR,2510,1982,7
64,"Taimanov, Mark E.",URS,2510,1982,7
64,"Gurevich, Dmitry",USA,2510,1982,7
64,"Ivanovic, Bozidar",YUG,2510,1982,7
70,"Ivanov, Igor V.",CAN,2505,1982,7
70,"Chandler, Murray G.",ENG,2505,1982,7
70,"Keene, Raymond D.",ENG,2505,1982,7
70,"Knaak, Rainer",GDR,2505,1982,7
70,"Pfleger, Helmut",GER,2505,1982,7
70,"Karlsson, Lars",SWE,2505,1982,7
70,"Bronstein, David I.",URS,2505,1982,7
70,"Kochyev, Alexander",URS,2505,1982,7
70,"Kuzmin, Gennadi P.",URS,2505,1982,7
70,"Makarichev, Sergey",URS,2505,1982,7
70,"Palatnik, Semon",URS,2505,1982,7
70,"Christiansen, Larry M.",USA,2505,1982,7
70,"Lombardy, William J.",USA,2505,1982,7
70,"Rogoff, Kenneth S.",USA,2505,1982,7
84,"Panno, Oscar",ARG,2500,1982,7
84,"Sunye Neto, Jaime",BRA,2500,1982,7
84,"Garcia Gonzales, Guillermo",CUB,2500,1982,7
84,"Murrey, Jacob",ISR,2500,1982,7
84,"Bagirov, Vladimir",URS,2500,1982,7
84,"Gurgenidze, Bukhuti",URS,2500,1982,7
84,"Lerner, Konstantin Z.",URS,2500,1982,7
84,"Vladimirov, Evgeny",URS,2500,1982,7
92,"Nogueiras, Jesus",CUB,2495,1982,7
92,"Csom, Istvan",HUN,2495,1982,7
92,"Olafsson, Fridrik",ISL,2495,1982,7
92,"Schussler, Harry",SWE,2495,1982,7
92,"Giorgadze, Tamaz",URS,2495,1982,7
92,"Kholmov, Ratmir D.",URS,2495,1982,7
92,"Mikhalchishin, Adrian",URS,2495,1982,7
92,"Ney, Iivo",URS,2495,1982,7
92,"Razuvaev, Yuri S.",URS,2495,1982,7
1,"Karpov, Anatoly",URS,2710,1983,1
2,"Kasparov, Garry",URS,2690,1983,1
3,"Ljubojevic, Ljubomir",YUG,2645,1983,1
4,"Andersson, Ulf",SWE,2630,1983,1
5,"Huebner, Robert",GER,2625,1983,1
5,"Polugaevsky, Lev",URS,2625,1983,1
7,"Portisch, Lajos",HUN,2620,1983,1
7,"Tal, Mikhail N.",URS,2620,1983,1
9,"Spassky, Boris V.",FRA,2605,1983,1
9,"Timman, Jan H.",NED,2605,1983,1
9,"Petrosian, Tigran",URS,2605,1983,1
12,"Kortschnoj, Viktor",SUI,2600,1983,1
12,"Seirawan, Yasser",USA,2600,1983,1
14,"Ribli, Zoltan",HUN,2595,1983,1
14,"Smyslov, Vassily",URS,2595,1983,1
16,"Hort, Vlastimil",CSR,2585,1983,1
16,"Miles, Anthony J.",ENG,2585,1983,1
16,"Sosonko, Gennadi",NED,2585,1983,1
16,"Romanishin, Oleg M.",URS,2585,1983,1
20,"Torre, Eugenio",PHI,2580,1983,1
20,"Psakhis, Lev",URS,2580,1983,1
20,"Tukmakov, Vladimir B.",URS,2580,1983,1
23,"Geller, Efim P.",URS,2575,1983,1
24,"Nunn, John D. M.",ENG,2570,1983,1
24,"Speelman, Jonathan S.",ENG,2570,1983,1
24,"Beliavsky, Alexander G.",URS,2570,1983,1
27,"Yusupov, Artur",URS,2565,1983,1
28,"Ftacnik, Lubomir",CSR,2560,1983,1
28,"Smejkal, Jan",CSR,2560,1983,1
28,"Sax, Gyula",HUN,2560,1983,1
28,"Tseshkovsky, Vitaly",URS,2560,1983,1
28,"Alburt, Lev O.",USA,2560,1983,1
28,"Kavalek, Lubomir",USA,2560,1983,1
34,"Larsen, Bent",DEN,2555,1983,1
34,"Kovacevic, Vladimir",YUG,2555,1983,1
36,"Dolmatov, Sergey",URS,2550,1983,1
36,"Vaganian, Rafael A.",URS,2550,1983,1
38,"Balashov, Yuri S.",URS,2540,1983,1
38,"Dorfman, Josif D.",URS,2540,1983,1
38,"Browne, Walter S.",USA,2540,1983,1
41,"Pinter, Jozsef",HUN,2535,1983,1
41,"Suba, Mihai",ROM,2535,1983,1
41,"Agzamov, Georgy T.",URS,2535,1983,1
41,"Tarjan, James E.",USA,2535,1983,1
45,"Ivanov, Igor V.",CAN,2530,1983,1
45,"Schmid, Lothar",GER,2530,1983,1
45,"Adorjan, Andras",HUN,2530,1983,1
45,"Van der Wiel, John T. H.",NED,2530,1983,1
49,"Lerner, Konstantin Z.",URS,2525,1983,1
49,"Henley, Ron W.",USA,2525,1983,1
51,"Razuvaev, Yuri S.",URS,2520,1983,1
51,"Christiansen, Larry M.",USA,2520,1983,1
53,"Najdorf, Miguel",ARG,2515,1983,1
53,"Quinteros, Miguel A.",ARG,2515,1983,1
53,"Garcia Gonzales, Guillermo",CUB,2515,1983,1
53,"Lobron, Eric",GER,2515,1983,1
53,"Taimanov, Mark E.",URS,2515,1983,1
53,"Byrne, Robert E.",USA,2515,1983,1
53,"Evans, Larry M.",USA,2515,1983,1
53,"Lombardy, William J.",USA,2515,1983,1
53,"Djuric, Stefan",YUG,2515,1983,1
53,"Hulak, Krunoslav",YUG,2515,1983,1
53,"Popovic, Petar",YUG,2515,1983,1
64,"Short, Nigel D.",ENG,2510,1983,1
64,"Vogt, Lothar",GDR,2510,1983,1
64,"Chekhov, Valery A.",URS,2510,1983,1
64,"Kuzmin, Gennadi P.",URS,2510,1983,1
64,"Gligoric, Svetozar",YUG,2510,1983,1
64,"Kurajica, Bojan",YUG,2510,1983,1
70,"Mestel, A. Jonathan",ENG,2505,1983,1
70,"Knaak, Rainer",GDR,2505,1983,1
70,"Uhlmann, Wolfgang",GDR,2505,1983,1
70,"Pfleger, Helmut",GER,2505,1983,1
70,"Csom, Istvan",HUN,2505,1983,1
70,"Farago, Ivan",HUN,2505,1983,1
70,"Groszpeter, Attila",HUN,2505,1983,1
70,"Karlsson, Lars",SWE,2505,1983,1
70,"Sveshnikov, Evgeny",URS,2505,1983,1
70,"Kudrin, Sergey",USA,2505,1983,1
70,"Rogoff, Kenneth S.",USA,2505,1983,1
81,"Panno, Oscar",ARG,2500,1983,1
81,"Inkiov, Ventzislav",BUL,2500,1983,1
81,"Chandler, Murray G.",ENG,2500,1983,1
81,"Stean, Michael F.",ENG,2500,1983,1
81,"Murrey, Jacob",ISR,2500,1983,1
81,"Ree, Hans",NED,2500,1983,1
81,"Franco Ocampos, Zenon",PAR,2500,1983,1
81,"Wedberg, Tom",SWE,2500,1983,1
81,"Bagirov, Vladimir",URS,2500,1983,1
81,"Makarichev, Sergey",URS,2500,1983,1
81,"Vladimirov, Evgeny",URS,2500,1983,1
81,"Yudasin, Leonid",URS,2500,1983,1
93,"Radulov, Ivan",BUL,2495,1983,1
93,"Spraggett, Kevin",CAN,2495,1983,1
93,"Olafsson, Fridrik",ISL,2495,1983,1
93,"Gheorghiu, Florin",ROM,2495,1983,1
93,"Giorgadze, Tamaz",URS,2495,1983,1
93,"Gurgenidze, Bukhuti",URS,2495,1983,1
93,"Lputian, Smbat G.",URS,2495,1983,1
93,"Ney, Iivo",URS,2495,1983,1
1,"Karpov, Anatoly",URS,2710,1983,7
2,"Kasparov, Garry",URS,2690,1983,7
3,"Ljubojevic, Ljubomir",YUG,2645,1983,7
4,"Andersson, Ulf",SWE,2640,1983,7
5,"Huebner, Robert",GER,2620,1983,7
5,"Polugaevsky, Lev",URS,2620,1983,7
5,"Tal, Mikhail N.",URS,2620,1983,7
5,"Vaganian, Rafael A.",URS,2620,1983,7
9,"Ribli, Zoltan",HUN,2615,1983,7
10,"Kortschnoj, Viktor",SUI,2610,1983,7
11,"Spassky, Boris V.",FRA,2605,1983,7
11,"Timman, Jan H.",NED,2605,1983,7
11,"Seirawan, Yasser",USA,2605,1983,7
14,"Portisch, Lajos",HUN,2600,1983,7
14,"Smyslov, Vassily",URS,2600,1983,7
16,"Hort, Vlastimil",CSR,2595,1983,7
17,"Nunn, John D. M.",ENG,2590,1983,7
17,"Tukmakov, Vladimir B.",URS,2590,1983,7
19,"Miles, Anthony J.",ENG,2585,1983,7
20,"Petrosian, Tigran",URS,2580,1983,7
21,"Sosonko, Gennadi",NED,2575,1983,7
21,"Romanishin, Oleg M.",URS,2575,1983,7
23,"Sax, Gyula",HUN,2570,1983,7
23,"Torre, Eugenio",PHI,2570,1983,7
23,"Alburt, Lev O.",USA,2570,1983,7
26,"Larsen, Bent",DEN,2565,1983,7
26,"Beliavsky, Alexander G.",URS,2565,1983,7
28,"Smejkal, Jan",CSR,2560,1983,7
28,"Browne, Walter S.",USA,2560,1983,7
28,"Kavalek, Lubomir",USA,2560,1983,7
31,"Suba, Mihai",ROM,2555,1983,7
31,"Dolmatov, Sergey",URS,2555,1983,7
31,"Yusupov, Artur",URS,2555,1983,7
34,"Geller, Efim P.",URS,2550,1983,7
35,"Balashov, Yuri S.",URS,2545,1983,7
35,"Dorfman, Josif D.",URS,2545,1983,7
37,"Kovacevic, Vladimir",YUG,2540,1983,7
37,"Nikolic, Predrag",YUG,2540,1983,7
39,"Ftacnik, Lubomir",CSR,2535,1983,7
39,"Speelman, Jonathan S.",ENG,2535,1983,7
39,"Adorjan, Andras",HUN,2535,1983,7
39,"Agzamov, Georgy T.",URS,2535,1983,7
39,"Tarjan, James E.",USA,2535,1983,7
44,"Schmid, Lothar",GER,2530,1983,7
44,"Chekhov, Valery A.",URS,2530,1983,7
44,"Lputian, Smbat G.",URS,2530,1983,7
44,"Hulak, Krunoslav",YUG,2530,1983,7
48,"Pinter, Jozsef",HUN,2525,1983,7
48,"Psakhis, Lev",URS,2525,1983,7
48,"Razuvaev, Yuri S.",URS,2525,1983,7
48,"Tseshkovsky, Vitaly",URS,2525,1983,7
48,"Henley, Ron W.",USA,2525,1983,7
48,"Kurajica, Bojan",YUG,2525,1983,7
54,"Kuzmin, Gennadi P.",URS,2520,1983,7
54,"De Firmian, Nick E.",USA,2520,1983,7
54,"Lombardy, William J.",USA,2520,1983,7
57,"Panno, Oscar",ARG,2515,1983,7
57,"Ivanov, Igor V.",CAN,2515,1983,7
57,"Van der Wiel, John T. H.",NED,2515,1983,7
57,"Sveshnikov, Evgeny",URS,2515,1983,7
57,"Taimanov, Mark E.",URS,2515,1983,7
57,"Vaiser, Anatoly V.",URS,2515,1983,7
57,"Byrne, Robert E.",USA,2515,1983,7
57,"Christiansen, Larry M.",USA,2515,1983,7
57,"Evans, Larry M.",USA,2515,1983,7
57,"Ivanovic, Bozidar",YUG,2515,1983,7
57,"Popovic, Petar",YUG,2515,1983,7
68,"Makarichev, Sergey",URS,2510,1983,7
68,"Gurevich, Dmitry",USA,2510,1983,7
68,"Kudrin, Sergey",USA,2510,1983,7
71,"Uhlmann, Wolfgang",GDR,2505,1983,7
71,"Pfleger, Helmut",GER,2505,1983,7
71,"Karlsson, Lars",SWE,2505,1983,7
71,"Bagirov, Vladimir",URS,2505,1983,7
71,"Rogoff, Kenneth S.",USA,2505,1983,7
71,"Gligoric, Svetozar",YUG,2505,1983,7
77,"Quinteros, Miguel A.",ARG,2500,1983,7
77,"Inkiov, Ventzislav",BUL,2500,1983,7
77,"Mestel, A. Jonathan",ENG,2500,1983,7
77,"Stean, Michael F.",ENG,2500,1983,7
77,"Kindermann, Stefan",GER,2500,1983,7
77,"Csom, Istvan",HUN,2500,1983,7
77,"Ree, Hans",NED,2500,1983,7
77,"Vladimirov, Evgeny",URS,2500,1983,7
77,"Peters, John A.",USA,2500,1983,7
77,"Djuric, Stefan",YUG,2500,1983,7
77,"Rajkovic, Dusan",YUG,2500,1983,7
88,"Najdorf, Miguel",ARG,2495,1983,7
88,"Hebden, Mark",ENG,2495,1983,7
88,"Keene, Raymond D.",ENG,2495,1983,7
88,"Farago, Ivan",HUN,2495,1983,7
88,"Olafsson, Fridrik",ISL,2495,1983,7
88,"Franco Ocampos, Zenon",PAR,2495,1983,7
88,"Wedberg, Tom",SWE,2495,1983,7
88,"Giorgadze, Tamaz",URS,2495,1983,7
88,"Lerner, Konstantin Z.",URS,2495,1983,7
88,"Rashkovsky, Nukhim N.",URS,2495,1983,7
98,"Sunye Neto, Jaime",BRA,2490,1983,7
98,"Radulov, Ivan",BUL,2490,1983,7
98,"Spraggett, Kevin",CAN,2490,1983,7
1,"Kasparov, Garry",URS,2710,1984,1
2,"Karpov, Anatoly",URS,2700,1984,1
3,"Kortschnoj, Viktor",SUI,2635,1984,1
3,"Ljubojevic, Ljubomir",YUG,2635,1984,1
5,"Andersson, Ulf",SWE,2630,1984,1
5,"Vaganian, Rafael A.",URS,2630,1984,1
7,"Portisch, Lajos",HUN,2625,1984,1
8,"Huebner, Robert",GER,2620,1984,1
8,"Tal, Mikhail N.",URS,2620,1984,1
10,"Hort, Vlastimil",CSR,2615,1984,1
10,"Spassky, Boris V.",FRA,2615,1984,1
10,"Polugaevsky, Lev",URS,2615,1984,1
13,"Miles, Anthony J.",ENG,2610,1984,1
13,"Ribli, Zoltan",HUN,2610,1984,1
13,"Timman, Jan H.",NED,2610,1984,1
16,"Nunn, John D. M.",ENG,2600,1984,1
16,"Smyslov, Vassily",URS,2600,1984,1
18,"Browne, Walter S.",USA,2585,1984,1
19,"Petrosian, Tigran",URS,2580,1984,1
19,"Romanishin, Oleg M.",URS,2580,1984,1
21,"Sax, Gyula",HUN,2575,1984,1
22,"Ftacnik, Lubomir",CSR,2570,1984,1
22,"Adorjan, Andras",HUN,2570,1984,1
22,"Agzamov, Georgy T.",URS,2570,1984,1
22,"Yusupov, Artur",URS,2570,1984,1
22,"Nikolic, Predrag",YUG,2570,1984,1
27,"Larsen, Bent",DEN,2565,1984,1
27,"Torre, Eugenio",PHI,2565,1984,1
27,"Beliavsky, Alexander G.",URS,2565,1984,1
30,"Sosonko, Gennadi",NED,2560,1984,1
30,"Geller, Efim P.",URS,2560,1984,1
32,"Kovacevic, Vladimir",YUG,2555,1984,1
33,"Ivanov, Igor V.",CAN,2550,1984,1
33,"Tukmakov, Vladimir B.",URS,2550,1984,1
33,"Christiansen, Larry M.",USA,2550,1984,1
36,"Smejkal, Jan",CSR,2545,1984,1
36,"Gurevich, Dmitry",USA,2545,1984,1
36,"Kavalek, Lubomir",USA,2545,1984,1
39,"Spraggett, Kevin",CAN,2540,1984,1
39,"Mestel, A. Jonathan",ENG,2540,1984,1
39,"Lputian, Smbat G.",URS,2540,1984,1
42,"Balashov, Yuri S.",URS,2535,1984,1
42,"Chekhov, Valery A.",URS,2535,1984,1
42,"Psakhis, Lev",URS,2535,1984,1
45,"Schmid, Lothar",GER,2530,1984,1
46,"Farago, Ivan",HUN,2525,1984,1
46,"Suba, Mihai",ROM,2525,1984,1
46,"Dolmatov, Sergey",URS,2525,1984,1
46,"Seirawan, Yasser",USA,2525,1984,1
46,"Ivanovic, Bozidar",YUG,2525,1984,1
46,"Marjanovic, Slavoljub",YUG,2525,1984,1
52,"Lobron, Eric",GER,2520,1984,1
52,"Byrne, Robert E.",USA,2520,1984,1
52,"Kudrin, Sergey",USA,2520,1984,1
55,"Panno, Oscar",ARG,2515,1984,1
55,"Garcia Gonzales, Guillermo",CUB,2515,1984,1
55,"Chandler, Murray G.",ENG,2515,1984,1
55,"Yrjola, Jouni",FIN,2515,1984,1
55,"Pinter, Jozsef",HUN,2515,1984,1
55,"Van der Wiel, John T. H.",NED,2515,1984,1
55,"Dorfman, Josif D.",URS,2515,1984,1
55,"Sveshnikov, Evgeny",URS,2515,1984,1
55,"Taimanov, Mark E.",URS,2515,1984,1
55,"Alburt, Lev O.",USA,2515,1984,1
55,"De Firmian, Nick E.",USA,2515,1984,1
55,"Popovic, Petar",YUG,2515,1984,1
67,"Gligoric, Svetozar",YUG,2510,1984,1
67,"Hulak, Krunoslav",YUG,2510,1984,1
69,"Quinteros, Miguel A.",ARG,2505,1984,1
69,"Uhlmann, Wolfgang",GDR,2505,1984,1
69,"Csom, Istvan",HUN,2505,1984,1
69,"Kuzmin, Gennadi P.",URS,2505,1984,1
69,"Tseshkovsky, Vitaly",URS,2505,1984,1
69,"Lombardy, William J.",USA,2505,1984,1
69,"Tarjan, James E.",USA,2505,1984,1
76,"Short, Nigel D.",ENG,2500,1984,1
76,"Stean, Michael F.",ENG,2500,1984,1
76,"Rivas Pastor, Manuel",ESP,2500,1984,1
76,"Pfleger, Helmut",GER,2500,1984,1
76,"Arnason, Jon L.",ISL,2500,1984,1
76,"Razuvaev, Yuri S.",URS,2500,1984,1
76,"Peters, John A.",USA,2500,1984,1
76,"Djuric, Stefan",YUG,2500,1984,1
76,"Velimirovic, Dragoljub",YUG,2500,1984,1
85,"Najdorf, Miguel",ARG,2495,1984,1
85,"Speelman, Jonathan S.",ENG,2495,1984,1
85,"Olafsson, Fridrik",ISL,2495,1984,1
85,"Gheorghiu, Florin",ROM,2495,1984,1
85,"Wedberg, Tom",SWE,2495,1984,1
85,"Giorgadze, Tamaz",URS,2495,1984,1
85,"Makarichev, Sergey",URS,2495,1984,1
85,"Sokolov, Andrei",URS,2495,1984,1
85,"Evans, Larry M.",USA,2495,1984,1
85,"Henley, Ron W.",USA,2495,1984,1
85,"Abramovic, Bosko",YUG,2495,1984,1
85,"Kurajica, Bojan",YUG,2495,1984,1
97,"Donchev, Dimitar I.",BUL,2490,1984,1
97,"Inkiov, Ventzislav",BUL,2490,1984,1
97,"Knaak, Rainer",GDR,2490,1984,1
97,"Groszpeter, Attila",HUN,2490,1984,1
1,"Kasparov, Garry",URS,2715,1984,7
2,"Karpov, Anatoly",URS,2705,1984,7
3,"Timman, Jan H.",NED,2650,1984,7
4,"Portisch, Lajos",HUN,2640,1984,7
5,"Kortschnoj, Viktor",SUI,2635,1984,7
6,"Polugaevsky, Lev",URS,2625,1984,7
6,"Vaganian, Rafael A.",URS,2625,1984,7
8,"Ljubojevic, Ljubomir",YUG,2615,1984,7
9,"Huebner, Robert",GER,2610,1984,7
9,"Smyslov, Vassily",URS,2610,1984,7
11,"Hort, Vlastimil",CSR,2605,1984,7
11,"Tal, Mikhail N.",URS,2605,1984,7
13,"Ribli, Zoltan",HUN,2600,1984,7
13,"Beliavsky, Alexander G.",URS,2600,1984,7
15,"Ftacnik, Lubomir",CSR,2595,1984,7
15,"Andersson, Ulf",SWE,2595,1984,7
17,"Spassky, Boris V.",FRA,2590,1984,7
17,"Yusupov, Artur",URS,2590,1984,7
19,"Nikolic, Predrag",YUG,2585,1984,7
20,"Adorjan, Andras",HUN,2580,1984,7
20,"Petrosian, Tigran",URS,2580,1984,7
20,"Browne, Walter S.",USA,2580,1984,7
23,"Nunn, John D. M.",ENG,2575,1984,7
24,"Agzamov, Georgy T.",URS,2570,1984,7
25,"Miles, Anthony J.",ENG,2565,1984,7
25,"Sax, Gyula",HUN,2565,1984,7
25,"Sosonko, Gennadi",NED,2565,1984,7
25,"Psakhis, Lev",URS,2565,1984,7
25,"Kavalek, Lubomir",USA,2565,1984,7
25,"Seirawan, Yasser",USA,2565,1984,7
31,"Arkhipov, Sergey",URS,2560,1984,7
32,"Lputian, Smbat G.",URS,2550,1984,7
32,"Tukmakov, Vladimir B.",URS,2550,1984,7
32,"Kudrin, Sergey",USA,2550,1984,7
35,"Mestel, A. Jonathan",ENG,2545,1984,7
35,"Geller, Efim P.",URS,2545,1984,7
35,"Christiansen, Larry M.",USA,2545,1984,7
38,"Spraggett, Kevin",CAN,2540,1984,7
38,"Smejkal, Jan",CSR,2540,1984,7
38,"Chandler, Murray G.",ENG,2540,1984,7
38,"Dolmatov, Sergey",URS,2540,1984,7
38,"Dorfman, Josif D.",URS,2540,1984,7
43,"Larsen, Bent",DEN,2535,1984,7
43,"Van der Wiel, John T. H.",NED,2535,1984,7
45,"Knaak, Rainer",GDR,2530,1984,7
45,"Schmid, Lothar",GER,2530,1984,7
45,"Torre, Eugenio",PHI,2530,1984,7
45,"Romanishin, Oleg M.",URS,2530,1984,7
45,"Sveshnikov, Evgeny",URS,2530,1984,7
45,"Kurajica, Bojan",YUG,2530,1984,7
51,"Zapata, Alonso",COL,2525,1984,7
51,"Pinter, Jozsef",HUN,2525,1984,7
51,"Popovic, Petar",YUG,2525,1984,7
54,"Farago, Ivan",HUN,2520,1984,7
54,"Hjartarson, Johann",ISL,2520,1984,7
54,"Olafsson, Helgi",ISL,2520,1984,7
54,"Chekhov, Valery A.",URS,2520,1984,7
54,"Benjamin, Joel",USA,2520,1984,7
54,"Dzindzichashvili, Roman",USA,2520,1984,7
60,"Panno, Oscar",ARG,2515,1984,7
60,"Georgiev, Kiril",BUL,2515,1984,7
60,"Yrjola, Jouni",FIN,2515,1984,7
60,"Balashov, Yuri S.",URS,2515,1984,7
60,"Ivanovic, Bozidar",YUG,2515,1984,7
60,"Marjanovic, Slavoljub",YUG,2515,1984,7
66,"Nogueiras, Jesus",CUB,2510,1984,7
66,"Short, Nigel D.",ENG,2510,1984,7
66,"Petursson, Margeir",ISL,2510,1984,7
66,"Razuvaev, Yuri S.",URS,2510,1984,7
66,"Taimanov, Mark E.",URS,2510,1984,7
66,"Byrne, Robert E.",USA,2510,1984,7
66,"Kovacevic, Vladimir",YUG,2510,1984,7
73,"Donchev, Dimitar I.",BUL,2505,1984,7
73,"Ivanov, Igor V.",CAN,2505,1984,7
73,"Hansen, Curt",DEN,2505,1984,7
73,"Utasi, Tamas",HUN,2505,1984,7
73,"Arnason, Jon L.",ISL,2505,1984,7
73,"Gheorghiu, Florin",ROM,2505,1984,7
73,"Ehlvest, Jaan",URS,2505,1984,7
73,"Gavrikov, Viktor",URS,2505,1984,7
73,"Kuzmin, Gennadi P.",URS,2505,1984,7
73,"Sokolov, Andrei",URS,2505,1984,7
73,"Gurevich, Dmitry",USA,2505,1984,7
73,"Lombardy, William J.",USA,2505,1984,7
73,"Tarjan, James E.",USA,2505,1984,7
73,"Velimirovic, Dragoljub",YUG,2505,1984,7
87,"Garcia Palermo, Carlos",ARG,2500,1984,7
87,"Speelman, Jonathan S.",ENG,2500,1984,7
87,"Stean, Michael F.",ENG,2500,1984,7
87,"Rivas Pastor, Manuel",ESP,2500,1984,7
87,"Csom, Istvan",HUN,2500,1984,7
87,"Karlsson, Lars",SWE,2500,1984,7
87,"Giorgadze, Tamaz",URS,2500,1984,7
87,"Peters, John A.",USA,2500,1984,7
87,"Cebalo, Miso",YUG,2500,1984,7
96,"Najdorf, Miguel",ARG,2495,1984,7
96,"Quinteros, Miguel A.",ARG,2495,1984,7
96,"Lobron, Eric",GER,2495,1984,7
96,"Eingorn, Vereslav S.",URS,2495,1984,7
96,"Malaniuk, Vladimir P.",URS,2495,1984,7
1,"Kasparov, Garry",URS,2715,1985,1
2,"Karpov, Anatoly",URS,2705,1985,1
3,"Timman, Jan H.",NED,2650,1985,1
4,"Vaganian, Rafael A.",URS,2640,1985,1
5,"Portisch, Lajos",HUN,2635,1985,1
5,"Beliavsky, Alexander G.",URS,2635,1985,1
7,"Kortschnoj, Viktor",SUI,2630,1985,1
8,"Polugaevsky, Lev",URS,2625,1985,1
9,"Nunn, John D. M.",ENG,2615,1985,1
9,"Ribli, Zoltan",HUN,2615,1985,1
11,"Huebner, Robert",GER,2605,1985,1
12,"Smyslov, Vassily",URS,2600,1985,1
13,"Ljubojevic, Ljubomir",YUG,2595,1985,1
14,"Agzamov, Georgy T.",URS,2590,1985,1
14,"Yusupov, Artur",URS,2590,1985,1
16,"Chandler, Murray G.",ENG,2585,1985,1
17,"Spassky, Boris V.",FRA,2580,1985,1
18,"Andersson, Ulf",SWE,2575,1985,1
18,"Nikolic, Predrag",YUG,2575,1985,1
20,"Miles, Anthony J.",ENG,2570,1985,1
20,"Romanishin, Oleg M.",URS,2570,1985,1
20,"Tukmakov, Vladimir B.",URS,2570,1985,1
20,"Dzindzichashvili, Roman",USA,2570,1985,1
24,"Adorjan, Andras",HUN,2565,1985,1
24,"Sax, Gyula",HUN,2565,1985,1
24,"Tal, Mikhail N.",URS,2565,1985,1
27,"Spraggett, Kevin",CAN,2560,1985,1
27,"Hort, Vlastimil",CSR,2560,1985,1
27,"Christiansen, Larry M.",USA,2560,1985,1
27,"Seirawan, Yasser",USA,2560,1985,1
31,"Smejkal, Jan",CSR,2555,1985,1
31,"Psakhis, Lev",URS,2555,1985,1
31,"Kavalek, Lubomir",USA,2555,1985,1
34,"Karlsson, Lars",SWE,2550,1985,1
34,"Arkhipov, Sergey",URS,2550,1985,1
34,"Gavrikov, Viktor",URS,2550,1985,1
34,"Sokolov, Andrei",URS,2550,1985,1
38,"Ftacnik, Lubomir",CSR,2545,1985,1
38,"Nogueiras, Jesus",CUB,2545,1985,1
40,"Mestel, A. Jonathan",ENG,2540,1985,1
40,"Pinter, Jozsef",HUN,2540,1985,1
40,"Torre, Eugenio",PHI,2540,1985,1
40,"Dolmatov, Sergey",URS,2540,1985,1
40,"Geller, Efim P.",URS,2540,1985,1
40,"Benjamin, Joel",USA,2540,1985,1
40,"De Firmian, Nick E.",USA,2540,1985,1
40,"Popovic, Petar",YUG,2540,1985,1
48,"Georgiev, Kiril",BUL,2535,1985,1
48,"Zapata, Alonso",COL,2535,1985,1
48,"Short, Nigel D.",ENG,2535,1985,1
48,"Petursson, Margeir",ISL,2535,1985,1
48,"Sosonko, Gennadi",NED,2535,1985,1
48,"Alburt, Lev O.",USA,2535,1985,1
48,"Kurajica, Bojan",YUG,2535,1985,1
55,"Quinteros, Miguel A.",ARG,2530,1985,1
55,"Speelman, Jonathan S.",ENG,2530,1985,1
55,"Knaak, Rainer",GDR,2530,1985,1
55,"Schmid, Lothar",GER,2530,1985,1
55,"Hjartarson, Johann",ISL,2530,1985,1
55,"Gheorghiu, Florin",ROM,2530,1985,1
55,"Lputian, Smbat G.",URS,2530,1985,1
55,"Sveshnikov, Evgeny",URS,2530,1985,1
55,"Browne, Walter S.",USA,2530,1985,1
55,"Kovacevic, Vladimir",YUG,2530,1985,1
65,"Dorfman, Josif D.",URS,2525,1985,1
65,"Eingorn, Vereslav S.",URS,2525,1985,1
65,"Salov, Valery",URS,2525,1985,1
65,"Tarjan, James E.",USA,2525,1985,1
69,"Garcia Palermo, Carlos",ARG,2520,1985,1
69,"Larsen, Bent",DEN,2520,1985,1
69,"Horvath, Jozsef",HUN,2520,1985,1
69,"Kuzmin, Gennadi P.",URS,2520,1985,1
69,"Lerner, Konstantin Z.",URS,2520,1985,1
69,"Razuvaev, Yuri S.",URS,2520,1985,1
69,"Fedorowicz, John P.",USA,2520,1985,1
76,"Panno, Oscar",ARG,2515,1985,1
76,"Ermenkov, Evgenij",BUL,2515,1985,1
76,"Olafsson, Helgi",ISL,2515,1985,1
76,"Ivanovic, Bozidar",YUG,2515,1985,1
80,"Sunye Neto, Jaime",BRA,2510,1985,1
80,"Petrosian, Arshak B.",URS,2510,1985,1
80,"Byrne, Robert E.",USA,2510,1985,1
80,"Gligoric, Svetozar",YUG,2510,1985,1
80,"Ivkov, Borislav",YUG,2510,1985,1
85,"Rodriguez, Amador",CUB,2505,1985,1
85,"Hansen, Curt",DEN,2505,1985,1
85,"Lobron, Eric",GER,2505,1985,1
85,"Ehlvest, Jaan",URS,2505,1985,1
85,"Mikhalchishin, Adrian",URS,2505,1985,1
85,"Henley, Ron W.",USA,2505,1985,1
85,"Marjanovic, Slavoljub",YUG,2505,1985,1
92,"Stean, Michael F.",ENG,2500,1985,1
92,"Yrjola, Jouni",FIN,2500,1985,1
92,"Van der Wiel, John T. H.",NED,2500,1985,1
92,"Agdestein, Simen",NOR,2500,1985,1
92,"Wedberg, Tom",SWE,2500,1985,1
92,"Giorgadze, Tamaz",URS,2500,1985,1
92,"Kogan, Boris M.",USA,2500,1985,1
92,"Lombardy, William J.",USA,2500,1985,1
92,"Velimirovic, Dragoljub",YUG,2500,1985,1
1,"Karpov, Anatoly",URS,2720,1985,7
2,"Kasparov, Garry",URS,2700,1985,7
3,"Timman, Jan H.",NED,2640,1985,7
4,"Beliavsky, Alexander G.",URS,2640,1985,7
5,"Kortschnoj, Viktor",SUI,2630,1985,7
6,"Portisch, Lajos",HUN,2625,1985,7
7,"Vaganian, Rafael A.",URS,2625,1985,7
8,"Huebner, Robert",GER,2620,1985,7
9,"Ljubojevic, Ljubomir",YUG,2615,1985,7
10,"Ribli, Zoltan",HUN,2605,1985,7
11,"Nunn, John D. M.",ENG,2600,1985,7
12,"Yusupov, Artur",URS,2600,1985,7
13,"Polugaevsky, Lev",URS,2600,1985,7
14,"Smyslov, Vassily",URS,2595,1985,7
15,"Andersson, Ulf",SWE,2590,1985,7
15,"Romanishin, Oleg M.",URS,2590,1985,7
17,"Spassky, Boris V.",FRA,2590,1985,7
18,"Short, Nigel D.",ENG,2575,1985,7
19,"Gavrikov, Viktor",URS,2570,1985,7
20,"Seirawan, Yasser",USA,2570,1985,7
21,"Dzindzichashvili, Roman",USA,2570,1985,7
22,"Nikolic, Predrag",YUG,2565,1985,7
23,"Tukmakov, Vladimir B.",URS,2565,1985,7
24,"Larsen, Bent",DEN,2565,1985,7
25,"Pinter, Jozsef",HUN,2565,1985,7
26,"Smejkal, Jan",CSR,2565,1985,7
27,"Tal, Mikhail N.",URS,2565,1985,7
28,"Chernin, Alexander",URS,2560,1985,7
29,"Agzamov, Georgy T.",URS,2560,1985,7
30,"Miles, Anthony J.",ENG,2560,1985,7
31,"Christiansen, Larry M.",USA,2560,1985,7
32,"Nogueiras, Jesus",CUB,2555,1985,7
33,"Sokolov, Andrei",URS,2555,1985,7
34,"Kavalek, Lubomir",USA,2555,1985,7
35,"Cebalo, Miso",YUG,2550,1985,7
36,"Spraggett, Kevin",CAN,2550,1985,7
36,"Lputian, Smbat G.",URS,2550,1985,7
38,"Georgiev, Kiril",BUL,2550,1985,7
39,"Petursson, Margeir",ISL,2550,1985,7
40,"Sveshnikov, Evgeny",URS,2545,1985,7
40,"De Firmian, Nick E.",USA,2545,1985,7
42,"Hort, Vlastimil",CSR,2545,1985,7
43,"Arkhipov, Sergey",URS,2545,1985,7
44,"Marjanovic, Slavoljub",YUG,2540,1985,7
45,"Psakhis, Lev",URS,2540,1985,7
46,"Popovic, Petar",YUG,2535,1985,7
47,"Adorjan, Andras",HUN,2535,1985,7
48,"Sax, Gyula",HUN,2535,1985,7
49,"Benjamin, Joel",USA,2535,1985,7
50,"Torre, Eugenio",PHI,2535,1985,7
51,"Mestel, A. Jonathan",ENG,2535,1985,7
52,"Velimirovic, Dragoljub",YUG,2530,1985,7
53,"Eingorn, Vereslav S.",URS,2530,1985,7
54,"Speelman, Jonathan S.",ENG,2530,1985,7
55,"Sosonko, Gennadi",NED,2530,1985,7
56,"Karlsson, Lars",SWE,2530,1985,7
57,"Schmid, Lothar",GER,2530,1985,7
58,"Lobron, Eric",GER,2525,1985,7
59,"Chandler, Murray G.",ENG,2525,1985,7
60,"Quinteros, Miguel A.",ARG,2525,1985,7
61,"Knaak, Rainer",GDR,2525,1985,7
62,"Tarjan, James E.",USA,2525,1985,7
63,"Ermenkov, Evgenij",BUL,2520,1985,7
64,"Razuvaev, Yuri S.",URS,2520,1985,7
65,"Van der Wiel, John T. H.",NED,2520,1985,7
66,"Geller, Efim P.",URS,2520,1985,7
67,"Dorfman, Josif D.",URS,2520,1985,7
68,"Dolmatov, Sergey",URS,2520,1985,7
69,"Horvath, Jozsef",HUN,2520,1985,7
69,"Gligoric, Svetozar",YUG,2520,1985,7
71,"Garcia Palermo, Carlos",ARG,2515,1985,7
72,"Olafsson, Helgi",ISL,2515,1985,7
72,"Gheorghiu, Florin",ROM,2515,1985,7
74,"Vaiser, Anatoly V.",URS,2515,1985,7
75,"Uhlmann, Wolfgang",GDR,2515,1985,7
76,"Fedorowicz, John P.",USA,2515,1985,7
77,"Agdestein, Simen",NOR,2515,1985,7
78,"Farago, Ivan",HUN,2510,1985,7
79,"Zapata, Alonso",COL,2510,1985,7
80,"Ivkov, Borislav",YUG,2510,1985,7
81,"Rogers, Ian",AUS,2510,1985,7
82,"Rukavina, Josip",YUG,2510,1985,7
83,"Lerner, Konstantin Z.",URS,2510,1985,7
84,"Lombardy, William J.",USA,2510,1985,7
85,"Balashov, Yuri S.",URS,2510,1985,7
86,"Alburt, Lev O.",USA,2510,1985,7
87,"Browne, Walter S.",USA,2510,1985,7
88,"Kurajica, Bojan",YUG,2505,1985,7
89,"Suba, Mihai",ROM,2505,1985,7
90,"Mikhalchishin, Adrian",URS,2505,1985,7
91,"Hjartarson, Johann",ISL,2505,1985,7
92,"Rodriguez, Amador",CUB,2505,1985,7
93,"Kovacevic, Vladimir",YUG,2505,1985,7
94,"Giorgadze, Tamaz",URS,2505,1985,7
95,"Salov, Valery",URS,2505,1985,7
96,"Panno, Oscar",ARG,2505,1985,7
97,"Byrne, Robert E.",USA,2505,1985,7
98,"Henley, Ron W.",USA,2505,1985,7
99,"Ftacnik, Lubomir",CSR,2500,1985,7
100,"Hansen, Curt",DEN,2500,1985,7
1,"Kasparov, Garry",URS,2720,1986,1
2,"Karpov, Anatoly",URS,2700,1986,1
3,"Timman, Jan H.",NED,2645,1986,1
4,"Vaganian, Rafael A.",URS,2645,1986,1
5,"Yusupov, Artur",URS,2645,1986,1
6,"Kortschnoj, Viktor",SUI,2635,1986,1
7,"Beliavsky, Alexander G.",URS,2625,1986,1
8,"Huebner, Robert",GER,2625,1986,1
9,"Miles, Anthony J.",ENG,2610,1986,1
10,"Portisch, Lajos",HUN,2610,1986,1
11,"Spassky, Boris V.",FRA,2610,1986,1
12,"Seirawan, Yasser",USA,2605,1986,1
13,"Ljubojevic, Ljubomir",YUG,2605,1986,1
14,"Tal, Mikhail N.",URS,2600,1986,1
15,"Sokolov, Andrei",URS,2595,1986,1
16,"Short, Nigel D.",ENG,2585,1986,1
17,"Ribli, Zoltan",HUN,2585,1986,1
18,"Nunn, John D. M.",ENG,2585,1986,1
19,"Andersson, Ulf",SWE,2585,1986,1
20,"Velimirovic, Dragoljub",YUG,2575,1986,1
21,"Polugaevsky, Lev",URS,2575,1986,1
22,"Smyslov, Vassily",URS,2575,1986,1
23,"Larsen, Bent",DEN,2575,1986,1
24,"Chernin, Alexander",URS,2570,1986,1
25,"Nogueiras, Jesus",CUB,2570,1986,1
26,"Tukmakov, Vladimir B.",URS,2570,1986,1
27,"Nikolic, Predrag",YUG,2565,1986,1
28,"Speelman, Jonathan S.",ENG,2560,1986,1
29,"Romanishin, Oleg M.",URS,2560,1986,1
30,"Eingorn, Vereslav S.",URS,2560,1986,1
31,"Sveshnikov, Evgeny",URS,2560,1986,1
32,"Kavalek, Lubomir",USA,2560,1986,1
33,"Benjamin, Joel",USA,2555,1986,1
34,"Van der Wiel, John T. H.",NED,2555,1986,1
35,"Adorjan, Andras",HUN,2555,1986,1
36,"Christiansen, Larry M.",USA,2555,1986,1
37,"Pinter, Jozsef",HUN,2555,1986,1
38,"Psakhis, Lev",URS,2555,1986,1
39,"Garcia Palermo, Carlos",ARG,2550,1986,1
40,"Smejkal, Jan",CSR,2550,1986,1
41,"Gavrikov, Viktor",URS,2550,1986,1
42,"Sax, Gyula",HUN,2545,1986,1
43,"Dlugy, Maxim",USA,2545,1986,1
44,"Suba, Mihai",ROM,2545,1986,1
45,"Popovic, Petar",YUG,2545,1986,1
46,"Hort, Vlastimil",CSR,2545,1986,1
46,"Olafsson, Helgi",ISL,2545,1986,1
48,"Arkhipov, Sergey",URS,2545,1986,1
49,"Georgiev, Kiril",BUL,2545,1986,1
50,"Agzamov, Georgy T.",URS,2545,1986,1
50,"Lputian, Smbat G.",URS,2545,1986,1
52,"Dzindzichashvili, Roman",USA,2540,1986,1
53,"Lein, Anatoly",USA,2535,1986,1
54,"Spraggett, Kevin",CAN,2535,1986,1
55,"Gruenfeld, Yehuda",ISR,2535,1986,1
55,"Agdestein, Simen",NOR,2535,1986,1
57,"Chandler, Murray G.",ENG,2535,1986,1
58,"Campora, Daniel H.",ARG,2530,1986,1
59,"Lerner, Konstantin Z.",URS,2530,1986,1
60,"Schmid, Lothar",GER,2530,1986,1
61,"Gheorghiu, Florin",ROM,2525,1986,1
62,"Ivkov, Borislav",YUG,2525,1986,1
63,"Torre, Eugenio",PHI,2525,1986,1
64,"Mestel, A. Jonathan",ENG,2525,1986,1
65,"Geller, Efim P.",URS,2525,1986,1
66,"Razuvaev, Yuri S.",URS,2525,1986,1
67,"Salov, Valery",URS,2525,1986,1
68,"Sosonko, Gennadi",NED,2525,1986,1
69,"Tarjan, James E.",USA,2525,1986,1
70,"Farago, Ivan",HUN,2520,1986,1
71,"Barbero, Gerardo F.",ARG,2520,1986,1
72,"Karlsson, Lars",SWE,2520,1986,1
73,"Ricardi, Pablo",ARG,2520,1986,1
74,"Petursson, Margeir",ISL,2520,1986,1
75,"De Firmian, Nick E.",USA,2520,1986,1
76,"Dorfman, Josif D.",URS,2520,1986,1
77,"Rogers, Ian",AUS,2515,1986,1
78,"Cebalo, Miso",YUG,2515,1986,1
79,"Alburt, Lev O.",USA,2515,1986,1
80,"Panno, Oscar",ARG,2515,1986,1
81,"Balashov, Yuri S.",URS,2515,1986,1
82,"Ftacnik, Lubomir",CSR,2515,1986,1
82,"Ubilava, Elizbar",URS,2515,1986,1
84,"Dolmatov, Sergey",URS,2515,1986,1
85,"Zapata, Alonso",COL,2515,1986,1
85,"Gligoric, Svetozar",YUG,2515,1986,1
87,"Hansen, Curt",DEN,2510,1986,1
88,"Quinteros, Miguel A.",ARG,2510,1986,1
89,"Browne, Walter S.",USA,2510,1986,1
90,"Knaak, Rainer",GDR,2510,1986,1
91,"Vaiser, Anatoly V.",URS,2510,1986,1
92,"Gurevich, Mikhail",URS,2510,1986,1
93,"Mikhalchishin, Adrian",URS,2510,1986,1
94,"Rodriguez, Amador",CUB,2505,1986,1
95,"Hulak, Krunoslav",YUG,2505,1986,1
96,"Hjartarson, Johann",ISL,2505,1986,1
97,"Csom, Istvan",HUN,2505,1986,1
98,"Uhlmann, Wolfgang",GDR,2505,1986,1
99,"Greenfeld, Alon",ISR,2505,1986,1
100,"Gulko, Boris F.",URS,2505,1986,1
1,"Kasparov, Garry",URS,2740,1986,7
2,"Karpov, Anatoly",URS,2705,1986,7
3,"Yusupov, Artur",URS,2660,1986,7
4,"Kortschnoj, Viktor",SUI,2650,1986,7
5,"Spassky, Boris V.",FRA,2620,1986,7
6,"Timman, Jan H.",NED,2620,1986,7
7,"Huebner, Robert",GER,2620,1986,7
8,"Sokolov, Andrei",URS,2620,1986,7
9,"Short, Nigel D.",ENG,2615,1986,7
10,"Portisch, Lajos",HUN,2605,1986,7
11,"Nikolic, Predrag",YUG,2600,1986,7
12,"Ljubojevic, Ljubomir",YUG,2600,1986,7
13,"Andersson, Ulf",SWE,2600,1986,7
14,"Vaganian, Rafael A.",URS,2600,1986,7
15,"Tal, Mikhail N.",URS,2600,1986,7
16,"Nunn, John D. M.",ENG,2590,1986,7
17,"Sax, Gyula",HUN,2585,1986,7
18,"Ribli, Zoltan",HUN,2585,1986,7
19,"Beliavsky, Alexander G.",URS,2585,1986,7
20,"Seirawan, Yasser",USA,2580,1986,7
21,"Suba, Mihai",ROM,2580,1986,7
22,"Tukmakov, Vladimir B.",URS,2575,1986,7
23,"Polugaevsky, Lev",URS,2575,1986,7
24,"Miles, Anthony J.",ENG,2570,1986,7
25,"Van der Wiel, John T. H.",NED,2570,1986,7
26,"Eingorn, Vereslav S.",URS,2570,1986,7
27,"Velimirovic, Dragoljub",YUG,2570,1986,7
28,"Nogueiras, Jesus",CUB,2570,1986,7
29,"Larsen, Bent",DEN,2565,1986,7
30,"Chandler, Murray G.",ENG,2565,1986,7
31,"Chernin, Alexander",URS,2565,1986,7
32,"Romanishin, Oleg M.",URS,2560,1986,7
33,"Christiansen, Larry M.",USA,2560,1986,7
34,"Olafsson, Helgi",ISL,2560,1986,7
35,"Adorjan, Andras",HUN,2560,1986,7
36,"Gheorghiu, Florin",ROM,2555,1986,7
37,"Ftacnik, Lubomir",CSR,2555,1986,7
38,"Pinter, Jozsef",HUN,2555,1986,7
39,"Psakhis, Lev",URS,2555,1986,7
40,"Smyslov, Vassily",URS,2555,1986,7
40,"Kavalek, Lubomir",USA,2555,1986,7
42,"Barlov, Dragan",YUG,2550,1986,7
43,"Gruenfeld, Yehuda",ISR,2550,1986,7
44,"Lerner, Konstantin Z.",URS,2550,1986,7
45,"Salov, Valery",URS,2550,1986,7
46,"Gavrikov, Viktor",URS,2550,1986,7
47,"Hort, Vlastimil",GER,2545,1986,7
48,"Agdestein, Simen",NOR,2545,1986,7
49,"Benjamin, Joel",USA,2540,1986,7
50,"Hulak, Krunoslav",YUG,2540,1986,7
51,"Gurevich, Mikhail",URS,2540,1986,7
52,"Smejkal, Jan",CSR,2540,1986,7
53,"Popovic, Petar",YUG,2540,1986,7
54,"Torre, Eugenio",PHI,2540,1986,7
55,"Arkhipov, Sergey",URS,2540,1986,7
56,"Boensch, Uwe",GDR,2535,1986,7
57,"Speelman, Jonathan S.",ENG,2535,1986,7
58,"Malaniuk, Vladimir P.",URS,2535,1986,7
59,"Razuvaev, Yuri S.",URS,2535,1986,7
59,"Sveshnikov, Evgeny",URS,2535,1986,7
61,"Georgiev, Kiril",BUL,2535,1986,7
62,"Sosonko, Gennadi",NED,2530,1986,7
63,"Balashov, Yuri S.",URS,2530,1986,7
64,"Hansen, Curt",DEN,2530,1986,7
65,"Fedorowicz, John P.",USA,2525,1986,7
66,"Mikhalchishin, Adrian",URS,2525,1986,7
67,"Alburt, Lev O.",USA,2525,1986,7
68,"Hjartarson, Johann",ISL,2525,1986,7
69,"Spraggett, Kevin",CAN,2525,1986,7
70,"Agzamov, Georgy T.",URS,2525,1986,7
71,"Tarjan, James E.",USA,2525,1986,7
72,"Mokry, Karel",CSR,2520,1986,7
73,"Farago, Ivan",HUN,2520,1986,7
74,"Lputian, Smbat G.",URS,2520,1986,7
75,"Gligoric, Svetozar",YUG,2520,1986,7
76,"Gulko, Boris F.",ISR,2520,1986,7
77,"Dorfman, Josif D.",URS,2520,1986,7
78,"Uhlmann, Wolfgang",GDR,2515,1986,7
78,"Marjanovic, Slavoljub",YUG,2515,1986,7
80,"Makarichev, Sergey",URS,2515,1986,7
81,"Ubilava, Elizbar",URS,2515,1986,7
82,"Garcia Palermo, Carlos",ARG,2515,1986,7
83,"Sunye Neto, Jaime",BRA,2515,1986,7
84,"Lobron, Eric",GER,2515,1986,7
85,"Rogers, Ian",AUS,2515,1986,7
85,"Morovic Fernandez, Ivan",CHI,2515,1986,7
87,"Campora, Daniel H.",ARG,2515,1986,7
88,"Panno, Oscar",ARG,2515,1986,7
89,"Petursson, Margeir",ISL,2510,1986,7
90,"Dolmatov, Sergey",URS,2510,1986,7
91,"Greenfeld, Alon",ISR,2510,1986,7
92,"Vasiukov, Evgeni",URS,2510,1986,7
93,"Arnason, Jon L.",ISL,2510,1986,7
94,"Flear, Glenn C.",ENG,2505,1986,7
95,"Gurevich, Dmitry",USA,2505,1986,7
96,"Knaak, Rainer",GDR,2505,1986,7
97,"Vogt, Lothar",GDR,2505,1986,7
98,"Giorgadze, Tamaz",URS,2505,1986,7
99,"Csom, Istvan",HUN,2505,1986,7
100,"Vaiser, Anatoly V.",URS,2505,1986,7
1,"Kasparov, Garry",URS,2735,1987,1
2,"Karpov, Anatoly",URS,2710,1987,1
3,"Yusupov, Artur",URS,2645,1987,1
4,"Sokolov, Andrei",URS,2645,1987,1
5,"Kortschnoj, Viktor",SUI,2625,1987,1
6,"Ljubojevic, Ljubomir",YUG,2620,1987,1
7,"Huebner, Robert",GER,2615,1987,1
8,"Short, Nigel D.",ENG,2615,1987,1
9,"Portisch, Lajos",HUN,2610,1987,1
10,"Spassky, Boris V.",FRA,2605,1987,1
11,"Tal, Mikhail N.",URS,2605,1987,1
12,"Andersson, Ulf",SWE,2600,1987,1
12,"Nikolic, Predrag",YUG,2600,1987,1
14,"Chandler, Murray G.",ENG,2595,1987,1
15,"Seirawan, Yasser",USA,2595,1987,1
16,"Georgiev, Kiril",BUL,2590,1987,1
17,"Timman, Jan H.",NED,2590,1987,1
18,"Van der Wiel, John T. H.",NED,2590,1987,1
19,"Vaganian, Rafael A.",URS,2590,1987,1
20,"Nunn, John D. M.",ENG,2585,1987,1
20,"Polugaevsky, Lev",URS,2585,1987,1
22,"Beliavsky, Alexander G.",URS,2585,1987,1
23,"Ribli, Zoltan",HUN,2580,1987,1
24,"Psakhis, Lev",URS,2575,1987,1
25,"Alburt, Lev O.",USA,2575,1987,1
26,"Malaniuk, Vladimir P.",URS,2575,1987,1
27,"Christiansen, Larry M.",USA,2575,1987,1
28,"Tukmakov, Vladimir B.",URS,2575,1987,1
29,"Pinter, Jozsef",HUN,2570,1987,1
30,"Romanishin, Oleg M.",URS,2570,1987,1
31,"Sax, Gyula",HUN,2570,1987,1
31,"Chernin, Alexander",URS,2570,1987,1
33,"Miles, Anthony J.",ENG,2565,1987,1
34,"Benjamin, Joel",USA,2565,1987,1
35,"Nogueiras, Jesus",CUB,2565,1987,1
36,"Larsen, Bent",DEN,2565,1987,1
37,"Suba, Mihai",ROM,2560,1987,1
38,"Kavalek, Lubomir",USA,2560,1987,1
39,"Agdestein, Simen",NOR,2560,1987,1
40,"Adorjan, Andras",HUN,2560,1987,1
41,"Granda Zuniga, Julio E.",PER,2555,1987,1
42,"Lerner, Konstantin Z.",URS,2555,1987,1
43,"Hort, Vlastimil",GER,2555,1987,1
44,"Spraggett, Kevin",CAN,2550,1987,1
45,"Campora, Daniel H.",ARG,2550,1987,1
46,"Speelman, Jonathan S.",ENG,2550,1987,1
47,"Olafsson, Helgi",ISL,2550,1987,1
48,"Smyslov, Vassily",URS,2550,1987,1
49,"Gavrikov, Viktor",URS,2550,1987,1
49,"Salov, Valery",URS,2550,1987,1
51,"Hjartarson, Johann",ISL,2545,1987,1
52,"Eingorn, Vereslav S.",URS,2545,1987,1
53,"Arnason, Jon L.",ISL,2540,1987,1
54,"Ftacnik, Lubomir",CSR,2540,1987,1
55,"Gheorghiu, Florin",ROM,2540,1987,1
56,"Lobron, Eric",GER,2540,1987,1
57,"Agzamov, Georgy T.",URS,2540,1987,1
58,"Hansen, Curt",DEN,2540,1987,1
59,"Dzindzichashvili, Roman",USA,2540,1987,1
60,"Torre, Eugenio",PHI,2540,1987,1
60,"Gurevich, Mikhail",URS,2540,1987,1
60,"Hulak, Krunoslav",YUG,2540,1987,1
60,"Popovic, Petar",YUG,2540,1987,1
64,"Lau, Ralf",GER,2535,1987,1
65,"Farago, Ivan",HUN,2535,1987,1
66,"Fedorowicz, John P.",USA,2535,1987,1
67,"Gurevich, Dmitry",USA,2535,1987,1
68,"Gruenfeld, Yehuda",ISR,2535,1987,1
69,"Petursson, Margeir",ISL,2535,1987,1
70,"Bareev, Evgeny",URS,2535,1987,1
71,"Velimirovic, Dragoljub",YUG,2535,1987,1
72,"Sveshnikov, Evgeny",URS,2535,1987,1
73,"Gutman, Lev",ISR,2530,1987,1
74,"Dokhoian, Yury",URS,2530,1987,1
75,"Garcia Palermo, Carlos",ARG,2530,1987,1
76,"Boensch, Uwe",GDR,2530,1987,1
77,"Chiburdanidze, Maia                    w",URS,2530,1987,1
78,"Sosonko, Gennadi",NED,2530,1987,1
79,"Rogers, Ian",AUS,2525,1987,1
80,"Smejkal, Jan",CSR,2525,1987,1
81,"Gulko, Boris F.",USA,2525,1987,1
82,"Balashov, Yuri S.",URS,2525,1987,1
83,"Uhlmann, Wolfgang",GDR,2525,1987,1
84,"Vladimirov, Evgeny",URS,2525,1987,1
85,"Morovic Fernandez, Ivan",CHI,2525,1987,1
86,"Tarjan, James E.",USA,2525,1987,1
87,"Kindermann, Stefan",GER,2520,1987,1
88,"Hodgson, Julian M.",ENG,2520,1987,1
88,"Pigusov, Evgeny",URS,2520,1987,1
90,"Dlugy, Maxim",USA,2520,1987,1
91,"Van der Sterren, Paul",NED,2520,1987,1
92,"Ionescu, Constantin",ROM,2520,1987,1
93,"Mikhalchishin, Adrian",URS,2520,1987,1
94,"Mestel, A. Jonathan",ENG,2520,1987,1
94,"Dorfman, Josif D.",URS,2520,1987,1
96,"Meduna, Eduard",CSR,2515,1987,1
97,"Khalifman, Alexander",URS,2515,1987,1
98,"Greenfeld, Alon",ISR,2515,1987,1
98,"Dolmatov, Sergey",URS,2515,1987,1
100,"Panno, Oscar",ARG,2515,1987,1
1,"Kasparov, Garry",URS,2740,1987,7
2,"Karpov, Anatoly",URS,2700,1987,7
3,"Yusupov, Artur",URS,2635,1987,7
4,"Sokolov, Andrei",URS,2635,1987,7
5,"Kortschnoj, Viktor",SUI,2630,1987,7
6,"Beliavsky, Alexander G.",URS,2630,1987,7
7,"Timman, Jan H.",NED,2630,1987,7
8,"Tal, Mikhail N.",URS,2625,1987,7
9,"Ljubojevic, Ljubomir",YUG,2625,1987,7
10,"Short, Nigel D.",ENG,2620,1987,7
11,"Nikolic, Predrag",YUG,2620,1987,7
12,"Speelman, Jonathan S.",ENG,2615,1987,7
13,"Portisch, Lajos",HUN,2615,1987,7
14,"Huebner, Robert",GER,2610,1987,7
15,"Georgiev, Kiril",BUL,2605,1987,7
16,"Andersson, Ulf",SWE,2600,1987,7
17,"Seirawan, Yasser",USA,2600,1987,7
18,"Ribli, Zoltan",HUN,2595,1987,7
19,"Vaganian, Rafael A.",URS,2595,1987,7
20,"Polugaevsky, Lev",URS,2595,1987,7
21,"Miles, Anthony J.",ENG,2585,1987,7
22,"Nunn, John D. M.",ENG,2585,1987,7
23,"Tukmakov, Vladimir B.",URS,2580,1987,7
24,"Chernin, Alexander",URS,2580,1987,7
25,"Psakhis, Lev",URS,2575,1987,7
26,"Eingorn, Vereslav S.",URS,2575,1987,7
27,"Chandler, Murray G.",ENG,2575,1987,7
28,"Salov, Valery",URS,2575,1987,7
29,"Benjamin, Joel",USA,2575,1987,7
30,"Pinter, Jozsef",HUN,2575,1987,7
31,"Christiansen, Larry M.",USA,2575,1987,7
32,"Hort, Vlastimil",GER,2570,1987,7
33,"Spassky, Boris V.",FRA,2570,1987,7
34,"Larsen, Bent",DEN,2570,1987,7
35,"Spraggett, Kevin",CAN,2570,1987,7
36,"Sax, Gyula",HUN,2570,1987,7
37,"Alburt, Lev O.",USA,2570,1987,7
38,"Agdestein, Simen",NOR,2565,1987,7
39,"Gulko, Boris F.",USA,2565,1987,7
40,"Kavalek, Lubomir",USA,2565,1987,7
41,"Popovic, Petar",YUG,2560,1987,7
42,"Smagin, Sergey",URS,2555,1987,7
43,"Barlov, Dragan",YUG,2555,1987,7
44,"Bareev, Evgeny",URS,2555,1987,7
45,"Nogueiras, Jesus",CUB,2555,1987,7
46,"Lau, Ralf",GER,2555,1987,7
47,"Romanishin, Oleg M.",URS,2555,1987,7
48,"Arnason, Jon L.",ISL,2555,1987,7
49,"Van der Wiel, John T. H.",NED,2550,1987,7
50,"Balashov, Yuri S.",URS,2550,1987,7
51,"Smyslov, Vassily",URS,2550,1987,7
52,"Rohde, Michael A.",USA,2550,1987,7
53,"Hjartarson, Johann",ISL,2550,1987,7
54,"Chiburdanidze, Maia                    w",URS,2550,1987,7
55,"Hansen, Curt",DEN,2550,1987,7
56,"Campora, Daniel H.",ARG,2545,1987,7
57,"Suba, Mihai",ROM,2545,1987,7
58,"Dlugy, Maxim",USA,2545,1987,7
59,"Malaniuk, Vladimir P.",URS,2545,1987,7
60,"Ftacnik, Lubomir",CSR,2545,1987,7
61,"Gurevich, Dmitry",USA,2545,1987,7
62,"Gruenfeld, Yehuda",ISR,2545,1987,7
63,"Ehlvest, Jaan",URS,2540,1987,7
64,"Lputian, Smbat G.",URS,2540,1987,7
65,"Dolmatov, Sergey",URS,2540,1987,7
66,"Azmaiparashvili, Zurab",URS,2540,1987,7
67,"Olafsson, Helgi",ISL,2540,1987,7
67,"Torre, Eugenio",PHI,2540,1987,7
69,"Morovic Fernandez, Ivan",CHI,2540,1987,7
70,"Adorjan, Andras",HUN,2540,1987,7
71,"Ivanovic, Bozidar",YUG,2535,1987,7
72,"Rogers, Ian",AUS,2535,1987,7
73,"Sosonko, Gennadi",NED,2535,1987,7
74,"Dzindzichashvili, Roman",USA,2535,1987,7
75,"Knaak, Rainer",GDR,2530,1987,7
76,"Watson, William N.",ENG,2530,1987,7
77,"Boensch, Uwe",GDR,2530,1987,7
78,"Lobron, Eric",GER,2530,1987,7
79,"Sokolov, Ivan",YUG,2525,1987,7
80,"Dokhoian, Yury",URS,2525,1987,7
81,"Gavrikov, Viktor",URS,2525,1987,7
82,"Gheorghiu, Florin",ROM,2525,1987,7
83,"Van der Sterren, Paul",NED,2525,1987,7
83,"Lerner, Konstantin Z.",URS,2525,1987,7
85,"Dorfman, Josif D.",URS,2525,1987,7
86,"Granda Zuniga, Julio E.",PER,2525,1987,7
87,"Gligoric, Svetozar",YUG,2525,1987,7
88,"Vladimirov, Evgeny",URS,2525,1987,7
88,"Tarjan, James E.",USA,2525,1987,7
90,"Lukacs, Peter",HUN,2520,1987,7
91,"Rajna, Gyorgy",HUN,2520,1987,7
92,"Velimirovic, Dragoljub",YUG,2520,1987,7
93,"Khalifman, Alexander",URS,2520,1987,7
94,"Garcia Palermo, Carlos",ARG,2520,1987,7
95,"Fedorowicz, John P.",USA,2520,1987,7
96,"Pigusov, Evgeny",URS,2520,1987,7
97,"Illescas Cordoba, Miguel",ESP,2520,1987,7
98,"Panno, Oscar",ARG,2520,1987,7
99,"Greenfeld, Alon",ISR,2520,1987,7
100,"Hebden, Mark",ENG,2515,1987,7
1,"Kasparov, Garry",URS,2750,1988,1
2,"Karpov, Anatoly",URS,2715,1988,1
3,"Timman, Jan H.",NED,2675,1988,1
4,"Beliavsky, Alexander G.",URS,2645,1988,1
5,"Kortschnoj, Viktor",SUI,2640,1988,1
6,"Nikolic, Predrag",YUG,2630,1988,1
7,"Short, Nigel D.",ENG,2630,1988,1
8,"Tal, Mikhail N.",URS,2630,1988,1
9,"Gurevich, Mikhail",URS,2625,1988,1
10,"Speelman, Jonathan S.",ENG,2625,1988,1
11,"Vaganian, Rafael A.",URS,2625,1988,1
12,"Yusupov, Artur",URS,2620,1988,1
13,"Ribli, Zoltan",HUN,2620,1988,1
14,"Nunn, John D. M.",ENG,2615,1988,1
15,"Ljubojevic, Ljubomir",YUG,2610,1988,1
16,"Portisch, Lajos",HUN,2610,1988,1
17,"Sax, Gyula",HUN,2610,1988,1
18,"Andersson, Ulf",SWE,2605,1988,1
19,"Gulko, Boris F.",USA,2595,1988,1
20,"Seirawan, Yasser",USA,2595,1988,1
21,"Salov, Valery",URS,2595,1988,1
22,"Huebner, Robert",GER,2595,1988,1
23,"Georgiev, Kiril",BUL,2595,1988,1
24,"Sokolov, Andrei",URS,2595,1988,1
25,"Chandler, Murray G.",ENG,2590,1988,1
26,"Hjartarson, Johann",ISL,2590,1988,1
27,"Hort, Vlastimil",GER,2590,1988,1
28,"Ehlvest, Jaan",URS,2585,1988,1
29,"Spraggett, Kevin",CAN,2580,1988,1
30,"Boensch, Uwe",GDR,2575,1988,1
31,"Christiansen, Larry M.",USA,2575,1988,1
32,"Polugaevsky, Lev",URS,2575,1988,1
33,"Romanishin, Oleg M.",URS,2570,1988,1
34,"Popovic, Petar",YUG,2570,1988,1
35,"Ftacnik, Lubomir",CSR,2570,1988,1
36,"Tukmakov, Vladimir B.",URS,2570,1988,1
37,"Pinter, Jozsef",HUN,2570,1988,1
37,"Eingorn, Vereslav S.",URS,2570,1988,1
39,"Larsen, Bent",DEN,2570,1988,1
40,"Benjamin, Joel",USA,2565,1988,1
41,"Dolmatov, Sergey",URS,2565,1988,1
42,"Spassky, Boris V.",FRA,2565,1988,1
43,"Fedorowicz, John P.",USA,2560,1988,1
44,"Nogueiras, Jesus",CUB,2560,1988,1
45,"Hansen, Curt",DEN,2560,1988,1
46,"Chernin, Alexander",URS,2560,1988,1
47,"Agdestein, Simen",NOR,2560,1988,1
48,"Chiburdanidze, Maia                    w",URS,2560,1988,1
49,"Kavalek, Lubomir",USA,2560,1988,1
50,"Kudrin, Sergey",USA,2555,1988,1
51,"Rohde, Michael A.",USA,2555,1988,1
52,"Van der Wiel, John T. H.",NED,2555,1988,1
53,"Lputian, Smbat G.",URS,2555,1988,1
54,"Bareev, Evgeny",URS,2555,1988,1
55,"Balashov, Yuri S.",URS,2555,1988,1
56,"Dlugy, Maxim",USA,2550,1988,1
57,"Psakhis, Lev",URS,2550,1988,1
58,"Gruenfeld, Yehuda",ISR,2550,1988,1
59,"Velimirovic, Dragoljub",YUG,2550,1988,1
60,"Suba, Mihai",ROM,2550,1988,1
61,"Smyslov, Vassily",URS,2550,1988,1
62,"Sokolov, Ivan",YUG,2545,1988,1
63,"Torre, Eugenio",PHI,2545,1988,1
64,"Gavrikov, Viktor",URS,2545,1988,1
65,"Smagin, Sergey",URS,2540,1988,1
66,"Petursson, Margeir",ISL,2540,1988,1
66,"Granda Zuniga, Julio E.",PER,2540,1988,1
68,"Miles, Anthony J.",USA,2540,1988,1
69,"Rodriguez, Amador",CUB,2540,1988,1
70,"Campora, Daniel H.",ARG,2540,1988,1
71,"Vyzmanavin, Alexey",URS,2540,1988,1
72,"Adorjan, Andras",HUN,2540,1988,1
73,"Lau, Ralf",GER,2540,1988,1
74,"Azmaiparashvili, Zurab",URS,2540,1988,1
75,"Watson, William N.",ENG,2535,1988,1
75,"Murrey, Jacob",FRA,2535,1988,1
77,"Ivanchuk, Vassily",URS,2535,1988,1
78,"Wilder, Michael",USA,2535,1988,1
79,"Gheorghiu, Florin",ROM,2535,1988,1
80,"Alburt, Lev O.",USA,2535,1988,1
81,"Morovic Fernandez, Ivan",CHI,2535,1988,1
82,"Sosonko, Gennadi",NED,2535,1988,1
83,"Cifuentes Parada, Roberto",CHI,2530,1988,1
84,"Browne, Walter S.",USA,2530,1988,1
85,"Ivanovic, Bozidar",YUG,2530,1988,1
86,"Wolff, Patrick G.",USA,2530,1988,1
87,"Dzindzichashvili, Roman",USA,2530,1988,1
88,"Damljanovic, Branko",YUG,2525,1988,1
89,"Knaak, Rainer",GDR,2525,1988,1
90,"Pigusov, Evgeny",URS,2525,1988,1
91,"Razuvaev, Yuri S.",URS,2525,1988,1
92,"Vladimirov, Evgeny",URS,2525,1988,1
93,"Adianto, Utut",INA,2525,1988,1
94,"Tarjan, James E.",USA,2525,1988,1
95,"Cvitan, Ognjen",YUG,2520,1988,1
96,"Anand, Viswanathan",IND,2520,1988,1
97,"Rogers, Ian",AUS,2520,1988,1
98,"Barlov, Dragan",YUG,2520,1988,1
99,"Dorfman, Josif D.",URS,2520,1988,1
100,"Kosten, Anthony C.",ENG,2515,1988,1
1,"Kasparov, Garry",URS,2760,1988,7
2,"Karpov, Anatoly",URS,2725,1988,7
3,"Short, Nigel D.",ENG,2665,1988,7
4,"Beliavsky, Alexander G.",URS,2655,1988,7
5,"Speelman, Jonathan S.",ENG,2645,1988,7
6,"Timman, Jan H.",NED,2640,1988,7
7,"Portisch, Lajos",HUN,2635,1988,7
8,"Gurevich, Mikhail",URS,2630,1988,7
9,"Ribli, Zoltan",HUN,2630,1988,7
10,"Ivanchuk, Vassily",URS,2625,1988,7
11,"Andersson, Ulf",SWE,2625,1988,7
12,"Nunn, John D. M.",ENG,2625,1988,7
13,"Salov, Valery",URS,2625,1988,7
14,"Hjartarson, Johann",ISL,2620,1988,7
15,"Yusupov, Artur",URS,2615,1988,7
16,"Nikolic, Predrag",YUG,2610,1988,7
17,"Seirawan, Yasser",USA,2610,1988,7
18,"Tal, Mikhail N.",URS,2610,1988,7
19,"Chandler, Murray G.",ENG,2605,1988,7
20,"Huebner, Robert",GER,2600,1988,7
21,"Sax, Gyula",HUN,2600,1988,7
22,"Sokolov, Andrei",URS,2600,1988,7
23,"Kortschnoj, Viktor",SUI,2595,1988,7
24,"Agdestein, Simen",NOR,2595,1988,7
25,"Hort, Vlastimil",GER,2595,1988,7
26,"Vaganian, Rafael A.",URS,2595,1988,7
27,"Georgiev, Kiril",BUL,2595,1988,7
28,"Tukmakov, Vladimir B.",URS,2590,1988,7
29,"Gulko, Boris F.",USA,2590,1988,7
30,"Ljubojevic, Ljubomir",YUG,2590,1988,7
31,"Ftacnik, Lubomir",CSR,2590,1988,7
32,"Polugaevsky, Lev",URS,2590,1988,7
33,"Gelfand, Boris",URS,2585,1988,7
34,"Ehlvest, Jaan",URS,2580,1988,7
35,"Spraggett, Kevin",CAN,2575,1988,7
36,"Sokolov, Ivan",YUG,2570,1988,7
37,"Damljanovic, Branko",YUG,2565,1988,7
38,"Chernin, Alexander",URS,2565,1988,7
39,"Vyzmanavin, Alexey",URS,2565,1988,7
40,"Rohde, Michael A.",USA,2565,1988,7
41,"Kavalek, Lubomir",USA,2565,1988,7
42,"Psakhis, Lev",URS,2560,1988,7
43,"Benjamin, Joel",USA,2560,1988,7
44,"Bareev, Evgeny",URS,2560,1988,7
45,"Larsen, Bent",DEN,2560,1988,7
46,"Eingorn, Vereslav S.",URS,2560,1988,7
47,"De Firmian, Nick E.",USA,2560,1988,7
48,"Spassky, Boris V.",FRA,2560,1988,7
49,"Anand, Viswanathan",IND,2555,1988,7
50,"Pinter, Jozsef",HUN,2555,1988,7
51,"Torre, Eugenio",PHI,2555,1988,7
52,"Chiburdanidze, Maia                    w",URS,2555,1988,7
53,"Kotronias, Vasilios",GRE,2550,1988,7
54,"Christiansen, Larry M.",USA,2550,1988,7
55,"Nogueiras, Jesus",CUB,2550,1988,7
56,"Greenfeld, Alon",ISR,2550,1988,7
57,"Romanishin, Oleg M.",URS,2550,1988,7
58,"Rodriguez, Amador",CUB,2550,1988,7
59,"Dolmatov, Sergey",URS,2550,1988,7
60,"Kharitonov, Andrei V.",URS,2550,1988,7
61,"Smagin, Sergey",URS,2550,1988,7
62,"Smyslov, Vassily",URS,2550,1988,7
63,"Kudrin, Sergey",USA,2545,1988,7
64,"Dlugy, Maxim",USA,2545,1988,7
65,"Murey, Jacob",FRA,2545,1988,7
66,"Gavrikov, Viktor",URS,2545,1988,7
67,"Morovic Fernandez, Ivan",CHI,2545,1988,7
68,"Lputian, Smbat G.",URS,2540,1988,7
69,"Balashov, Yuri S.",URS,2540,1988,7
70,"Ivanovic, Bozidar",YUG,2540,1988,7
71,"Csom, Istvan",HUN,2540,1988,7
72,"Van der Wiel, John T. H.",NED,2540,1988,7
73,"Velimirovic, Dragoljub",YUG,2540,1988,7
74,"Dorfman, Josif D.",URS,2540,1988,7
75,"Sosonko, Gennadi",NED,2540,1988,7
76,"Campora, Daniel H.",ARG,2540,1988,7
77,"Vladimirov, Evgeny",URS,2540,1988,7
78,"Azmaiparashvili, Zurab",URS,2540,1988,7
79,"Suba, Mihai",ROM,2535,1988,7
80,"Borges Mateos, Juan",CUB,2535,1988,7
81,"Kaidanov, Grigory S.",URS,2535,1988,7
82,"Granda Zuniga, Julio E.",PER,2535,1988,7
83,"Arnason, Jon L.",ISL,2535,1988,7
84,"Rogers, Ian",AUS,2535,1988,7
85,"Razuvaev, Yuri S.",URS,2535,1988,7
86,"Khalifman, Alexander",URS,2530,1988,7
87,"Lobron, Eric",GER,2530,1988,7
88,"Petursson, Margeir",ISL,2530,1988,7
89,"Pigusov, Evgeny",URS,2530,1988,7
90,"Popovic, Petar",YUG,2530,1988,7
91,"Vaiser, Anatoly V.",URS,2530,1988,7
92,"Goldin, Alexander",URS,2530,1988,7
93,"Milos, Gilberto",BRA,2530,1988,7
94,"Lerner, Konstantin Z.",URS,2530,1988,7
95,"Kindermann, Stefan",GER,2525,1988,7
96,"Hodgson, Julian M.",ENG,2525,1988,7
97,"Olafsson, Helgi",ISL,2525,1988,7
98,"Todorcevic, Miodrag",MNC,2525,1988,7
99,"Schussler, Harry",SWE,2525,1988,7
100,"Garcia Gonzales, Guillermo",CUB,2525,1988,7
1,"Kasparov, Garry",URS,2775,1989,1
2,"Karpov, Anatoly",URS,2750,1989,1
3,"Short, Nigel D.",ENG,2650,1989,1
4,"Beliavsky, Alexander G.",URS,2640,1989,1
5,"Speelman, Jonathan S.",ENG,2640,1989,1
6,"Ivanchuk, Vassily",URS,2635,1989,1
7,"Salov, Valery",URS,2630,1989,1
8,"Ribli, Zoltan",HUN,2625,1989,1
9,"Nunn, John D. M.",ENG,2620,1989,1
10,"Andersson, Ulf",SWE,2620,1989,1
11,"Hjartarson, Johann",ISL,2615,1989,1
12,"Yusupov, Artur",URS,2610,1989,1
13,"Timman, Jan H.",NED,2610,1989,1
14,"Kortschnoj, Viktor",SUI,2610,1989,1
14,"Gulko, Boris F.",USA,2610,1989,1
16,"Portisch, Lajos",HUN,2610,1989,1
17,"Lputian, Smbat G.",URS,2610,1989,1
18,"Sax, Gyula",HUN,2610,1989,1
19,"Tal, Mikhail N.",URS,2610,1989,1
20,"Seirawan, Yasser",USA,2610,1989,1
21,"Nikolic, Predrag",YUG,2605,1989,1
22,"Sokolov, Andrei",URS,2605,1989,1
23,"Agdestein, Simen",NOR,2605,1989,1
24,"Ehlvest, Jaan",URS,2600,1989,1
25,"Vaganian, Rafael A.",URS,2600,1989,1
26,"Huebner, Robert",GER,2600,1989,1
27,"Gelfand, Boris",URS,2600,1989,1
28,"Chandler, Murray G.",ENG,2600,1989,1
29,"Georgiev, Kiril",BUL,2590,1989,1
30,"Gurevich, Mikhail",URS,2590,1989,1
31,"Tukmakov, Vladimir B.",URS,2590,1989,1
32,"Psakhis, Lev",URS,2585,1989,1
33,"Spassky, Boris V.",FRA,2580,1989,1
34,"Ljubojevic, Ljubomir",YUG,2580,1989,1
35,"Dolmatov, Sergey",URS,2580,1989,1
36,"Chernin, Alexander",URS,2580,1989,1
37,"Hort, Vlastimil",GER,2580,1989,1
38,"Larsen, Bent",DEN,2580,1989,1
38,"Sokolov, Ivan",YUG,2580,1989,1
40,"Nogueiras, Jesus",CUB,2575,1989,1
41,"Dokhoian, Yury",URS,2575,1989,1
42,"Polugaevsky, Lev",URS,2575,1989,1
43,"Spraggett, Kevin",CAN,2575,1989,1
44,"Eingorn, Vereslav S.",URS,2570,1989,1
45,"De Firmian, Nick E.",USA,2570,1989,1
46,"Dlugy, Maxim",USA,2570,1989,1
47,"Hellers, Ferdinand",SWE,2565,1989,1
48,"Dorfman, Josif D.",URS,2565,1989,1
49,"Torre, Eugenio",PHI,2565,1989,1
50,"Kavalek, Lubomir",USA,2565,1989,1
51,"Van der Wiel, John T. H.",NED,2560,1989,1
52,"Smyslov, Vassily",URS,2560,1989,1
53,"Azmaiparashvili, Zurab",URS,2560,1989,1
54,"Murrey, Jacob",FRA,2560,1989,1
55,"Polgar, Judit                          w",HUN,2555,1989,1
56,"Romanishin, Oleg M.",URS,2555,1989,1
57,"Lobron, Eric",GER,2555,1989,1
57,"Bareev, Evgeny",URS,2555,1989,1
59,"Arnason, Jon L.",ISL,2550,1989,1
60,"Vladimirov, Evgeny",URS,2550,1989,1
61,"Kudrin, Sergey",USA,2550,1989,1
62,"Ftacnik, Lubomir",CSR,2550,1989,1
63,"Razuvaev, Yuri S.",URS,2550,1989,1
64,"Vyzmanavin, Alexey",URS,2550,1989,1
65,"Pinter, Jozsef",HUN,2550,1989,1
66,"Greenfeld, Alon",ISR,2550,1989,1
67,"Hodgson, Julian M.",ENG,2545,1989,1
68,"Benjamin, Joel",USA,2545,1989,1
69,"Khalifman, Alexander",URS,2545,1989,1
70,"Kovacevic, Vladimir",YUG,2545,1989,1
71,"Hansen, Curt",DEN,2545,1989,1
72,"Csom, Istvan",HUN,2545,1989,1
72,"Sosonko, Gennadi",NED,2545,1989,1
74,"Hansen, Lars Bo",DEN,2540,1989,1
75,"Smagin, Sergey",URS,2540,1989,1
76,"Rohde, Michael A.",USA,2540,1989,1
77,"Wilder, Michael",USA,2540,1989,1
78,"Yudasin, Leonid",URS,2540,1989,1
79,"Dzindzichashvili, Roman",USA,2540,1989,1
80,"Morovic Fernandez, Ivan",CHI,2540,1989,1
81,"Gutman, Lev",ISR,2535,1989,1
82,"Borges Mateos, Juan",CUB,2535,1989,1
83,"Gavrikov, Viktor",URS,2535,1989,1
84,"Dautov, Rustem",URS,2535,1989,1
84,"Lerner, Konstantin Z.",URS,2535,1989,1
86,"Browne, Walter S.",USA,2535,1989,1
87,"Goldin, Alexander",URS,2535,1989,1
88,"Popovic, Petar",YUG,2535,1989,1
89,"Kaidanov, Grigory S.",URS,2535,1989,1
90,"Todorcevic, Miodrag",YUG,2535,1989,1
91,"Gruenfeld, Yehuda",ISR,2535,1989,1
92,"Petursson, Margeir",ISL,2530,1989,1
93,"Mohr, Stefan",GER,2530,1989,1
94,"Ivanovic, Bozidar",YUG,2530,1989,1
95,"Christiansen, Larry M.",USA,2530,1989,1
95,"Damljanovic, Branko",YUG,2530,1989,1
97,"Velimirovic, Dragoljub",YUG,2530,1989,1
98,"Balashov, Yuri S.",URS,2530,1989,1
99,"Timoshenko, Georgy",URS,2530,1989,1
100,"Schussler, Harry",SWE,2530,1989,1
1,"Kasparov, Garry",URS,2775,1989,7
2,"Karpov, Anatoly",URS,2755,1989,7
3,"Short, Nigel D.",ENG,2660,1989,7
4,"Ivanchuk, Vassily",URS,2660,1989,7
5,"Kortschnoj, Viktor",SUI,2655,1989,7
6,"Salov, Valery",URS,2645,1989,7
7,"Gurevich, Mikhail",URS,2640,1989,7
8,"Andersson, Ulf",SWE,2635,1989,7
9,"Timman, Jan H.",NED,2635,1989,7
10,"Ljubojevic, Ljubomir",YUG,2635,1989,7
11,"Beliavsky, Alexander G.",URS,2620,1989,7
12,"Ehlvest, Jaan",URS,2620,1989,7
13,"Speelman, Jonathan S.",ENG,2615,1989,7
14,"Dolmatov, Sergey",URS,2610,1989,7
15,"Yusupov, Artur",URS,2610,1989,7
16,"Ribli, Zoltan",HUN,2605,1989,7
17,"Huebner, Robert",GER,2605,1989,7
18,"Gulko, Boris F.",USA,2605,1989,7
19,"Agdestein, Simen",NOR,2605,1989,7
20,"Nikolic, Predrag",YUG,2600,1989,7
21,"Portisch, Lajos",HUN,2600,1989,7
22,"Sokolov, Andrei",URS,2595,1989,7
23,"Gelfand, Boris",URS,2590,1989,7
24,"Georgiev, Kiril",BUL,2590,1989,7
25,"Vaganian, Rafael A.",URS,2585,1989,7
26,"Dorfman, Josif D.",URS,2585,1989,7
27,"Seirawan, Yasser",USA,2585,1989,7
28,"Chandler, Murray G.",ENG,2585,1989,7
29,"De Firmian, Nick E.",USA,2585,1989,7
30,"Polugaevsky, Lev",URS,2585,1989,7
31,"Spraggett, Kevin",CAN,2585,1989,7
32,"Tal, Mikhail N.",URS,2585,1989,7
33,"Petursson, Margeir",ISL,2580,1989,7
34,"Sax, Gyula",HUN,2580,1989,7
35,"Spassky, Boris V.",FRA,2580,1989,7
36,"Chernin, Alexander",URS,2580,1989,7
37,"Bareev, Evgeny",URS,2580,1989,7
38,"Wilder, Michael",USA,2575,1989,7
39,"Nunn, John D. M.",ENG,2575,1989,7
40,"Azmaiparashvili, Zurab",URS,2575,1989,7
41,"Miles, Anthony J.",USA,2570,1989,7
42,"Dreev, Alexey",URS,2570,1989,7
43,"Dokhoian, Yury",URS,2570,1989,7
44,"Kudrin, Sergey",USA,2570,1989,7
45,"Hort, Vlastimil",GER,2570,1989,7
46,"Psakhis, Lev",URS,2565,1989,7
47,"Tukmakov, Vladimir B.",URS,2565,1989,7
48,"Smyslov, Vassily",URS,2565,1989,7
49,"Vladimirov, Evgeny",URS,2565,1989,7
50,"Kozul, Zdenko",YUG,2560,1989,7
51,"Malaniuk, Vladimir P.",URS,2560,1989,7
52,"Eingorn, Vereslav S.",URS,2560,1989,7
53,"Lobron, Eric",GER,2560,1989,7
54,"Pigusov, Evgeny",URS,2560,1989,7
55,"Hellers, Ferdinand",SWE,2560,1989,7
56,"Pinter, Jozsef",HUN,2560,1989,7
57,"Nogueiras, Jesus",CUB,2560,1989,7
58,"Torre, Eugenio",PHI,2560,1989,7
59,"Kavalek, Lubomir",USA,2560,1989,7
60,"Damljanovic, Branko",YUG,2555,1989,7
61,"Vaiser, Anatoly V.",URS,2555,1989,7
62,"Anand, Viswanathan",IND,2555,1989,7
63,"Gavrikov, Viktor",URS,2555,1989,7
64,"Hjartarson, Johann",ISL,2555,1989,7
65,"Yudasin, Leonid",URS,2555,1989,7
66,"Polgar, Judit                          w",HUN,2555,1989,7
67,"Browne, Walter S.",USA,2555,1989,7
68,"Vyzmanavin, Alexey",URS,2555,1989,7
69,"Oll, Lembit",URS,2550,1989,7
70,"Popovic, Petar",YUG,2550,1989,7
71,"Ftacnik, Lubomir",CSR,2550,1989,7
72,"Christiansen, Larry M.",USA,2550,1989,7
73,"Hulak, Krunoslav",YUG,2550,1989,7
74,"Wang, Zili",CHN,2550,1989,7
75,"Rohde, Michael A.",USA,2550,1989,7
76,"Ivanovic, Bozidar",YUG,2545,1989,7
77,"Van der Wiel, John T. H.",NED,2545,1989,7
78,"Olafsson, Helgi",ISL,2545,1989,7
79,"Razuvaev, Yuri S.",URS,2545,1989,7
80,"Khalifman, Alexander",URS,2545,1989,7
81,"Smejkal, Jan",CSR,2545,1989,7
82,"Piket, Jeroen",NED,2540,1989,7
83,"Lputian, Smbat G.",URS,2540,1989,7
84,"Dzindzichashvili, Roman",USA,2540,1989,7
85,"Sosonko, Gennadi",NED,2540,1989,7
85,"Schussler, Harry",SWE,2540,1989,7
87,"Hodgson, Julian M.",ENG,2535,1989,7
88,"Wahls, Matthias",GER,2535,1989,7
88,"Fedorowicz, John P.",USA,2535,1989,7
90,"Balashov, Yuri S.",URS,2535,1989,7
91,"Smagin, Sergey",URS,2535,1989,7
92,"Timoshenko, Georgy",URS,2535,1989,7
93,"Dautov, Rustem",URS,2535,1989,7
94,"Murrey, Jacob",FRA,2535,1989,7
95,"Velimirovic, Dragoljub",YUG,2535,1989,7
96,"Greenfeld, Alon",ISR,2535,1989,7
97,"Larsen, Bent",DEN,2530,1989,7
98,"Lerner, Konstantin Z.",URS,2530,1989,7
99,"Todorcevic, Miodrag",YUG,2530,1989,7
100,"Smirin, Ilia",URS,2530,1989,7
1,"Kasparov, Garry",URS,2800,1990,1
2,"Karpov, Anatoly",URS,2730,1990,1
3,"Timman, Jan H.",NED,2680,1990,1
4,"Ivanchuk, Vassily",URS,2665,1990,1
5,"Gurevich, Mikhail",URS,2645,1990,1
6,"Salov, Valery",URS,2645,1990,1
7,"Beliavsky, Alexander G.",URS,2640,1990,1
8,"Short, Nigel D.",ENG,2635,1990,1
9,"Andersson, Ulf",SWE,2630,1990,1
10,"Kortschnoj, Viktor",SUI,2625,1990,1
11,"Ljubojevic, Ljubomir",YUG,2625,1990,1
12,"Ehlvest, Jaan",URS,2620,1990,1
13,"Dolmatov, Sergey",URS,2620,1990,1
14,"Yusupov, Artur",URS,2615,1990,1
15,"Gelfand, Boris",URS,2615,1990,1
16,"Mecking, Henrique",BRA,2615,1990,1
17,"Azmaiparashvili, Zurab",URS,2610,1990,1
18,"Gulko, Boris F.",USA,2610,1990,1
19,"Polugaevsky, Lev",URS,2610,1990,1
20,"Speelman, Jonathan S.",ENG,2610,1990,1
21,"Dreev, Alexey",URS,2605,1990,1
22,"Georgiev, Kiril",BUL,2605,1990,1
23,"Ribli, Zoltan",HUN,2605,1990,1
24,"Portisch, Lajos",HUN,2605,1990,1
25,"Vaganian, Rafael A.",URS,2605,1990,1
26,"Sax, Gyula",HUN,2605,1990,1
27,"Chernin, Alexander",URS,2600,1990,1
28,"Nunn, John D. M.",ENG,2600,1990,1
29,"Nikolic, Predrag",YUG,2600,1990,1
30,"Agdestein, Simen",NOR,2600,1990,1
31,"Seirawan, Yasser",USA,2595,1990,1
32,"Dorfman, Josif D.",URS,2595,1990,1
33,"Huebner, Robert",GER,2595,1990,1
34,"Bareev, Evgeny",URS,2590,1990,1
35,"Chandler, Murray G.",ENG,2585,1990,1
36,"Tal, Mikhail N.",URS,2585,1990,1
37,"Sokolov, Andrei",URS,2585,1990,1
38,"Miles, Anthony J.",USA,2580,1990,1
39,"Gavrikov, Viktor",URS,2580,1990,1
40,"Kozul, Zdenko",YUG,2575,1990,1
41,"Olafsson, Helgi",ISL,2575,1990,1
41,"Yudasin, Leonid",URS,2575,1990,1
43,"Tukmakov, Vladimir B.",URS,2570,1990,1
44,"Smyslov, Vassily",URS,2570,1990,1
45,"Psakhis, Lev",ISR,2570,1990,1
46,"Eingorn, Vereslav S.",URS,2570,1990,1
46,"Oll, Lembit",URS,2570,1990,1
48,"Hansen, Curt",DEN,2570,1990,1
49,"Wahls, Matthias",GER,2565,1990,1
49,"De Firmian, Nick E.",USA,2565,1990,1
51,"Vladimirov, Evgeny",URS,2565,1990,1
52,"Kudrin, Sergey",USA,2565,1990,1
53,"Ruban, Vadim",URS,2565,1990,1
54,"Alburt, Lev O.",USA,2565,1990,1
55,"Kindermann, Stefan",GER,2560,1990,1
56,"Browne, Walter S.",USA,2560,1990,1
57,"Ftacnik, Lubomir",CSR,2560,1990,1
58,"Fedorowicz, John P.",USA,2560,1990,1
59,"Vyzmanavin, Alexey",URS,2560,1990,1
60,"Khalifman, Alexander",URS,2560,1990,1
61,"Spassky, Boris V.",FRA,2560,1990,1
62,"Christiansen, Larry M.",USA,2560,1990,1
63,"Dautov, Rustem",URS,2560,1990,1
64,"Lerner, Konstantin Z.",URS,2560,1990,1
64,"Hulak, Krunoslav",YUG,2560,1990,1
66,"Hort, Vlastimil",GER,2560,1990,1
67,"Kavalek, Lubomir",USA,2560,1990,1
68,"Adams, Michael",ENG,2555,1990,1
69,"Anand, Viswanathan",IND,2555,1990,1
70,"Petursson, Margeir",ISL,2555,1990,1
71,"Spraggett, Kevin",CAN,2555,1990,1
72,"Rohde, Michael A.",USA,2555,1990,1
73,"Nogueiras, Jesus",CUB,2555,1990,1
74,"Pinter, Jozsef",HUN,2555,1990,1
75,"Wojtkiewicz, Aleksander",POL,2550,1990,1
76,"Epishin, Vladimir",URS,2550,1990,1
77,"Van der Wiel, John T. H.",NED,2550,1990,1
78,"Akopian, Vladimir",URS,2550,1990,1
79,"Novikov, Igor A.",URS,2550,1990,1
79,"Todorcevic, Miodrag",YUG,2550,1990,1
81,"Sokolov, Ivan",YUG,2550,1990,1
82,"Larsen, Bent",DEN,2550,1990,1
83,"Polgar, Judit                          w",HUN,2550,1990,1
84,"Torre, Eugenio",PHI,2550,1990,1
85,"Lobron, Eric",GER,2545,1990,1
86,"Krasenkov, Mikhail",URS,2545,1990,1
87,"Razuvaev, Yuri S.",URS,2545,1990,1
88,"Vasiukov, Evgeni",URS,2545,1990,1
89,"Aseev, Konstantin N.",URS,2545,1990,1
90,"Dzindzichashvili, Roman",USA,2545,1990,1
91,"Lputian, Smbat G.",URS,2545,1990,1
92,"Groszpeter, Attila",HUN,2545,1990,1
93,"Pigusov, Evgeny",URS,2545,1990,1
94,"Rashkovsky, Nukhim N.",URS,2540,1990,1
95,"Hodgson, Julian M.",ENG,2540,1990,1
96,"Vaiser, Anatoly V.",URS,2540,1990,1
97,"Dokhoian, Yury",URS,2540,1990,1
98,"Kovacevic, Vladimir",YUG,2540,1990,1
99,"Timoshenko, Georgy",URS,2540,1990,1
100,"Krogius, Nikolai V.",URS,2540,1990,1
1,"Kasparov, Garry",URS,2800,1990,7
2,"Karpov, Anatoly",URS,2730,1990,7
3,"Gelfand, Boris",URS,2680,1990,7
4,"Ivanchuk, Vassily",URS,2680,1990,7
5,"Timman, Jan H.",NED,2660,1990,7
6,"Ehlvest, Jaan",URS,2655,1990,7
7,"Salov, Valery",URS,2655,1990,7
8,"Kamsky, Gata",USA,2650,1990,7
9,"Gurevich, Mikhail",URS,2640,1990,7
10,"Seirawan, Yasser",USA,2635,1990,7
11,"Andersson, Ulf",SWE,2630,1990,7
12,"Kortschnoj, Viktor",SUI,2630,1990,7
13,"Vaganian, Rafael A.",URS,2630,1990,7
14,"Dreev, Alexey",URS,2615,1990,7
15,"Dolmatov, Sergey",URS,2615,1990,7
16,"Khalifman, Alexander",URS,2615,1990,7
17,"Yudasin, Leonid",URS,2615,1990,7
18,"Mecking, Henrique",BRA,2615,1990,7
19,"Anand, Viswanathan",IND,2610,1990,7
20,"Short, Nigel D.",ENG,2610,1990,7
21,"Ribli, Zoltan",HUN,2610,1990,7
22,"Polugaevsky, Lev",URS,2610,1990,7
23,"Nunn, John D. M.",ENG,2610,1990,7
24,"Yusupov, Artur",URS,2605,1990,7
25,"Bareev, Evgeny",URS,2605,1990,7
26,"Beliavsky, Alexander G.",URS,2605,1990,7
27,"Speelman, Jonathan S.",ENG,2605,1990,7
28,"Gulko, Boris F.",USA,2600,1990,7
29,"Chernin, Alexander",URS,2600,1990,7
30,"Nikolic, Predrag",YUG,2600,1990,7
31,"Sax, Gyula",HUN,2600,1990,7
32,"Ljubojevic, Ljubomir",YUG,2600,1990,7
33,"Agdestein, Simen",NOR,2600,1990,7
34,"Miles, Anthony J.",USA,2595,1990,7
35,"Olafsson, Helgi",ISL,2595,1990,7
35,"Christiansen, Larry M.",USA,2595,1990,7
37,"Adams, Michael",ENG,2590,1990,7
38,"Epishin, Vladimir",URS,2590,1990,7
39,"Portisch, Lajos",HUN,2590,1990,7
40,"Vyzmanavin, Alexey",URS,2585,1990,7
41,"Huebner, Robert",GER,2585,1990,7
42,"Shirov, Alexei",URS,2580,1990,7
43,"Georgiev, Kiril",BUL,2580,1990,7
44,"Dorfman, Josif D.",URS,2580,1990,7
45,"Tal, Mikhail N.",URS,2580,1990,7
46,"Gavrikov, Viktor",URS,2580,1990,7
47,"Balashov, Yuri S.",URS,2575,1990,7
48,"Azmaiparashvili, Zurab",URS,2575,1990,7
49,"Vladimirov, Evgeny",URS,2575,1990,7
50,"Novikov, Igor A.",URS,2575,1990,7
51,"Aseev, Konstantin N.",URS,2575,1990,7
52,"Psakhis, Lev",ISR,2575,1990,7
53,"Lputian, Smbat G.",URS,2575,1990,7
54,"Smyslov, Vassily",URS,2570,1990,7
55,"Lautier, Joel",FRA,2570,1990,7
56,"Razuvaev, Yuri S.",URS,2570,1990,7
57,"Spassky, Boris V.",FRA,2570,1990,7
58,"Sokolov, Andrei",URS,2570,1990,7
59,"Dlugy, Maxim",USA,2565,1990,7
60,"Fedorowicz, John P.",USA,2565,1990,7
61,"Rosentalis, Eduard",URS,2565,1990,7
62,"Pinter, Jozsef",HUN,2565,1990,7
63,"Benjamin, Joel",USA,2560,1990,7
64,"Shneider, Aleksandr",URS,2560,1990,7
65,"King, Daniel J.",ENG,2560,1990,7
66,"De Firmian, Nick E.",USA,2560,1990,7
67,"Chandler, Murray G.",ENG,2560,1990,7
68,"Kozul, Zdenko",YUG,2560,1990,7
69,"Dzindzichashvili, Roman",USA,2560,1990,7
70,"Oll, Lembit",URS,2560,1990,7
71,"Hansen, Curt",DEN,2560,1990,7
72,"Arencibia, Walter",CUB,2555,1990,7
73,"Van der Wiel, John T. H.",NED,2555,1990,7
74,"Hodgson, Julian M.",ENG,2555,1990,7
75,"Ruban, Vadim",URS,2555,1990,7
76,"Smirin, Ilia",URS,2555,1990,7
77,"Dautov, Rustem",URS,2555,1990,7
78,"Groszpeter, Attila",HUN,2555,1990,7
79,"Dvoirys, Semen I.",URS,2555,1990,7
80,"Smagin, Sergey",URS,2550,1990,7
81,"Petursson, Margeir",ISL,2550,1990,7
82,"Ftacnik, Lubomir",CSR,2550,1990,7
83,"Machulsky, Anatoly D.",URS,2550,1990,7
84,"Sokolov, Ivan",YUG,2550,1990,7
85,"Eingorn, Vereslav S.",URS,2550,1990,7
86,"Nogueiras, Jesus",CUB,2550,1990,7
87,"Yermolinsky, Alexey",URS,2550,1990,7
88,"Kavalek, Lubomir",USA,2550,1990,7
89,"Zapata, Alonso",COL,2545,1990,7
90,"Kengis, Edwin",URS,2545,1990,7
91,"Larsen, Bent",DEN,2545,1990,7
92,"Lerner, Konstantin Z.",URS,2545,1990,7
92,"Hulak, Krunoslav",YUG,2545,1990,7
94,"Smejkal, Jan",CSR,2545,1990,7
95,"Hort, Vlastimil",GER,2545,1990,7
96,"Makarichev, Sergey",URS,2545,1990,7
97,"Wolff, Patrick G.",USA,2540,1990,7
98,"Spraggett, Kevin",CAN,2540,1990,7
99,"Kaidanov, Grigory S.",URS,2540,1990,7
100,"Todorcevic, Miodrag",YUG,2540,1990,7
1,"Kasparov, Garry",URS,2800,1991,1
2,"Karpov, Anatoly",URS,2725,1991,1
3,"Gelfand, Boris",URS,2700,1991,1
4,"Ivanchuk, Vassily",URS,2695,1991,1
5,"Bareev, Evgeny",URS,2650,1991,1
6,"Gurevich, Mikhail",URS,2650,1991,1
7,"Ehlvest, Jaan",URS,2650,1991,1
8,"Yudasin, Leonid",URS,2645,1991,1
9,"Salov, Valery",URS,2645,1991,1
10,"Beliavsky, Alexander G.",URS,2640,1991,1
11,"Andersson, Ulf",SWE,2640,1991,1
12,"Khalifman, Alexander",GER,2640,1991,1
13,"Kamsky, Gata",USA,2640,1991,1
14,"Anand, Viswanathan",IND,2635,1991,1
15,"Short, Nigel D.",ENG,2635,1991,1
16,"Timman, Jan H.",NED,2630,1991,1
17,"Dreev, Alexey",URS,2625,1991,1
18,"Nikolic, Predrag",YUG,2620,1991,1
19,"Epishin, Vladimir",URS,2620,1991,1
20,"Huebner, Robert",GER,2620,1991,1
21,"Dolmatov, Sergey",URS,2620,1991,1
22,"Kortschnoj, Viktor",SUI,2615,1991,1
23,"Shirov, Alexei",URS,2615,1991,1
24,"Mecking, Henrique",BRA,2615,1991,1
25,"Speelman, Jonathan S.",ENG,2610,1991,1
25,"Romanishin, Oleg M.",URS,2610,1991,1
27,"Chernin, Alexander",URS,2610,1991,1
28,"Polugaevsky, Lev",URS,2610,1991,1
29,"Vyzmanavin, Alexey",URS,2605,1991,1
30,"Sax, Gyula",HUN,2605,1991,1
31,"Yusupov, Artur",URS,2605,1991,1
32,"Adams, Michael",ENG,2600,1991,1
33,"Nunn, John D. M.",ENG,2600,1991,1
34,"Seirawan, Yasser",USA,2595,1991,1
35,"Olafsson, Helgi",ISL,2595,1991,1
36,"Ribli, Zoltan",HUN,2595,1991,1
37,"Ftacnik, Lubomir",CSR,2590,1991,1
38,"Portisch, Lajos",HUN,2590,1991,1
39,"Christiansen, Larry M.",USA,2590,1991,1
40,"Ljubojevic, Ljubomir",YUG,2590,1991,1
41,"Agdestein, Simen",NOR,2590,1991,1
42,"Miles, Anthony J.",USA,2585,1991,1
43,"Georgiev, Kiril",BUL,2585,1991,1
44,"Vaganian, Rafael A.",URS,2585,1991,1
45,"Azmaiparashvili, Zurab",URS,2585,1991,1
46,"Razuvaev, Yuri S.",URS,2585,1991,1
47,"Gavrikov, Viktor",URS,2580,1991,1
48,"Kozul, Zdenko",YUG,2580,1991,1
49,"Balashov, Yuri S.",URS,2580,1991,1
50,"De Firmian, Nick E.",USA,2575,1991,1
51,"Vladimirov, Evgeny",URS,2575,1991,1
52,"Chandler, Murray G.",ENG,2575,1991,1
53,"Gulko, Boris F.",USA,2575,1991,1
54,"Eingorn, Vereslav S.",URS,2575,1991,1
55,"Dorfman, Josif D.",URS,2575,1991,1
56,"Krasenkov, Mikhail",URS,2570,1991,1
57,"Dautov, Rustem",URS,2570,1991,1
58,"Ruban, Vadim",URS,2570,1991,1
59,"Rosentalis, Eduard",URS,2570,1991,1
60,"Sokolov, Ivan",YUG,2570,1991,1
61,"Dlugy, Maxim",USA,2570,1991,1
62,"Tal, Mikhail N.",URS,2565,1991,1
63,"Hansen, Curt",DEN,2565,1991,1
64,"Lputian, Smbat G.",URS,2565,1991,1
65,"Goldin, Alexander",URS,2565,1991,1
66,"Yermolinsky, Alexey",USA,2565,1991,1
67,"Pinter, Jozsef",HUN,2565,1991,1
68,"Smirin, Ilia",URS,2560,1991,1
69,"Dvoirys, Semen I.",URS,2560,1991,1
70,"Oll, Lembit",URS,2560,1991,1
71,"Damljanovic, Branko",YUG,2560,1991,1
72,"Wahls, Matthias",GER,2560,1991,1
73,"Spassky, Boris V.",FRA,2560,1991,1
74,"Larsen, Bent",DEN,2560,1991,1
75,"Psakhis, Lev",ISR,2555,1991,1
76,"Fedorowicz, John P.",USA,2555,1991,1
77,"Benjamin, Joel",USA,2555,1991,1
78,"Dzindzichashvili, Roman",USA,2555,1991,1
79,"Shneider, Aleksandr",URS,2555,1991,1
80,"Akopian, Vladimir",URS,2555,1991,1
81,"Alburt, Lev O.",USA,2555,1991,1
82,"Machulsky, Anatoly D.",URS,2555,1991,1
83,"Stohl, Igor",CSR,2550,1991,1
84,"Granda Zuniga, Julio E.",PER,2550,1991,1
85,"Spasov, Vasil",BUL,2550,1991,1
86,"Piket, Jeroen",NED,2550,1991,1
87,"Lautier, Joel",FRA,2550,1991,1
87,"Smagin, Sergey",URS,2550,1991,1
89,"Hellers, Ferdinand",SWE,2550,1991,1
89,"Sokolov, Andrei",URS,2550,1991,1
91,"Kovacevic, Vladimir",YUG,2550,1991,1
92,"Kaidanov, Grigory S.",URS,2550,1991,1
93,"Rohde, Michael A.",USA,2550,1991,1
94,"Makarichev, Sergey",URS,2550,1991,1
95,"Kavalek, Lubomir",USA,2550,1991,1
96,"Rogers, Ian",AUS,2545,1991,1
97,"Hodgson, Julian M.",ENG,2545,1991,1
98,"Illescas Cordoba, Miguel",ESP,2545,1991,1
99,"King, Daniel J.",ENG,2545,1991,1
100,"Ye, Rongguang",CHN,2545,1991,1
1,"Kasparov, Garry",URS,2770,1991,7
2,"Ivanchuk, Vassily",URS,2735,1991,7
3,"Karpov, Anatoly",URS,2730,1991,7
4,"Bareev, Evgeny",URS,2680,1991,7
5,"Salov, Valery",URS,2665,1991,7
6,"Gelfand, Boris",URS,2665,1991,7
7,"Short, Nigel D.",ENG,2660,1991,7
8,"Beliavsky, Alexander G.",URS,2655,1991,7
9,"Anand, Viswanathan",IND,2650,1991,7
10,"Khalifman, Alexander",GER,2630,1991,7
11,"Gurevich, Mikhail",URS,2630,1991,7
12,"Speelman, Jonathan S.",ENG,2630,1991,7
12,"Timman, Jan H.",NED,2630,1991,7
14,"Polugaevsky, Lev",URS,2630,1991,7
15,"Yusupov, Artur",URS,2625,1991,7
16,"Nikolic, Predrag",YUG,2625,1991,7
17,"Andersson, Ulf",SWE,2625,1991,7
18,"Adams, Michael",ENG,2615,1991,7
19,"Epishin, Vladimir",URS,2615,1991,7
20,"Huebner, Robert",GER,2615,1991,7
21,"Azmaiparashvili, Zurab",URS,2615,1991,7
22,"Seirawan, Yasser",USA,2615,1991,7
23,"Nunn, John D. M.",ENG,2610,1991,7
24,"Shirov, Alexei",URS,2610,1991,7
25,"Kortschnoj, Viktor",SUI,2610,1991,7
26,"Dreev, Alexey",URS,2610,1991,7
27,"Mecking, Henrique",BRA,2610,1991,7
28,"Ehlvest, Jaan",URS,2605,1991,7
29,"Chernin, Alexander",URS,2605,1991,7
30,"Dolmatov, Sergey",URS,2605,1991,7
31,"Chandler, Murray G.",ENG,2605,1991,7
32,"Christiansen, Larry M.",USA,2600,1991,7
33,"Romanishin, Oleg M.",URS,2600,1991,7
34,"Ljubojevic, Ljubomir",YUG,2600,1991,7
35,"Hansen, Curt",DEN,2600,1991,7
36,"Oll, Lembit",URS,2600,1991,7
37,"Sax, Gyula",HUN,2600,1991,7
38,"Dorfman, Josif D.",URS,2600,1991,7
39,"Yudasin, Leonid",URS,2595,1991,7
40,"Kamsky, Gata",USA,2595,1991,7
41,"Granda Zuniga, Julio E.",PER,2595,1991,7
41,"Dautov, Rustem",URS,2595,1991,7
43,"Ribli, Zoltan",HUN,2595,1991,7
44,"Akopian, Vladimir",URS,2590,1991,7
45,"Vyzmanavin, Alexey",URS,2590,1991,7
46,"Razuvaev, Yuri S.",URS,2590,1991,7
47,"Piket, Jeroen",NED,2590,1991,7
48,"Balashov, Yuri S.",URS,2590,1991,7
49,"Georgiev, Kiril",BUL,2590,1991,7
50,"Agdestein, Simen",NOR,2590,1991,7
51,"Damljanovic, Branko",YUG,2585,1991,7
52,"Gavrikov, Viktor",URS,2585,1991,7
53,"Eingorn, Vereslav S.",URS,2585,1991,7
53,"Vaganian, Rafael A.",URS,2585,1991,7
55,"Vladimirov, Evgeny",URS,2580,1991,7
56,"Pinter, Jozsef",HUN,2580,1991,7
57,"Ftacnik, Lubomir",CSR,2575,1991,7
58,"Ruban, Vadim",URS,2575,1991,7
59,"Tal, Mikhail N.",URS,2575,1991,7
60,"Kengis, Edwin",URS,2575,1991,7
61,"Psakhis, Lev",ISR,2575,1991,7
62,"Yermolinsky, Alexey",USA,2575,1991,7
63,"Rosentalis, Eduard",URS,2575,1991,7
64,"Kurajica, Bojan",YUG,2570,1991,7
65,"Hodgson, Julian M.",ENG,2570,1991,7
66,"Sokolov, Ivan",YUG,2570,1991,7
67,"Goldin, Alexander",URS,2570,1991,7
67,"Lputian, Smbat G.",URS,2570,1991,7
69,"Portisch, Lajos",HUN,2570,1991,7
70,"De Firmian, Nick E.",USA,2570,1991,7
71,"Ivanov, Alexander",USA,2565,1991,7
72,"Ulibin, Mikhail",URS,2565,1991,7
73,"Vaiser, Anatoly V.",FRA,2565,1991,7
73,"Gulko, Boris F.",USA,2565,1991,7
75,"Rogers, Ian",AUS,2565,1991,7
76,"Arencibia, Walter",CUB,2560,1991,7
77,"Yakovich, Yuri",URS,2560,1991,7
78,"Wahls, Matthias",GER,2560,1991,7
79,"Boensch, Uwe",GER,2560,1991,7
80,"Magerramov, Elmar",URS,2560,1991,7
81,"Lautier, Joel",FRA,2560,1991,7
81,"Machulsky, Anatoly D.",URS,2560,1991,7
83,"Dlugy, Maxim",USA,2560,1991,7
83,"Kozul, Zdenko",YUG,2560,1991,7
85,"Miles, Anthony J.",USA,2555,1991,7
86,"Stohl, Igor",CSR,2555,1991,7
87,"Ubilava, Elizbar",URS,2555,1991,7
88,"Hertneck, Gerald",GER,2555,1991,7
88,"Torre, Eugenio",PHI,2555,1991,7
90,"Kaidanov, Grigory S.",URS,2555,1991,7
91,"Smejkal, Jan",CSR,2555,1991,7
92,"Dzindzichashvili, Roman",USA,2555,1991,7
93,"Popovic, Petar",YUG,2550,1991,7
94,"Polgar, Judit                          w",HUN,2550,1991,7
94,"Barua, Dibyendu",IND,2550,1991,7
96,"Kovalev, Andrei",URS,2550,1991,7
96,"Krasenkov, Mikhail",URS,2550,1991,7
98,"Novikov, Igor A.",URS,2550,1991,7
99,"Spassky, Boris V.",FRA,2550,1991,7
100,"Hjartarson, Johann",ISL,2550,1991,7
1,"Kasparov, Garry",URS,2780,1992,1
2,"Karpov, Anatoly",URS,2725,1992,1
3,"Ivanchuk, Vassily",URS,2720,1992,1
4,"Short, Nigel D.",ENG,2685,1992,1
5,"Anand, Viswanathan",IND,2670,1992,1
6,"Gelfand, Boris",URS,2665,1992,1
7,"Shirov, Alexei",LAT,2655,1992,1
8,"Kamsky, Gata",USA,2655,1992,1
9,"Yusupov, Artur",URS,2655,1992,1
10,"Salov, Valery",URS,2655,1992,1
11,"Bareev, Evgeny",URS,2635,1992,1
12,"Nikolic, Predrag",YUG,2635,1992,1
13,"Gurevich, Mikhail",URS,2635,1992,1
14,"Sokolov, Ivan",YUG,2630,1992,1
15,"Speelman, Jonathan S.",ENG,2630,1992,1
16,"Polugaevsky, Lev",URS,2630,1992,1
17,"Khalifman, Alexander",GER,2625,1992,1
18,"Epishin, Vladimir",URS,2620,1992,1
19,"Timman, Jan H.",NED,2620,1992,1
20,"Adams, Michael",ENG,2620,1992,1
21,"Beliavsky, Alexander G.",URS,2620,1992,1
22,"Chernin, Alexander",HUN,2620,1992,1
23,"Hansen, Curt",DEN,2620,1992,1
24,"Piket, Jeroen",NED,2615,1992,1
25,"Ehlvest, Jaan",EST,2615,1992,1
26,"Granda Zuniga, Julio E.",PER,2615,1992,1
27,"Nunn, John D. M.",ENG,2615,1992,1
28,"Huebner, Robert",GER,2615,1992,1
29,"Dautov, Rustem",URS,2610,1992,1
30,"Ljubojevic, Ljubomir",YUG,2610,1992,1
31,"Azmaiparashvili, Zurab",URS,2610,1992,1
32,"Mecking, Henrique",BRA,2610,1992,1
33,"Psakhis, Lev",ISR,2605,1992,1
34,"Andersson, Ulf",SWE,2605,1992,1
35,"Akopian, Vladimir",URS,2605,1992,1
36,"Georgiev, Kiril",BUL,2605,1992,1
37,"Dorfman, Josif D.",FRA,2605,1992,1
38,"Seirawan, Yasser",USA,2600,1992,1
39,"Oll, Lembit",EST,2600,1992,1
40,"Agdestein, Simen",NOR,2600,1992,1
41,"Sax, Gyula",HUN,2600,1992,1
42,"Romanishin, Oleg M.",URS,2595,1992,1
43,"Yermolinsky, Alexey",USA,2595,1992,1
44,"Christiansen, Larry M.",USA,2595,1992,1
45,"Goldin, Alexander",URS,2595,1992,1
46,"Dolmatov, Sergey",URS,2595,1992,1
47,"Ribli, Zoltan",HUN,2595,1992,1
48,"Kramnik, Vladimir",URS,2590,1992,1
49,"Vaganian, Rafael A.",URS,2590,1992,1
50,"Vyzmanavin, Alexey",URS,2590,1992,1
51,"Chandler, Murray G.",ENG,2590,1992,1
52,"Bologan, Viktor",URS,2585,1992,1
53,"Ulibin, Mikhail",URS,2585,1992,1
54,"Rozentalis, Eduardas",LTU,2585,1992,1
55,"Kortschnoj, Viktor",SUI,2585,1992,1
56,"Rohde, Michael A.",USA,2585,1992,1
57,"Damljanovic, Branko",YUG,2585,1992,1
58,"Kurajica, Bojan",YUG,2585,1992,1
59,"Novikov, Igor A.",URS,2580,1992,1
60,"Lautier, Joel",FRA,2580,1992,1
61,"Hjartarson, Johann",ISL,2580,1992,1
62,"Vaiser, Anatoly V.",FRA,2580,1992,1
63,"Kengis, Edvins",LAT,2580,1992,1
64,"Hodgson, Julian M.",ENG,2580,1992,1
65,"Dreev, Alexey",URS,2580,1992,1
66,"Ruban, Vadim",URS,2580,1992,1
66,"Yudasin, Leonid",URS,2580,1992,1
68,"Eingorn, Vereslav S.",URS,2580,1992,1
69,"Pinter, Jozsef",HUN,2580,1992,1
70,"Tiviakov, Sergei",URS,2575,1992,1
71,"Lobron, Eric",GER,2575,1992,1
72,"Vladimirov, Evgeny",URS,2575,1992,1
73,"Portisch, Lajos",HUN,2575,1992,1
73,"Razuvaev, Yuri S.",URS,2575,1992,1
75,"Sorokin, Maxim",URS,2570,1992,1
76,"Kovalev, Andrei",URS,2570,1992,1
77,"Wolff, Patrick G.",USA,2570,1992,1
78,"Wahls, Matthias",GER,2570,1992,1
79,"De Firmian, Nick E.",USA,2570,1992,1
80,"Balashov, Yuri S.",URS,2565,1992,1
81,"Morovic Fernandez, Ivan",CHI,2565,1992,1
82,"Sokolov, Andrei",URS,2565,1992,1
83,"Magerramov, Elmar",URS,2565,1992,1
84,"Miles, Anthony J.",ENG,2565,1992,1
85,"Van Wely, Loek",NED,2560,1992,1
85,"Aseev, Konstantin N.",URS,2560,1992,1
87,"Kotronias, Vasilios",GRE,2560,1992,1
88,"Ivanov, Alexey",URS,2560,1992,1
89,"Dzindzichashvili, Roman",USA,2560,1992,1
90,"Ubilava, Elizbar",URS,2560,1992,1
91,"Hort, Vlastimil",GER,2560,1992,1
91,"Gulko, Boris F.",USA,2560,1992,1
93,"Sveshnikov, Evgeny",URS,2560,1992,1
94,"Stohl, Igor",CSR,2560,1992,1
94,"Gavrikov, Viktor",LTU,2560,1992,1
96,"Lputian, Smbat G.",URS,2560,1992,1
97,"Machulsky, Anatoly D.",URS,2560,1992,1
98,"Ivanov, Alexander",USA,2555,1992,1
99,"Petursson, Margeir",ISL,2555,1992,1
100,"Illescas Cordoba, Miguel",ESP,2555,1992,1
1,"Kasparov, Garry",RUS,2790,1992,7
2,"Ivanchuk, Vassily",UKR,2720,1992,7
3,"Karpov, Anatoly",RUS,2715,1992,7
4,"Shirov, Alexei",LAT,2710,1992,7
5,"Anand, Viswanathan",IND,2690,1992,7
6,"Gelfand, Boris",RUS,2685,1992,7
7,"Short, Nigel D.",ENG,2680,1992,7
8,"Bareev, Evgeny",RUS,2670,1992,7
9,"Timman, Jan H.",NED,2665,1992,7
10,"Salov, Valery",RUS,2655,1992,7
11,"Kamsky, Gata",USA,2655,1992,7
12,"Yusupov, Artur",RUS,2640,1992,7
13,"Polugaevsky, Lev",RUS,2640,1992,7
14,"Yudasin, Leonid",RUS,2635,1992,7
15,"Khalifman, Alexander",RUS,2635,1992,7
16,"Vaganian, Rafael A.",ARM,2635,1992,7
16,"Ehlvest, Jaan",EST,2635,1992,7
18,"Hansen, Curt",DEN,2635,1992,7
19,"Epishin, Vladimir",RUS,2630,1992,7
20,"Huebner, Robert",GER,2630,1992,7
21,"Gurevich, Mikhail",BEL,2625,1992,7
22,"Piket, Jeroen",NED,2625,1992,7
23,"Lobron, Eric",GER,2625,1992,7
24,"Christiansen, Larry M.",USA,2625,1992,7
25,"Kramnik, Vladimir",RUS,2625,1992,7
26,"Nikolic, Predrag",YUG,2625,1992,7
27,"Sokolov, Ivan",YUG,2625,1992,7
28,"Dautov, Rustem",RUS,2625,1992,7
29,"Agdestein, Simen",NOR,2620,1992,7
30,"Azmaiparashvili, Zurab",GEO,2620,1992,7
31,"Yermolinsky, Alexey",USA,2615,1992,7
32,"Dorfman, Josif D.",FRA,2610,1992,7
33,"Adams, Michael",ENG,2610,1992,7
34,"Gulko, Boris F.",USA,2610,1992,7
35,"Ribli, Zoltan",HUN,2610,1992,7
36,"Dolmatov, Sergey",RUS,2610,1992,7
37,"Georgiev, Kiril",BUL,2610,1992,7
38,"Sokolov, Andrei",RUS,2605,1992,7
39,"Seirawan, Yasser",USA,2605,1992,7
40,"Mecking, Henrique",BRA,2605,1992,7
40,"Andersson, Ulf",SWE,2605,1992,7
42,"Akopian, Vladimir",ARM,2600,1992,7
42,"Illescas Cordoba, Miguel",ESP,2600,1992,7
44,"Chernin, Alexander",HUN,2600,1992,7
45,"Oll, Lembit",EST,2600,1992,7
46,"Ljubojevic, Ljubomir",YUG,2600,1992,7
47,"Mozetic, Dejan",YUG,2595,1992,7
48,"Portisch, Lajos",HUN,2595,1992,7
49,"Nunn, John D. M.",ENG,2595,1992,7
49,"Damljanovic, Branko",YUG,2595,1992,7
51,"Beliavsky, Alexander G.",UKR,2595,1992,7
52,"Hjartarson, Johann",ISL,2595,1992,7
53,"Miles, Anthony J.",ENG,2595,1992,7
54,"Speelman, Jonathan S.",ENG,2590,1992,7
54,"Kengis, Edvins",LAT,2590,1992,7
56,"Dreev, Alexey",RUS,2590,1992,7
56,"Wolff, Patrick G.",USA,2590,1992,7
58,"Rozentalis, Eduardas",LTU,2590,1992,7
59,"Eingorn, Vereslav S.",UKR,2590,1992,7
60,"Kurajica, Bojan",YUG,2590,1992,7
61,"Pinter, Jozsef",HUN,2590,1992,7
62,"Tiviakov, Sergei",RUS,2585,1992,7
63,"Lputian, Smbat G.",ARM,2585,1992,7
63,"Novikov, Igor A.",UKR,2585,1992,7
65,"Vladimirov, Evgeny",KAZ,2585,1992,7
66,"Rohde, Michael A.",USA,2585,1992,7
67,"Vyzmanavin, Alexey",RUS,2580,1992,7
68,"Kudrin, Sergey",USA,2580,1992,7
69,"Kovalev, Andrei",RUS,2580,1992,7
70,"Hertneck, Gerald",GER,2580,1992,7
71,"Ruban, Vadim",RUS,2580,1992,7
72,"Lautier, Joel",FRA,2580,1992,7
73,"Kortschnoj, Viktor",SUI,2575,1992,7
74,"Polgar, Judit                          w",HUN,2575,1992,7
75,"Chandler, Murray G.",ENG,2575,1992,7
76,"Goldin, Alexander",RUS,2575,1992,7
77,"Serper, Grigory",RUS,2575,1992,7
78,"Ernst, Thomas",SWE,2570,1992,7
79,"Dvoirys, Semen I.",RUS,2570,1992,7
80,"Khenkin, Igor",RUS,2570,1992,7
81,"Tukmakov, Vladimir B.",UKR,2570,1992,7
82,"Psakhis, Lev",ISR,2570,1992,7
83,"Ulibin, Mikhail",RUS,2570,1992,7
84,"Benjamin, Joel",USA,2570,1992,7
85,"Morovic Fernandez, Ivan",CHI,2570,1992,7
86,"Ivanov, Alexey",RUS,2570,1992,7
87,"Nogueiras, Jesus",CUB,2570,1992,7
88,"De Firmian, Nick E.",USA,2570,1992,7
89,"Razuvaev, Yuri S.",RUS,2565,1992,7
90,"Petursson, Margeir",ISL,2565,1992,7
91,"Campora, Daniel H.",ARG,2565,1992,7
92,"Rogers, Ian",AUS,2565,1992,7
92,"Granda Zuniga, Julio E.",PER,2565,1992,7
94,"Dzindzichashvili, Roman",USA,2565,1992,7
95,"Sax, Gyula",HUN,2565,1992,7
96,"Pigusov, Evgeny",RUS,2565,1992,7
97,"Magerramov, Elmar",RUS,2565,1992,7
98,"Larsen, Bent",DEN,2565,1992,7
99,"Stohl, Igor",CSR,2560,1992,7
100,"Dlugy, Maxim",USA,2560,1992,7
1,"Kasparov, Garry",RUS,2805,1993,1
2,"Karpov, Anatoly",RUS,2725,1993,1
3,"Ivanchuk, Vassily",UKR,2710,1993,1
4,"Anand, Viswanathan",IND,2710,1993,1
5,"Gelfand, Boris",BLR,2690,1993,1
6,"Kramnik, Vladimir",RUS,2685,1993,1
7,"Shirov, Alexei",LAT,2670,1993,1
8,"Bareev, Evgeny",RUS,2670,1993,1
9,"Georgiev, Kiril",BUL,2660,1993,1
10,"Salov, Valery",RUS,2660,1993,1
11,"Azmaiparashvili, Zurab",GEO,2655,1993,1
12,"Kamsky, Gata",USA,2655,1993,1
13,"Short, Nigel D.",ENG,2655,1993,1
14,"Lautier, Joel",FRA,2645,1993,1
15,"Yusupov, Artur",GER,2645,1993,1
16,"Sokolov, Ivan",BIH,2640,1993,1
17,"Topalov, Veselin",BUL,2635,1993,1
18,"Timman, Jan H.",NED,2635,1993,1
19,"Polugaevsky, Lev",RUS,2635,1993,1
20,"Adams, Michael",ENG,2630,1993,1
21,"Nikolic, Predrag",BIH,2630,1993,1
22,"Khalifman, Alexander",RUS,2630,1993,1
23,"Agdestein, Simen",NOR,2630,1993,1
24,"Ehlvest, Jaan",EST,2625,1993,1
25,"Hjartarson, Johann",ISL,2625,1993,1
25,"Andersson, Ulf",SWE,2625,1993,1
27,"Gulko, Boris F.",USA,2625,1993,1
28,"Dautov, Rustem",RUS,2625,1993,1
29,"Vyzmanavin, Alexey",RUS,2620,1993,1
30,"Kaidanov, Grigory S.",RUS,2620,1993,1
31,"Lobron, Eric",GER,2620,1993,1
32,"Ribli, Zoltan",HUN,2620,1993,1
33,"Huebner, Robert",GER,2620,1993,1
34,"Epishin, Vladimir",RUS,2620,1993,1
34,"Christiansen, Larry M.",USA,2620,1993,1
36,"Romanishin, Oleg M.",UKR,2615,1993,1
37,"Akopian, Vladimir",ARM,2615,1993,1
38,"Vaganian, Rafael A.",ARM,2615,1993,1
39,"Dolmatov, Sergey",RUS,2615,1993,1
40,"Illescas Cordoba, Miguel",ESP,2615,1993,1
40,"Yermolinsky, Alexey",USA,2615,1993,1
42,"Lputian, Smbat G.",ARM,2610,1993,1
43,"Beliavsky, Alexander G.",UKR,2610,1993,1
44,"Gurevich, Mikhail",BEL,2610,1993,1
45,"Hansen, Curt",DEN,2610,1993,1
46,"Yudasin, Leonid",RUS,2610,1993,1
47,"Kortschnoj, Viktor",SUI,2605,1993,1
48,"Tukmakov, Vladimir B.",UKR,2605,1993,1
49,"Chernin, Alexander",HUN,2605,1993,1
50,"Ljubojevic, Ljubomir",YUG,2605,1993,1
51,"Mecking, Henrique",BRA,2605,1993,1
52,"Malaniuk, Vladimir P.",UKR,2600,1993,1
53,"Serper, Grigory",UZB,2600,1993,1
54,"Alterman, Boris",ISR,2600,1993,1
55,"Rohde, Michael A.",USA,2595,1993,1
56,"Speelman, Jonathan S.",ENG,2595,1993,1
57,"Rozentalis, Eduardas",LTU,2595,1993,1
58,"Polgar, Judit                          w",HUN,2595,1993,1
59,"Seirawan, Yasser",USA,2595,1993,1
60,"Ruban, Vadim",RUS,2595,1993,1
61,"Smirin, Ilia",ISR,2590,1993,1
62,"Piket, Jeroen",NED,2590,1993,1
63,"Granda Zuniga, Julio E.",PER,2590,1993,1
64,"Oll, Lembit",EST,2585,1993,1
65,"Dorfman, Josif D.",FRA,2585,1993,1
66,"Benjamin, Joel",USA,2585,1993,1
67,"Vladimirov, Evgeny",KAZ,2585,1993,1
68,"Wojtkiewicz, Aleksander",POL,2580,1993,1
69,"Zapata, Alonso",COL,2580,1993,1
70,"Kharlov, Andrei",RUS,2580,1993,1
71,"Pinter, Jozsef",HUN,2580,1993,1
72,"Portisch, Lajos",HUN,2580,1993,1
73,"Nunn, John D. M.",ENG,2580,1993,1
74,"Wolff, Patrick G.",USA,2580,1993,1
75,"Mozetic, Dejan",YUG,2580,1993,1
76,"Cvitan, Ognjen",CRO,2575,1993,1
77,"Psakhis, Lev",ISR,2575,1993,1
78,"Rogers, Ian",AUS,2575,1993,1
79,"Tiviakov, Sergei",RUS,2575,1993,1
80,"Pigusov, Evgeny",RUS,2575,1993,1
81,"Shabalov, Alexander",LAT,2575,1993,1
82,"Eingorn, Vereslav S.",UKR,2575,1993,1
83,"Kudrin, Sergey",USA,2575,1993,1
84,"Gavrikov, Viktor",LTU,2575,1993,1
85,"Morovic Fernandez, Ivan",CHI,2575,1993,1
85,"Khenkin, Igor",RUS,2575,1993,1
87,"Hertneck, Gerald",GER,2575,1993,1
88,"Miles, Anthony J.",ENG,2570,1993,1
89,"Malisauskas, Vidmantas",LTU,2570,1993,1
90,"Minasian, Artashes",ARM,2570,1993,1
91,"Vaiser, Anatoly V.",FRA,2570,1993,1
92,"Sherbakov, Ruslan",RUS,2570,1993,1
93,"Sax, Gyula",HUN,2570,1993,1
94,"Nogueiras, Jesus",CUB,2570,1993,1
95,"Hodgson, Julian M.",ENG,2565,1993,1
96,"Skembris, Spyridon",GRE,2565,1993,1
97,"Rausis, Igors",LAT,2565,1993,1
98,"Sturua, Zurab",GEO,2565,1993,1
99,"Spraggett, Kevin",CAN,2565,1993,1
100,"Hellers, Ferdinand",SWE,2565,1993,1
1,"Kasparov, Garry",RUS,2815,1993,7
2,"Karpov, Anatoly",RUS,2760,1993,7
3,"Anand, Viswanathan",IND,2725,1993,7
4,"Kramnik, Vladimir",RUS,2710,1993,7
5,"Ivanchuk, Vassily",UKR,2705,1993,7
6,"Shirov, Alexei",LAT,2685,1993,7
7,"Salov, Valery",RUS,2685,1993,7
8,"Topalov, Veselin",BUL,2670,1993,7
9,"Gelfand, Boris",BLR,2670,1993,7
10,"Short, Nigel D.",ENG,2665,1993,7
11,"Bareev, Evgeny",RUS,2660,1993,7
12,"Georgiev, Kiril",BUL,2660,1993,7
13,"Epishin, Vladimir",RUS,2655,1993,7
14,"Khalifman, Alexander",RUS,2645,1993,7
15,"Kamsky, Gata",USA,2645,1993,7
16,"Smirin, Ilia",ISR,2640,1993,7
17,"Kaidanov, Grigory S.",RUS,2640,1993,7
18,"Tiviakov, Sergei",RUS,2635,1993,7
19,"Malaniuk, Vladimir P.",UKR,2635,1993,7
20,"Polgar, Judit                          w",HUN,2635,1993,7
21,"Gulko, Boris F.",USA,2635,1993,7
22,"Beliavsky, Alexander G.",UKR,2635,1993,7
23,"Yusupov, Artur",GER,2630,1993,7
24,"Adams, Michael",ENG,2630,1993,7
24,"Dolmatov, Sergey",RUS,2630,1993,7
26,"Azmaiparashvili, Zurab",GEO,2630,1993,7
27,"Hodgson, Julian M.",ENG,2625,1993,7
28,"Illescas Cordoba, Miguel",ESP,2625,1993,7
29,"Kortschnoj, Viktor",SUI,2625,1993,7
30,"Nikolic, Predrag",BIH,2625,1993,7
31,"Dautov, Rustem",RUS,2625,1993,7
31,"Andersson, Ulf",SWE,2625,1993,7
33,"Benjamin, Joel",USA,2620,1993,7
34,"Lautier, Joel",FRA,2620,1993,7
35,"Ehlvest, Jaan",EST,2620,1993,7
36,"Timman, Jan H.",NED,2620,1993,7
37,"Chernin, Alexander",HUN,2615,1993,7
38,"Vaganian, Rafael A.",ARM,2615,1993,7
39,"Romanishin, Oleg M.",UKR,2615,1993,7
40,"Ribli, Zoltan",HUN,2610,1993,7
41,"Sokolov, Ivan",BIH,2610,1993,7
42,"Agdestein, Simen",NOR,2610,1993,7
43,"Yermolinsky, Alexey",USA,2605,1993,7
44,"Lutz, Christopher",GER,2605,1993,7
45,"Vyzmanavin, Alexey",RUS,2605,1993,7
46,"Gurevich, Mikhail",BEL,2605,1993,7
47,"Yudasin, Leonid",ISR,2605,1993,7
48,"Huebner, Robert",GER,2605,1993,7
49,"Granda Zuniga, Julio E.",PER,2605,1993,7
50,"Speelman, Jonathan S.",ENG,2605,1993,7
50,"Hjartarson, Johann",ISL,2605,1993,7
52,"Polugaevsky, Lev",RUS,2605,1993,7
53,"Tukmakov, Vladimir B.",UKR,2600,1993,7
54,"Akopian, Vladimir",ARM,2600,1993,7
55,"Rozentalis, Eduardas",LTU,2600,1993,7
56,"Oll, Lembit",EST,2595,1993,7
57,"Kozul, Zdenko",BIH,2595,1993,7
58,"Krasenkov, Mikhail",RUS,2595,1993,7
59,"Rogers, Ian",AUS,2595,1993,7
60,"Ljubojevic, Ljubomir",YUG,2595,1993,7
61,"Van Wely, Loek",NED,2590,1993,7
62,"Shabalov, Alexander",LAT,2590,1993,7
63,"Kotronias, Vasilios",GRE,2590,1993,7
64,"Dvoirys, Semen I.",RUS,2590,1993,7
65,"Greenfeld, Alon",ISR,2590,1993,7
65,"Piket, Jeroen",NED,2590,1993,7
67,"Nunn, John D. M.",ENG,2590,1993,7
68,"Hansen, Curt",DEN,2590,1993,7
69,"Ruban, Vadim",RUS,2590,1993,7
70,"Psakhis, Lev",ISR,2585,1993,7
71,"Portisch, Lajos",HUN,2585,1993,7
72,"Wolff, Patrick G.",USA,2585,1993,7
73,"Pigusov, Evgeny",RUS,2585,1993,7
74,"Alterman, Boris",ISR,2585,1993,7
75,"Vladimirov, Evgeny",KAZ,2585,1993,7
76,"Almasi, Zoltan",HUN,2580,1993,7
77,"Vaiser, Anatoly V.",FRA,2580,1993,7
78,"Nenashev, Alexander",UZB,2580,1993,7
79,"Sherbakov, Ruslan",RUS,2580,1993,7
80,"Eingorn, Vereslav S.",UKR,2580,1993,7
81,"Nogueiras, Jesus",CUB,2580,1993,7
82,"Gavrikov, Viktor",SUI,2580,1993,7
83,"Mozetic, Dejan",YUG,2580,1993,7
84,"Lobron, Eric",GER,2575,1993,7
85,"Gurevich, Dmitry",USA,2575,1993,7
86,"Rausis, Igors",LAT,2575,1993,7
87,"Gurevich, Ilya",USA,2575,1993,7
88,"Morovic Fernandez, Ivan",CHI,2575,1993,7
89,"Seirawan, Yasser",USA,2575,1993,7
90,"Serper, Grigory",UZB,2575,1993,7
91,"Rohde, Michael A.",USA,2575,1993,7
92,"Pinter, Jozsef",HUN,2575,1993,7
93,"Mecking, Henrique",BRA,2575,1993,7
94,"Wojtkiewicz, Aleksander",POL,2570,1993,7
95,"Damljanovic, Branko",YUG,2570,1993,7
96,"Hickl, Joerg",GER,2570,1993,7
97,"Dreev, Alexey",RUS,2570,1993,7
97,"Sveshnikov, Evgeny",RUS,2570,1993,7
99,"Khenkin, Igor",ISR,2570,1993,7
100,"Lputian, Smbat G.",ARM,2565,1993,7
1,"Karpov, Anatoly",RUS,2740,1994,1
2,"Shirov, Alexei",LAT,2715,1994,1
3,"Anand, Viswanathan",IND,2715,1994,1
4,"Ivanchuk, Vassily",UKR,2710,1994,1
5,"Kramnik, Vladimir",RUS,2710,1994,1
6,"Kamsky, Gata",USA,2695,1994,1
7,"Salov, Valery",RUS,2685,1994,1
8,"Bareev, Evgeny",RUS,2685,1994,1
9,"Gelfand, Boris",BLR,2685,1994,1
10,"Epishin, Vladimir",RUS,2675,1994,1
11,"Yusupov, Artur",GER,2665,1994,1
12,"Adams, Michael",ENG,2660,1994,1
13,"Khalifman, Alexander",RUS,2660,1994,1
14,"Sokolov, Ivan",BIH,2650,1994,1
15,"Beliavsky, Alexander G.",UKR,2650,1994,1
16,"Dreev, Alexey",RUS,2645,1994,1
17,"Kaidanov, Gregory S.",USA,2645,1994,1
18,"Topalov, Veselin",BUL,2640,1994,1
19,"Chernin, Alexander",HUN,2630,1994,1
20,"Tiviakov, Sergei",RUS,2630,1994,1
21,"Polgar, Judit                          w",HUN,2630,1994,1
22,"Nikolic, Predrag",BIH,2625,1994,1
23,"Lautier, Joel",FRA,2625,1994,1
24,"Yudasin, Leonid",ISR,2625,1994,1
25,"Vaganian, Rafael A.",ARM,2625,1994,1
26,"Azmaiparashvili, Zurab",GEO,2625,1994,1
27,"Dautov, Rustem",GER,2625,1994,1
28,"Yermolinsky, Alexey",USA,2620,1994,1
29,"Timman, Jan H.",NED,2620,1994,1
30,"Benjamin, Joel",USA,2620,1994,1
31,"Andersson, Ulf",SWE,2620,1994,1
32,"Kortschnoj, Viktor",SUI,2615,1994,1
33,"Georgiev, Kiril",BUL,2615,1994,1
34,"Smirin, Ilia",ISR,2615,1994,1
34,"Gulko, Boris F.",USA,2615,1994,1
36,"Hertneck, Gerald",GER,2615,1994,1
37,"Almasi, Zoltan",HUN,2610,1994,1
38,"Gurevich, Mikhail",BEL,2610,1994,1
38,"Ehlvest, Jaan",EST,2610,1994,1
40,"Dolmatov, Sergey",RUS,2610,1994,1
40,"Vyzmanavin, Alexey",RUS,2610,1994,1
42,"Greenfeld, Alon",ISR,2610,1994,1
43,"Huebner, Robert",GER,2610,1994,1
43,"Sveshnikov, Evgeny",RUS,2610,1994,1
45,"Oll, Lembit",EST,2605,1994,1
46,"Akopian, Vladimir",ARM,2605,1994,1
47,"Piket, Jeroen",NED,2605,1994,1
48,"Speelman, Jonathan S.",ENG,2605,1994,1
49,"Rozentalis, Eduardas",LTU,2605,1994,1
49,"Van der Sterren, Paul",NED,2605,1994,1
51,"Granda Zuniga, Julio E.",PER,2605,1994,1
52,"Nunn, John D. M.",ENG,2605,1994,1
53,"Morovic Fernandez, Ivan",CHI,2605,1994,1
54,"Portisch, Lajos",HUN,2605,1994,1
55,"Ribli, Zoltan",HUN,2600,1994,1
56,"Ljubojevic, Ljubomir",YUG,2600,1994,1
57,"Malaniuk, Vladimir P.",UKR,2595,1994,1
58,"Hjartarson, Johann",ISL,2595,1994,1
59,"Alterman, Boris",ISR,2595,1994,1
60,"Wolff, Patrick G.",USA,2595,1994,1
61,"Agdestein, Simen",NOR,2595,1994,1
62,"Polugaevsky, Lev",RUS,2595,1994,1
63,"Lutz, Christopher",GER,2595,1994,1
64,"Glek, Igor V.",RUS,2590,1994,1
65,"Miles, Anthony J.",ENG,2590,1994,1
66,"Romanishin, Oleg M.",UKR,2590,1994,1
67,"Shabalov, Alexander",USA,2590,1994,1
68,"Illescas Cordoba, Miguel",ESP,2590,1994,1
69,"Lputian, Smbat G.",ARM,2590,1994,1
70,"Gavrikov, Viktor",SUI,2590,1994,1
71,"Morozevich, Alexander",RUS,2590,1994,1
72,"Milov, Vadim",ISR,2585,1994,1
73,"Psakhis, Lev",ISR,2585,1994,1
74,"Bologan, Viorel",MDA,2585,1994,1
75,"Goldin, Alexander",RUS,2585,1994,1
76,"Gurevich, Ilya",USA,2585,1994,1
77,"Seirawan, Yasser",USA,2585,1994,1
78,"Mozetic, Dejan",YUG,2585,1994,1
79,"De Firmian, Nick E.",USA,2580,1994,1
80,"Hansen, Curt",DEN,2580,1994,1
81,"Vladimirov, Evgeny",KAZ,2580,1994,1
82,"Arbakov, Valentin",RUS,2575,1994,1
83,"Kozul, Zdenko",CRO,2575,1994,1
84,"Huzman, Alexander",UKR,2575,1994,1
85,"Vaiser, Anatoly V.",FRA,2575,1994,1
86,"Nenashev, Alexander",UZB,2575,1994,1
87,"Mecking, Henrique",BRA,2575,1994,1
88,"Cvitan, Ognjen",CRO,2570,1994,1
89,"Hodgson, Julian M.",ENG,2570,1994,1
89,"Van Wely, Loek",NED,2570,1994,1
91,"Pigusov, Evgeny",RUS,2570,1994,1
92,"Shneider, Aleksandr",UKR,2570,1994,1
93,"Dorfman, Josif D.",FRA,2570,1994,1
94,"Van der Wiel, John T. H.",NED,2570,1994,1
95,"Tukmakov, Vladimir B.",UKR,2570,1994,1
96,"Eingorn, Vereslav S.",UKR,2570,1994,1
97,"Lobron, Eric",GER,2570,1994,1
98,"Dokhoian, Yury",RUS,2570,1994,1
99,"Krasenkov, Mikhail",RUS,2565,1994,1
100,"Rogers, Ian",AUS,2565,1994,1
1,"Karpov, Anatoly",RUS,2780,1994,7
2,"Shirov, Alexei",LAT,2740,1994,7
3,"Kramnik, Vladimir",RUS,2725,1994,7
4,"Anand, Viswanathan",IND,2720,1994,7
5,"Salov, Valery",RUS,2710,1994,7
6,"Kamsky, Gata",USA,2695,1994,7
7,"Ivanchuk, Vassily",UKR,2695,1994,7
8,"Gelfand, Boris",BLR,2680,1994,7
9,"Bareev, Evgeny",RUS,2675,1994,7
10,"Yusupov, Artur",GER,2655,1994,7
11,"Nikolic, Predrag",BIH,2655,1994,7
12,"Dreev, Alexey",RUS,2650,1994,7
13,"Epishin, Vladimir",RUS,2650,1994,7
14,"Khalifman, Alexander",RUS,2645,1994,7
15,"Lautier, Joel",FRA,2645,1994,7
16,"Kaidanov, Gregory S.",USA,2645,1994,7
17,"Vaganian, Rafael A.",ARM,2645,1994,7
18,"Topalov, Veselin",BUL,2645,1994,7
19,"Tiviakov, Sergei",RUS,2640,1994,7
20,"Piket, Jeroen",NED,2640,1994,7
21,"Beliavsky, Alexander G.",UKR,2640,1994,7
22,"Adams, Michael",ENG,2640,1994,7
23,"Timman, Jan H.",NED,2635,1994,7
24,"Akopian, Vladimir",ARM,2630,1994,7
25,"Polgar, Judit                          w",HUN,2630,1994,7
26,"Dautov, Rustem",GER,2630,1994,7
27,"Sokolov, Ivan",BIH,2625,1994,7
28,"Nunn, John D. M.",ENG,2625,1994,7
29,"Yudasin, Leonid",ISR,2625,1994,7
30,"Azmaiparashvili, Zurab",GEO,2625,1994,7
31,"Almasi, Zoltan",HUN,2620,1994,7
32,"Gurevich, Mikhail",BEL,2620,1994,7
32,"Granda Zuniga, Julio E.",PER,2620,1994,7
32,"Andersson, Ulf",SWE,2620,1994,7
35,"Glek, Igor V.",RUS,2615,1994,7
36,"Smirin, Ilia",ISR,2615,1994,7
37,"Psakhis, Lev",ISR,2615,1994,7
38,"Chernin, Alexander",HUN,2615,1994,7
39,"Dolmatov, Sergey",RUS,2615,1994,7
40,"Oll, Lembit",EST,2615,1994,7
41,"Georgiev, Kiril",BUL,2615,1994,7
41,"Kortschnoj, Viktor",SUI,2615,1994,7
43,"Loginov, Valery A.",UZB,2610,1994,7
44,"Malaniuk, Vladimir P.",UKR,2610,1994,7
45,"Portisch, Lajos",HUN,2610,1994,7
46,"Benjamin, Joel",USA,2610,1994,7
47,"Vyzmanavin, Alexey",RUS,2610,1994,7
48,"Hansen, Curt",DEN,2605,1994,7
49,"Hertneck, Gerald",GER,2605,1994,7
49,"Van der Sterren, Paul",NED,2605,1994,7
51,"Romanishin, Oleg M.",UKR,2605,1994,7
52,"Ribli, Zoltan",HUN,2605,1994,7
53,"Huebner, Robert",GER,2605,1994,7
54,"Shabalov, Alexander",USA,2600,1994,7
55,"Ehlvest, Jaan",EST,2600,1994,7
56,"Miles, Anthony J.",ENG,2600,1994,7
57,"Bologan, Viorel",MDA,2600,1994,7
58,"Gavrikov, Viktor",SUI,2600,1994,7
59,"Greenfeld, Alon",ISR,2600,1994,7
60,"Agdestein, Simen",NOR,2600,1994,7
61,"Speelman, Jonathan S.",ENG,2600,1994,7
62,"Krasenkov, Mikhail",RUS,2595,1994,7
63,"Wolff, Patrick G.",USA,2595,1994,7
64,"Dorfman, Josif D.",FRA,2595,1994,7
65,"Rozentalis, Eduardas",LTU,2595,1994,7
66,"Hodgson, Julian M.",ENG,2590,1994,7
67,"Yermolinsky, Alex",USA,2590,1994,7
68,"Illescas Cordoba, Miguel",ESP,2590,1994,7
68,"Gulko, Boris F.",USA,2590,1994,7
70,"Goldin, Alexander",RUS,2590,1994,7
71,"Milov, Vadim",ISR,2590,1994,7
72,"Lputian, Smbat G.",ARM,2590,1994,7
73,"Cvitan, Ognjen",CRO,2585,1994,7
74,"Onischuk, Alexander",UKR,2585,1994,7
75,"Sveshnikov, Evgeny",RUS,2585,1994,7
76,"Hjartarson, Johann",ISL,2585,1994,7
77,"Zvjaginsev, Vadim",RUS,2585,1994,7
78,"Eingorn, Vereslav S.",UKR,2585,1994,7
79,"Morovic Fernandez, Ivan",CHI,2585,1994,7
79,"Alterman, Boris",ISR,2585,1994,7
81,"Polugaevsky, Lev",RUS,2585,1994,7
82,"Seirawan, Yasser",USA,2585,1994,7
83,"Sokolov, Andrei",RUS,2580,1994,7
84,"Khenkin, Igor",ISR,2580,1994,7
85,"Magerramov, Elmar",AZE,2580,1994,7
85,"Hansen, Lars Bo",DEN,2580,1994,7
87,"Lobron, Eric",GER,2580,1994,7
88,"Kengis, Edvins",LAT,2580,1994,7
89,"Dokhoian, Yury",RUS,2580,1994,7
90,"Lutz, Christopher",GER,2580,1994,7
91,"Ljubojevic, Ljubomir",YUG,2580,1994,7
92,"Vladimirov, Evgeny",KAZ,2580,1994,7
93,"Kozul, Zdenko",CRO,2575,1994,7
93,"Ivanov, Alexander",USA,2575,1994,7
95,"Ye, Jiangchuan",CHN,2575,1994,7
96,"Morozevich, Alexander",RUS,2575,1994,7
97,"Serper, Grigory",UZB,2575,1994,7
98,"Vaiser, Anatoly V.",FRA,2575,1994,7
98,"Christiansen, Larry M.",USA,2575,1994,7
100,"Milos, Gilberto",BRA,2575,1994,7
1,"Kasparov, Garry",RUS,2805,1995,1
2,"Karpov, Anatoly",RUS,2765,1995,1
3,"Salov, Valery",RUS,2715,1995,1
4,"Anand, Viswanathan",IND,2715,1995,1
5,"Kramnik, Vladimir",RUS,2715,1995,1
6,"Shirov, Alexei",ESP,2710,1995,1
7,"Kamsky, Gata",USA,2710,1995,1
8,"Gelfand, Boris",BLR,2700,1995,1
9,"Ivanchuk, Vassily",UKR,2700,1995,1
10,"Bareev, Evgeny",RUS,2675,1995,1
11,"Piket, Jeroen",NED,2670,1995,1
12,"Yusupov, Artur",GER,2660,1995,1
13,"Lautier, Joel",FRA,2655,1995,1
14,"Adams, Michael",ENG,2655,1995,1
15,"Akopian, Vladimir",ARM,2655,1995,1
16,"Short, Nigel D.",ENG,2655,1995,1
17,"Dreev, Alexey",RUS,2650,1995,1
17,"Beliavsky, Alexander G.",UKR,2650,1995,1
19,"Sokolov, Ivan",BIH,2645,1995,1
20,"Nikolic, Predrag",BIH,2645,1995,1
21,"Vaganian, Rafael A.",ARM,2640,1995,1
22,"Epishin, Vladimir",RUS,2635,1995,1
23,"Kortschnoj, Viktor",SUI,2635,1995,1
24,"Khalifman, Alexander",RUS,2635,1995,1
25,"Timman, Jan H.",NED,2635,1995,1
26,"Andersson, Ulf",SWE,2630,1995,1
27,"Topalov, Veselin",BUL,2630,1995,1
28,"Smirin, Ilia",ISR,2630,1995,1
29,"Lputian, Smbat G.",ARM,2630,1995,1
30,"Polgar, Judit                          w",HUN,2630,1995,1
31,"Nunn, John D. M.",ENG,2630,1995,1
32,"Hansen, Curt",DEN,2630,1995,1
33,"Psakhis, Lev",ISR,2625,1995,1
34,"Georgiev, Kiril",BUL,2625,1995,1
35,"Tiviakov, Sergei",RUS,2625,1995,1
36,"Dautov, Rustem",GER,2625,1995,1
37,"Huebner, Robert",GER,2620,1995,1
38,"Granda Zuniga, Julio E.",PER,2620,1995,1
39,"Miles, Anthony J.",ENG,2615,1995,1
40,"Yudasin, Leonid",ISR,2615,1995,1
41,"Malaniuk, Vladimir P.",UKR,2615,1995,1
42,"Hodgson, Julian M.",ENG,2615,1995,1
43,"Ehlvest, Jaan",EST,2615,1995,1
44,"Azmaiparashvili, Zurab",BIH,2610,1995,1
45,"Speelman, Jonathan S.",ENG,2610,1995,1
46,"Oll, Lembit",EST,2610,1995,1
47,"Nenashev, Alexander",UZB,2605,1995,1
48,"Gurevich, Mikhail",BEL,2605,1995,1
49,"Ftacnik, Lubomir",SVK,2605,1995,1
50,"Kaidanov, Gregory S.",USA,2605,1995,1
51,"Vyzmanavin, Alexey",RUS,2605,1995,1
52,"Morozevich, Alexander",RUS,2605,1995,1
53,"Dolmatov, Sergey",RUS,2605,1995,1
54,"Chernin, Alexander",HUN,2600,1995,1
55,"Gavrikov, Viktor",SUI,2600,1995,1
56,"Rozentalis, Eduardas",LTU,2600,1995,1
57,"Seirawan, Yasser",USA,2600,1995,1
58,"Glek, Igor V.",RUS,2600,1995,1
59,"Ribli, Zoltan",HUN,2600,1995,1
60,"Agdestein, Simen",NOR,2600,1995,1
61,"Hracek, Zbynek",CZE,2595,1995,1
62,"Illescas Cordoba, Miguel",ESP,2595,1995,1
63,"Eingorn, Vereslav S.",UKR,2595,1995,1
64,"Gulko, Boris F.",USA,2595,1995,1
65,"Hertneck, Gerald",GER,2595,1995,1
66,"Romanishin, Oleg M.",UKR,2595,1995,1
67,"De Firmian, Nick E.",USA,2590,1995,1
68,"Lalic, Bogdan",CRO,2590,1995,1
69,"Giorgadze, Giorgi",GEO,2590,1995,1
70,"Novikov, Igor A.",UKR,2590,1995,1
70,"Onischuk, Alexander",UKR,2590,1995,1
72,"Huzman, Alexander",ISR,2590,1995,1
73,"Pigusov, Evgeny",RUS,2590,1995,1
74,"Almasi, Zoltan",HUN,2590,1995,1
75,"Hjartarson, Johann",ISL,2590,1995,1
76,"Dorfman, Josif D.",FRA,2590,1995,1
77,"Savchenko, Stanislav",UKR,2585,1995,1
78,"Adianto, Utut",INA,2585,1995,1
79,"Kurajica, Bojan",BIH,2585,1995,1
80,"Serper, Grigory",UZB,2585,1995,1
81,"Tukmakov, Vladimir B.",UKR,2585,1995,1
82,"Svidler, Peter",RUS,2585,1995,1
83,"Rublevsky, Sergei",RUS,2585,1995,1
83,"Zvjaginsev, Vadim",RUS,2585,1995,1
85,"Kindermann, Stefan",GER,2585,1995,1
85,"Portisch, Lajos",HUN,2585,1995,1
85,"Hellers, Ferdinand",SWE,2585,1995,1
88,"Polugaevsky, Lev",RUS,2585,1995,1
89,"Yermolinsky, Alex",USA,2580,1995,1
90,"Van Wely, Loek",NED,2580,1995,1
91,"Milov, Vadim",ISR,2580,1995,1
92,"Greenfeld, Alon",ISR,2580,1995,1
93,"Razuvaev, Yuri S.",RUS,2580,1995,1
94,"Ljubojevic, Ljubomir",YUG,2580,1995,1
95,"Goldin, Alexander",RUS,2580,1995,1
96,"Dokhoian, Yury",RUS,2580,1995,1
97,"Vladimirov, Evgeny",KAZ,2580,1995,1
98,"Alterman, Boris",ISR,2575,1995,1
99,"Komarov, Dimitri",UKR,2575,1995,1
100,"Damljanovic, Branko",YUG,2575,1995,1
1,"Kasparov, Garry",RUS,2795,1995,7
2,"Karpov, Anatoly",RUS,2775,1995,7
3,"Ivanchuk, Vassily",UKR,2740,1995,7
4,"Kamsky, Gata",USA,2735,1995,7
5,"Kramnik, Vladimir",RUS,2730,1995,7
6,"Anand, Viswanathan",IND,2725,1995,7
7,"Shirov, Alexei",ESP,2695,1995,7
8,"Gelfand, Boris",BLR,2685,1995,7
9,"Salov, Valery",RUS,2685,1995,7
10,"Yusupov, Artur",GER,2680,1995,7
11,"Topalov, Veselin",BUL,2670,1995,7
12,"Dreev, Alexey",RUS,2670,1995,7
13,"Adams, Michael",ENG,2660,1995,7
14,"Tiviakov, Sergei",RUS,2655,1995,7
15,"Khalifman, Alexander",RUS,2655,1995,7
16,"Beliavsky, Alexander G.",UKR,2650,1995,7
17,"Bareev, Evgeny",RUS,2650,1995,7
18,"Almasi, Zoltan",HUN,2645,1995,7
19,"Short, Nigel D.",ENG,2645,1995,7
20,"Lautier, Joel",FRA,2645,1995,7
21,"Vaganian, Rafael A.",ARM,2645,1995,7
22,"Nikolic, Predrag",BIH,2645,1995,7
23,"Epishin, Vladimir",RUS,2640,1995,7
24,"Kortschnoj, Viktor",SUI,2635,1995,7
25,"Svidler, Peter",RUS,2635,1995,7
26,"Hracek, Zbynek",CZE,2635,1995,7
27,"Polgar, Judit                          w",HUN,2635,1995,7
28,"Hansen, Curt",DEN,2635,1995,7
29,"Sokolov, Ivan",BIH,2630,1995,7
30,"Smirin, Ilia",ISR,2630,1995,7
31,"Yudasin, Leonid",ISR,2630,1995,7
32,"Ehlvest, Jaan",EST,2630,1995,7
33,"Oll, Lembit",EST,2630,1995,7
33,"Huebner, Robert",GER,2630,1995,7
35,"Morozevich, Alexander",RUS,2630,1995,7
36,"Andersson, Ulf",SWE,2630,1995,7
37,"Piket, Jeroen",NED,2625,1995,7
38,"Akopian, Vladimir",ARM,2625,1995,7
39,"Seirawan, Yasser",USA,2625,1995,7
40,"Gulko, Boris F.",USA,2620,1995,7
41,"Illescas Cordoba, Miguel",ESP,2620,1995,7
42,"Azmaiparashvili, Zurab",BIH,2620,1995,7
43,"Speelman, Jonathan S.",ENG,2620,1995,7
44,"Dautov, Rustem",GER,2620,1995,7
45,"Nunn, John D. M.",ENG,2615,1995,7
46,"Portisch, Lajos",HUN,2615,1995,7
47,"Dolmatov, Sergey",RUS,2615,1995,7
48,"Psakhis, Lev",ISR,2610,1995,7
49,"Rozentalis, Eduardas",LTU,2610,1995,7
50,"Korneev, Oleg",RUS,2605,1995,7
51,"De Firmian, Nick E.",USA,2605,1995,7
52,"Tkachiev, Vladislav",KAZ,2605,1995,7
53,"Lerner, Konstantin Z.",UKR,2605,1995,7
54,"Giorgadze, Giorgi",GEO,2605,1995,7
55,"Leko, Peter",HUN,2605,1995,7
56,"Georgiev, Kiril",BUL,2605,1995,7
57,"Granda Zuniga, Julio E.",PER,2605,1995,7
58,"Gavrikov, Viktor",SUI,2605,1995,7
59,"Vyzmanavin, Alexey",RUS,2605,1995,7
60,"Miles, Anthony J.",ENG,2600,1995,7
61,"Tukmakov, Vladimir B.",UKR,2600,1995,7
62,"Chernin, Alexander",HUN,2600,1995,7
63,"Rogers, Ian",AUS,2600,1995,7
63,"Eingorn, Vereslav S.",UKR,2600,1995,7
65,"Zvjaginsev, Vadim",RUS,2600,1995,7
66,"Ljubojevic, Ljubomir",YUG,2600,1995,7
67,"Alterman, Boris",ISR,2595,1995,7
68,"Kurajica, Bojan",BIH,2595,1995,7
69,"Lobron, Eric",GER,2595,1995,7
70,"Rublevsky, Sergei",RUS,2595,1995,7
71,"Lalic, Bogdan",CRO,2590,1995,7
71,"Hodgson, Julian M.",ENG,2590,1995,7
73,"Kotronias, Vasilios",GRE,2590,1995,7
74,"Timman, Jan H.",NED,2590,1995,7
75,"Krasenkov, Mikhail",RUS,2590,1995,7
76,"Adianto, Utut",INA,2590,1995,7
77,"Ribli, Zoltan",HUN,2590,1995,7
78,"Christiansen, Larry M.",USA,2590,1995,7
79,"Savchenko, Stanislav",UKR,2590,1995,7
80,"Van Wely, Loek",NED,2585,1995,7
81,"Lputian, Smbat G.",ARM,2585,1995,7
82,"Nenashev, Alexander",UZB,2585,1995,7
83,"Kaidanov, Gregory S.",USA,2585,1995,7
84,"Razuvaev, Yuri S.",RUS,2585,1995,7
85,"Sokolov, Andrei",RUS,2585,1995,7
86,"Goldin, Alexander",RUS,2585,1995,7
87,"Gurevich, Mikhail",BEL,2585,1995,7
88,"Morovic Fernandez, Ivan",CHI,2585,1995,7
89,"Agdestein, Simen",NOR,2585,1995,7
90,"Vladimirov, Evgeny",KAZ,2585,1995,7
91,"Polugaevsky, Lev",RUS,2585,1995,7
91,"Hellers, Ferdinand",SWE,2585,1995,7
93,"Ibragimov, Ildar",RUS,2580,1995,7
94,"Kozul, Zdenko",CRO,2580,1995,7
95,"Romanishin, Oleg M.",UKR,2580,1995,7
96,"Malaniuk, Vladimir P.",UKR,2580,1995,7
97,"Ftacnik, Lubomir",SVK,2580,1995,7
98,"Sveshnikov, Evgeny",RUS,2580,1995,7
99,"Glek, Igor V.",RUS,2580,1995,7
100,"Novikov, Igor A.",UKR,2580,1995,7
1,"Kramnik, Vladimir",RUS,2775,1996,1
2,"Kasparov, Garry",RUS,2775,1996,1
3,"Karpov, Anatoly",RUS,2770,1996,1
4,"Ivanchuk, Vassily",UKR,2735,1996,1
5,"Kamsky, Gata",USA,2735,1996,1
6,"Anand, Viswanathan",IND,2725,1996,1
7,"Topalov, Veselin",BUL,2700,1996,1
8,"Gelfand, Boris",BLR,2700,1996,1
9,"Shirov, Alexei",ESP,2690,1996,1
10,"Polgar, Judit                          w",HUN,2675,1996,1
11,"Dreev, Alexey",RUS,2670,1996,1
12,"Salov, Valery",RUS,2670,1996,1
13,"Short, Nigel D.",ENG,2665,1996,1
14,"Sokolov, Ivan",BIH,2665,1996,1
15,"Ehlvest, Jaan",EST,2660,1996,1
16,"Adams, Michael",ENG,2660,1996,1
17,"Azmaiparashvili, Zurab",BIH,2660,1996,1
18,"Yusupov, Artur",GER,2655,1996,1
19,"Khalifman, Alexander",RUS,2650,1996,1
20,"Hracek, Zbynek",CZE,2650,1996,1
21,"Almasi, Zoltan",HUN,2650,1996,1
22,"Kortschnoj, Viktor",SUI,2645,1996,1
23,"Epishin, Vladimir",RUS,2645,1996,1
24,"Bareev, Evgeny",RUS,2645,1996,1
25,"Nikolic, Predrag",BIH,2645,1996,1
26,"Oll, Lembit",EST,2640,1996,1
27,"Miles, Anthony J.",ENG,2635,1996,1
28,"Glek, Igor V.",RUS,2635,1996,1
29,"Illescas Cordoba, Miguel",ESP,2635,1996,1
30,"Huebner, Robert",GER,2635,1996,1
31,"Yudasin, Leonid",ISR,2635,1996,1
32,"Lautier, Joel",FRA,2630,1996,1
33,"Svidler, Peter",RUS,2630,1996,1
34,"Andersson, Ulf",SWE,2630,1996,1
35,"Seirawan, Yasser",USA,2630,1996,1
36,"Tiviakov, Sergei",RUS,2625,1996,1
37,"Leko, Peter",HUN,2625,1996,1
38,"Morozevich, Alexander",RUS,2625,1996,1
39,"Speelman, Jonathan S.",ENG,2625,1996,1
40,"Timman, Jan H.",NED,2620,1996,1
41,"Akopian, Vladimir",ARM,2620,1996,1
42,"Hodgson, Julian M.",ENG,2615,1996,1
43,"Beliavsky, Alexander G.",SLO,2615,1996,1
44,"Smirin, Ilia",ISR,2615,1996,1
45,"Georgiev, Kiril",BUL,2615,1996,1
46,"Gulko, Boris F.",USA,2615,1996,1
47,"Vaganian, Rafael A.",ARM,2615,1996,1
48,"Dautov, Rustem",GER,2615,1996,1
49,"Hansen, Curt",DEN,2615,1996,1
50,"Rublevsky, Sergei",RUS,2610,1996,1
51,"Psakhis, Lev",ISR,2610,1996,1
52,"Krasenkow, Michal",POL,2610,1996,1
53,"Kotronias, Vasilios",GRE,2610,1996,1
54,"Adianto, Utut",INA,2610,1996,1
55,"Vyzmanavin, Alexey",RUS,2610,1996,1
56,"Dolmatov, Sergey",RUS,2610,1996,1
57,"Gavrikov, Viktor",SUI,2605,1996,1
58,"Nunn, John D. M.",ENG,2605,1996,1
59,"Kaidanov, Gregory S.",USA,2605,1996,1
60,"Rozentalis, Eduardas",LTU,2605,1996,1
61,"Goldin, Alexander",RUS,2600,1996,1
62,"Sadler, Matthew",ENG,2600,1996,1
63,"Granda Zuniga, Julio E.",PER,2600,1996,1
64,"Tkachiev, Vladislav",KAZ,2600,1996,1
65,"Ljubojevic, Ljubomir",YUG,2600,1996,1
66,"Nenashev, Alexander",UZB,2595,1996,1
67,"De Firmian, Nick E.",USA,2595,1996,1
68,"Tukmakov, Vladimir B.",UKR,2595,1996,1
69,"Chernin, Alexander",HUN,2595,1996,1
70,"Lerner, Konstantin Z.",UKR,2595,1996,1
71,"Portisch, Lajos",HUN,2595,1996,1
72,"Giorgadze, Giorgi",GEO,2590,1996,1
73,"Bologan, Viorel",MDA,2590,1996,1
74,"Novikov, Igor A.",UKR,2590,1996,1
75,"Smagin, Sergey",RUS,2590,1996,1
76,"Korneev, Oleg",RUS,2590,1996,1
77,"Lobron, Eric",GER,2590,1996,1
78,"Romanishin, Oleg M.",UKR,2590,1996,1
79,"Gurevich, Mikhail",BEL,2590,1996,1
80,"Ribli, Zoltan",HUN,2590,1996,1
81,"Malaniuk, Vladimir P.",UKR,2585,1996,1
82,"Dvoirys, Semen I.",RUS,2585,1996,1
83,"Milov, Vadim",ISR,2585,1996,1
84,"Petursson, Margeir",ISL,2585,1996,1
85,"Savchenko, Stanislav",UKR,2585,1996,1
86,"Zvjaginsev, Vadim",RUS,2585,1996,1
86,"Ftacnik, Lubomir",SVK,2585,1996,1
88,"Alterman, Boris",ISR,2585,1996,1
89,"Vladimirov, Evgeny",KAZ,2585,1996,1
89,"Agdestein, Simen",NOR,2585,1996,1
89,"Polugaevsky, Lev",RUS,2585,1996,1
89,"Hellers, Ferdinand",SWE,2585,1996,1
93,"Zontakh, Andrey",UKR,2580,1996,1
94,"Movsesian, Sergei",ARM,2580,1996,1
95,"Eingorn, Vereslav S.",UKR,2580,1996,1
96,"Hickl, Joerg",GER,2580,1996,1
97,"Onischuk, Alexander",UKR,2580,1996,1
98,"Razuvaev, Yuri S.",RUS,2580,1996,1
99,"Kozul, Zdenko",CRO,2580,1996,1
100,"Sokolov, Andrei",RUS,2580,1996,1
1,"Kasparov, Garry",RUS,2785,1996,7
2,"Karpov, Anatoly",RUS,2775,1996,7
3,"Kramnik, Vladimir",RUS,2765,1996,7
4,"Topalov, Veselin",BUL,2750,1996,7
5,"Anand, Viswanathan",IND,2750,1996,7
6,"Kamsky, Gata",USA,2745,1996,7
7,"Ivanchuk, Vassily",UKR,2730,1996,7
8,"Short, Nigel D.",ENG,2695,1996,7
9,"Adams, Michael",ENG,2685,1996,7
10,"Shirov, Alexei",ESP,2685,1996,7
11,"Salov, Valery",RUS,2675,1996,7
12,"Glek, Igor V.",RUS,2670,1996,7
13,"Sokolov, Ivan",BIH,2670,1996,7
14,"Azmaiparashvili, Zurab",GEO,2670,1996,7
15,"Nikolic, Predrag",BIH,2670,1996,7
16,"Gelfand, Boris",BLR,2665,1996,7
17,"Jussupow, Artur",GER,2665,1996,7
18,"Polgar, Judit                          w",HUN,2665,1996,7
19,"Ehlvest, Jaan",EST,2660,1996,7
20,"Almasi, Zoltan",HUN,2655,1996,7
21,"Bareev, Evgeny",RUS,2655,1996,7
22,"Svidler, Peter",RUS,2650,1996,7
23,"Dreev, Alexey",RUS,2645,1996,7
24,"Rublevsky, Sergei",RUS,2645,1996,7
25,"Khalifman, Alexander",RUS,2640,1996,7
26,"Illescas Cordoba, Miguel",ESP,2640,1996,7
27,"Andersson, Ulf",SWE,2640,1996,7
28,"Movsesian, Sergei",ARM,2635,1996,7
29,"Kortschnoj, Viktor",SUI,2635,1996,7
30,"Miles, Anthony J.",ENG,2630,1996,7
31,"Leko, Peter",HUN,2630,1996,7
32,"Akopian, Vladimir",ARM,2630,1996,7
33,"Seirawan, Yasser",USA,2630,1996,7
34,"Hracek, Zbynek",CZE,2625,1996,7
35,"Smirin, Ilia",ISR,2625,1996,7
36,"Speelman, Jonathan S.",ENG,2625,1996,7
37,"Epishin, Vladimir",RUS,2620,1996,7
38,"Chernin, Alexander",HUN,2620,1996,7
39,"Beliavsky, Alexander G.",SLO,2620,1996,7
40,"Lautier, Joel",FRA,2620,1996,7
41,"Tkachiev, Vladislav",KAZ,2620,1996,7
42,"Georgiev, Kiril",BUL,2620,1996,7
43,"Oll, Lembit",EST,2620,1996,7
44,"Kotronias, Vasilios",GRE,2615,1996,7
45,"Tiviakov, Sergei",RUS,2615,1996,7
46,"Gulko, Boris F.",USA,2615,1996,7
47,"Rozentalis, Eduardas",LTU,2615,1996,7
48,"Sadler, Matthew",ENG,2615,1996,7
49,"Dautov, Rustem",GER,2615,1996,7
50,"Malaniuk, Vladimir P.",UKR,2610,1996,7
51,"Yermolinsky, Alex",USA,2610,1996,7
52,"Ftacnik, Lubomir",SVK,2610,1996,7
53,"Granda Zuniga, Julio E.",PER,2610,1996,7
54,"Morozevich, Alexander",RUS,2610,1996,7
55,"Kozul, Zdenko",CRO,2605,1996,7
56,"Van Wely, Loek",NED,2605,1996,7
57,"Gurevich, Mikhail",BEL,2605,1996,7
58,"Milos, Gilberto",BRA,2605,1996,7
59,"Kharlov, Andrei",RUS,2605,1996,7
60,"Onischuk, Alexander",UKR,2605,1996,7
61,"Krasenkow, Michal",POL,2605,1996,7
62,"Adianto, Utut",INA,2605,1996,7
63,"Nunn, John D. M.",ENG,2605,1996,7
64,"Gavrikov, Viktor",SUI,2605,1996,7
65,"Sakaev, Konstantin",RUS,2600,1996,7
66,"Bologan, Viorel",MDA,2600,1996,7
67,"Hickl, Joerg",GER,2600,1996,7
68,"Portisch, Lajos",HUN,2600,1996,7
69,"Agdestein, Simen",NOR,2600,1996,7
70,"Yudasin, Leonid",ISR,2595,1996,7
71,"Komarov, Dimitri",UKR,2595,1996,7
72,"Lputian, Smbat G.",ARM,2595,1996,7
73,"Vaganian, Rafael A.",ARM,2595,1996,7
73,"Huebner, Robert",GER,2595,1996,7
75,"Alterman, Boris",ISR,2595,1996,7
76,"Hansen, Curt",DEN,2595,1996,7
77,"Ljubojevic, Ljubomir",YUG,2595,1996,7
78,"Zvjaginsev, Vadim",RUS,2590,1996,7
79,"Dorfman, Josif D.",FRA,2590,1996,7
80,"Morovic Fernandez, Ivan",CHI,2590,1996,7
80,"Timman, Jan H.",NED,2590,1996,7
82,"Psakhis, Lev",ISR,2590,1996,7
83,"Nikolaidis, Ioannis",GRE,2585,1996,7
84,"Conquest, Stuart",ENG,2585,1996,7
85,"Lobron, Eric",GER,2585,1996,7
86,"Sokolov, Andrei",RUS,2585,1996,7
87,"Eingorn, Vereslav S.",UKR,2585,1996,7
88,"Ribli, Zoltan",HUN,2585,1996,7
88,"Novikov, Igor A.",UKR,2585,1996,7
90,"Vyzmanavin, Alexey",RUS,2585,1996,7
91,"Vladimirov, Evgeny",KAZ,2585,1996,7
91,"Hellers, Ferdinand",SWE,2585,1996,7
93,"Piket, Jeroen",NED,2580,1996,7
94,"Tukmakov, Vladimir B.",UKR,2580,1996,7
95,"Savchenko, Stanislav",UKR,2580,1996,7
96,"Kaidanov, Gregory S.",USA,2580,1996,7
96,"Nenashev, Alexander",UZB,2580,1996,7
98,"Giorgadze, Giorgi",GEO,2580,1996,7
99,"Lerner, Konstantin Z.",UKR,2580,1996,7
100,"Wolff, Patrick G.",USA,2580,1996,7
1,"Kasparov, Garry",RUS,2795,1997,1
2,"Anand, Viswanathan",IND,2765,1997,1
3,"Karpov, Anatoly",RUS,2760,1997,1
4,"Kramnik, Vladimir",RUS,2740,1997,1
5,"Ivanchuk, Vassily",UKR,2740,1997,1
6,"Topalov, Veselin",BUL,2725,1997,1
7,"Kamsky, Gata",USA,2720,1997,1
8,"Gelfand, Boris",BLR,2700,1997,1
9,"Shirov, Alexei",ESP,2690,1997,1
10,"Short, Nigel D.",ENG,2690,1997,1
11,"Beliavsky, Alexander G.",SLO,2665,1997,1
12,"Adams, Michael",ENG,2665,1997,1
12,"Bareev, Evgeny",RUS,2665,1997,1
14,"Jussupow, Artur",GER,2665,1997,1
15,"Salov, Valery",RUS,2665,1997,1
16,"Akopian, Vladimir",ARM,2660,1997,1
17,"Andersson, Ulf",SWE,2655,1997,1
18,"Nikolic, Predrag",BIH,2655,1997,1
19,"Rozentalis, Eduardas",LTU,2650,1997,1
20,"Khalifman, Alexander",RUS,2650,1997,1
21,"Sadler, Matthew",ENG,2650,1997,1
22,"Dreev, Alexey",RUS,2650,1997,1
23,"Azmaiparashvili, Zurab",GEO,2650,1997,1
24,"Polgar, Judit                          w",HUN,2645,1997,1
25,"Van Wely, Loek",NED,2645,1997,1
26,"Rublevsky, Sergei",RUS,2645,1997,1
27,"Georgiev, Kiril",BUL,2645,1997,1
28,"Piket, Jeroen",NED,2640,1997,1
29,"Svidler, Peter",RUS,2640,1997,1
30,"Kortschnoj, Viktor",SUI,2635,1997,1
31,"Ehlvest, Jaan",EST,2635,1997,1
32,"Illescas Cordoba, Miguel",ESP,2635,1997,1
33,"Chernin, Alexander",HUN,2635,1997,1
34,"Yermolinsky, Alex",USA,2630,1997,1
35,"Lautier, Joel",FRA,2630,1997,1
36,"Portisch, Lajos",HUN,2630,1997,1
36,"Timman, Jan H.",NED,2630,1997,1
38,"Tkachiev, Vladislav",KAZ,2630,1997,1
39,"Movsesian, Sergei",CZE,2630,1997,1
40,"Hracek, Zbynek",CZE,2630,1997,1
41,"Seirawan, Yasser",USA,2630,1997,1
42,"Oll, Lembit",EST,2625,1997,1
43,"Glek, Igor V.",RUS,2620,1997,1
44,"Granda Zuniga, Julio E.",PER,2620,1997,1
45,"Aleksandrov, Aleksej",BLR,2615,1997,1
46,"Krasenkow, Michal",POL,2615,1997,1
47,"Sokolov, Ivan",BIH,2615,1997,1
48,"Komarov, Dimitri",UKR,2615,1997,1
49,"Lputian, Smbat G.",ARM,2615,1997,1
49,"Adianto, Utut",INA,2615,1997,1
51,"Psakhis, Lev",ISR,2610,1997,1
52,"Malaniuk, Vladimir P.",UKR,2610,1997,1
53,"Zvjaginsev, Vadim",RUS,2610,1997,1
54,"Speelman, Jonathan S.",ENG,2610,1997,1
55,"Milov, Vadim",SUI,2610,1997,1
56,"Wahls, Matthias",GER,2605,1997,1
57,"Hansen, Curt",DEN,2605,1997,1
58,"Milos, Gilberto",BRA,2605,1997,1
58,"Nunn, John D. M.",ENG,2605,1997,1
60,"Ivanov, Alexander",USA,2600,1997,1
61,"Leko, Peter",HUN,2600,1997,1
62,"Epishin, Vladimir",RUS,2600,1997,1
63,"Yudasin, Leonid",ISR,2600,1997,1
64,"Rogers, Ian",AUS,2600,1997,1
65,"Huebner, Robert",GER,2600,1997,1
66,"Tiviakov, Sergei",RUS,2600,1997,1
67,"Palac, Mladen",CRO,2595,1997,1
68,"Gulko, Boris F.",USA,2595,1997,1
69,"Almasi, Zoltan",HUN,2595,1997,1
70,"Giorgadze, Giorgi",GEO,2595,1997,1
70,"Ftacnik, Lubomir",SVK,2595,1997,1
72,"Eingorn, Vereslav S.",UKR,2595,1997,1
73,"Alterman, Boris",ISR,2595,1997,1
74,"Morozevich, Alexander",RUS,2595,1997,1
75,"Korneev, Oleg",RUS,2590,1997,1
76,"Goldin, Alexander",RUS,2590,1997,1
77,"Kozul, Zdenko",CRO,2590,1997,1
77,"Kaidanov, Gregory S.",USA,2590,1997,1
79,"Dvoirys, Semen I.",RUS,2590,1997,1
80,"Kotronias, Vasilios",GRE,2590,1997,1
81,"Dautov, Rustem",GER,2590,1997,1
82,"Gavrikov, Viktor",SUI,2590,1997,1
83,"Lalic, Bogdan",CRO,2585,1997,1
84,"Kengis, Edvins",LAT,2585,1997,1
85,"Spasov, Vasil",BUL,2585,1997,1
86,"Hjartarson, Johann",ISL,2585,1997,1
87,"Nenashev, Alexander",UZB,2585,1997,1
88,"Tukmakov, Vladimir B.",UKR,2585,1997,1
89,"Gurevich, Mikhail",BEL,2585,1997,1
89,"Huzman, Alexander",ISR,2585,1997,1
91,"Dorfman, Josif D.",FRA,2585,1997,1
91,"Ribli, Zoltan",HUN,2585,1997,1
93,"Vyzmanavin, Alexey",RUS,2585,1997,1
94,"Vladimirov, Evgeny",KAZ,2585,1997,1
94,"Hellers, Ferdinand",SWE,2585,1997,1
96,"Spraggett, Kevin",CAN,2580,1997,1
97,"Sherbakov, Ruslan",RUS,2580,1997,1
97,"Novikov, Igor A.",UKR,2580,1997,1
99,"Stohl, Igor",SVK,2580,1997,1
100,"Sokolov, Andrei",RUS,2580,1997,1
1,"Kasparov, Garry",RUS,2820,1997,7
2,"Kramnik, Vladimir",RUS,2770,1997,7
3,"Anand, Viswanathan",IND,2765,1997,7
4,"Topalov, Veselin",BUL,2745,1997,7
5,"Karpov, Anatoly",RUS,2745,1997,7
6,"Ivanchuk, Vassily",UKR,2725,1997,7
7,"Kamsky, Gata",USA,2720,1997,7
8,"Beliavsky, Alexander G.",SLO,2710,1997,7
9,"Shirov, Alexei",ESP,2700,1997,7
10,"Gelfand, Boris",BLR,2695,1997,7
11,"Adams, Michael",ENG,2680,1997,7
12,"Salov, Valery",RUS,2680,1997,7
13,"Georgiev, Kiril",BUL,2670,1997,7
14,"Polgar, Judit                          w",HUN,2670,1997,7
15,"Bareev, Evgeny",RUS,2670,1997,7
16,"Sadler, Matthew",ENG,2665,1997,7
17,"Akopian, Vladimir",ARM,2660,1997,7
18,"Aleksandrov, Aleksej",BLR,2660,1997,7
19,"Short, Nigel D.",ENG,2660,1997,7
20,"Svidler, Peter",RUS,2660,1997,7
21,"Lautier, Joel",FRA,2660,1997,7
22,"Van Wely, Loek",NED,2655,1997,7
23,"Khalifman, Alexander",RUS,2655,1997,7
24,"Yermolinsky, Alex",USA,2650,1997,7
25,"Rublevsky, Sergei",RUS,2650,1997,7
26,"Krasenkow, Michal",POL,2645,1997,7
27,"Rozentalis, Eduardas",LTU,2645,1997,7
28,"Oll, Lembit",EST,2645,1997,7
29,"Azmaiparashvili, Zurab",GEO,2645,1997,7
30,"Chernin, Alexander",HUN,2640,1997,7
31,"Jussupow, Artur",GER,2640,1997,7
32,"Vaganian, Rafael A.",ARM,2640,1997,7
33,"Andersson, Ulf",SWE,2640,1997,7
34,"Dreev, Alexey",RUS,2640,1997,7
35,"Sokolov, Ivan",BIH,2635,1997,7
36,"Leko, Peter",HUN,2635,1997,7
37,"Zvjaginsev, Vadim",RUS,2635,1997,7
38,"Milov, Vadim",SUI,2635,1997,7
39,"Piket, Jeroen",NED,2630,1997,7
40,"Speelman, Jonathan S.",ENG,2630,1997,7
41,"Nikolic, Predrag",BIH,2630,1997,7
42,"Seirawan, Yasser",USA,2630,1997,7
43,"Onischuk, Alexander",UKR,2625,1997,7
44,"Giorgadze, Giorgi",GEO,2625,1997,7
45,"Timman, Jan H.",NED,2625,1997,7
46,"Granda Zuniga, Julio E.",PER,2625,1997,7
47,"Gurevich, Mikhail",BEL,2620,1997,7
48,"Nunn, John D. M.",ENG,2620,1997,7
49,"Malaniuk, Vladimir P.",UKR,2615,1997,7
50,"Almasi, Zoltan",HUN,2615,1997,7
51,"Dvoirys, Semen I.",RUS,2615,1997,7
52,"Alterman, Boris",ISR,2615,1997,7
53,"Tkachiev, Vladislav",KAZ,2615,1997,7
54,"Kortschnoj, Viktor",SUI,2610,1997,7
55,"Yakovich, Yuri",RUS,2610,1997,7
56,"Ehlvest, Jaan",EST,2610,1997,7
57,"Yudasin, Leonid",ISR,2610,1997,7
58,"Huzman, Alexander",ISR,2610,1997,7
59,"Portisch, Lajos",HUN,2610,1997,7
60,"Adianto, Utut",INA,2610,1997,7
61,"Kozul, Zdenko",CRO,2605,1997,7
62,"Nijboer, Friso",NED,2605,1997,7
63,"Hjartarson, Johann",ISL,2605,1997,7
64,"Hracek, Zbynek",CZE,2605,1997,7
65,"Miles, Anthony J.",ENG,2600,1997,7
66,"Lalic, Bogdan",CRO,2600,1997,7
66,"Nisipeanu, Liviu-Dieter",ROM,2600,1997,7
68,"Fedorov, Alexei",BLR,2600,1997,7
69,"Smirin, Ilia",ISR,2600,1997,7
70,"Morovic Fernandez, Ivan",CHI,2600,1997,7
71,"Kaidanov, Gregory S.",USA,2600,1997,7
72,"Hansen, Curt",DEN,2600,1997,7
73,"Dorfman, Josif D.",FRA,2600,1997,7
74,"Komarov, Dimitri",UKR,2600,1997,7
75,"Spasov, Vasil",BUL,2600,1997,7
76,"Dautov, Rustem",GER,2595,1997,7
77,"Wahls, Matthias",GER,2595,1997,7
78,"Goldin, Alexander",RUS,2595,1997,7
79,"Vyzmanavin, Alexey",RUS,2595,1997,7
80,"Atalik, Suat",TUR,2590,1997,7
81,"Hodgson, Julian M.",ENG,2590,1997,7
82,"Sutovsky, Emil",ISR,2590,1997,7
83,"Eingorn, Vereslav S.",UKR,2590,1997,7
84,"Pinter, Jozsef",HUN,2590,1997,7
85,"Lutz, Christopher",GER,2590,1997,7
86,"Novikov, Igor A.",UKR,2590,1997,7
87,"Kengis, Edvins",LAT,2590,1997,7
88,"Sakaev, Konstantin",RUS,2590,1997,7
89,"Morozevich, Alexander",RUS,2590,1997,7
90,"Tiviakov, Sergei",RUS,2590,1997,7
91,"Milos, Gilberto",BRA,2590,1997,7
92,"Ibragimov, Ildar",RUS,2585,1997,7
93,"Bologan, Viorel",MDA,2585,1997,7
93,"Ftacnik, Lubomir",SVK,2585,1997,7
95,"Kotronias, Vasilios",GRE,2585,1997,7
95,"Shabalov, Alexander",USA,2585,1997,7
97,"Illescas Cordoba, Miguel",ESP,2585,1997,7
97,"Nenashev, Alexander",UZB,2585,1997,7
99,"Sokolov, Andrei",RUS,2585,1997,7
100,"Sturua, Zurab",GEO,2585,1997,7
1,"Kasparov, Garry",RUS,2825,1998,1
2,"Kramnik, Vladimir",RUS,2790,1998,1
3,"Anand, Viswanathan",IND,2770,1998,1
4,"Topalov, Veselin",BUL,2740,1998,1
4,"Ivanchuk, Vassily",UKR,2740,1998,1
6,"Karpov, Anatoly",RUS,2735,1998,1
7,"Kamsky, Gata",USA,2720,1998,1
8,"Shirov, Alexei",ESP,2710,1998,1
9,"Svidler, Peter",RUS,2690,1998,1
10,"Beliavsky, Alexander G.",SLO,2690,1998,1
11,"Salov, Valery",RUS,2680,1998,1
12,"Gelfand, Boris",BLR,2675,1998,1
13,"Bareev, Evgeny",RUS,2675,1998,1
14,"Polgar, Judit                          w",HUN,2675,1998,1
15,"Adams, Michael",ENG,2670,1998,1
16,"Leko, Peter",HUN,2670,1998,1
17,"Georgiev, Kiril",BUL,2670,1998,1
18,"Rublevsky, Sergei",RUS,2665,1998,1
19,"Khalifman, Alexander",RUS,2660,1998,1
20,"Krasenkow, Michal",POL,2660,1998,1
21,"Yermolinsky, Alex",USA,2660,1998,1
22,"Short, Nigel D.",ENG,2660,1998,1
23,"Akopian, Vladimir",ARM,2660,1998,1
24,"Zvjaginsev, Vadim",RUS,2655,1998,1
25,"Sadler, Matthew",ENG,2650,1998,1
26,"Azmaiparashvili, Zurab",GEO,2650,1998,1
27,"Oll, Lembit",EST,2645,1998,1
28,"Lautier, Joel",FRA,2645,1998,1
29,"Chernin, Alexander",HUN,2645,1998,1
30,"Tkachiev, Vladislav",FRA,2645,1998,1
31,"Tiviakov, Sergei",RUS,2640,1998,1
32,"Timman, Jan H.",NED,2635,1998,1
33,"Gurevich, Mikhail",BEL,2635,1998,1
34,"Milov, Vadim",SUI,2635,1998,1
35,"Andersson, Ulf",SWE,2635,1998,1
36,"Nikolic, Predrag",BIH,2635,1998,1
37,"Hjartarson, Johann",ISL,2630,1998,1
38,"Granda Zuniga, Julio E.",PER,2630,1998,1
39,"Almasi, Zoltan",HUN,2630,1998,1
40,"Dreev, Alexey",RUS,2630,1998,1
41,"Jussupow, Artur",GER,2630,1998,1
42,"Vaganian, Rafael A.",ARM,2630,1998,1
43,"Nenashev, Alexander",UZB,2625,1998,1
44,"Kortschnoj, Viktor",SUI,2625,1998,1
45,"Sokolov, Ivan",BIH,2625,1998,1
46,"Seirawan, Yasser",USA,2625,1998,1
47,"Sakaev, Konstantin",RUS,2620,1998,1
48,"Shipov, Sergei",RUS,2620,1998,1
49,"Kaidanov, Gregory S.",USA,2620,1998,1
50,"Van Wely, Loek",NED,2615,1998,1
51,"Shabalov, Alexander",USA,2615,1998,1
52,"Alterman, Boris",ISR,2615,1998,1
53,"Aleksandrov, Aleksej",BLR,2615,1998,1
54,"Spasov, Vasil",BUL,2615,1998,1
55,"Adianto, Utut",INA,2615,1998,1
56,"Rozentalis, Eduardas",LTU,2610,1998,1
57,"Nisipeanu, Liviu-Dieter",ROM,2610,1998,1
58,"Onischuk, Alexander",UKR,2610,1998,1
59,"Ehlvest, Jaan",EST,2610,1998,1
60,"Tukmakov, Vladimir B.",UKR,2610,1998,1
61,"Lputian, Smbat G.",ARM,2610,1998,1
62,"Hracek, Zbynek",CZE,2610,1998,1
63,"Nunn, John D. M.",ENG,2610,1998,1
64,"Huzman, Alexander",ISR,2610,1998,1
65,"Speelman, Jonathan S.",ENG,2605,1998,1
66,"Giorgadze, Giorgi",GEO,2605,1998,1
67,"Eingorn, Vereslav S.",UKR,2605,1998,1
68,"Hellers, Ferdinand",SWE,2605,1998,1
69,"Wahls, Matthias",GER,2605,1998,1
70,"Malaniuk, Vladimir P.",UKR,2600,1998,1
71,"Dautov, Rustem",GER,2600,1998,1
72,"Sutovsky, Emil",ISR,2600,1998,1
73,"Baburin, Alexander",IRL,2600,1998,1
74,"Portisch, Lajos",HUN,2600,1998,1
75,"Morovic Fernandez, Ivan",CHI,2600,1998,1
75,"Illescas Cordoba, Miguel",ESP,2600,1998,1
77,"Dorfman, Josif D.",FRA,2600,1998,1
78,"Miles, Anthony J.",ENG,2595,1998,1
79,"Atalik, Suat",TUR,2595,1998,1
80,"Movsesian, Sergei",CZE,2595,1998,1
81,"Filippov, Valerij",RUS,2595,1998,1
82,"Savchenko, Stanislav",UKR,2595,1998,1
83,"Sveshnikov, Evgeny",RUS,2595,1998,1
84,"Vaiser, Anatoly V.",FRA,2595,1998,1
85,"Fedorov, Alexei",BLR,2595,1998,1
86,"Hansen, Curt",DEN,2595,1998,1
87,"Sturua, Zurab",GEO,2595,1998,1
88,"Benjamin, Joel",USA,2595,1998,1
89,"Lutz, Christopher",GER,2595,1998,1
90,"Epishin, Vladimir",RUS,2590,1998,1
90,"Ibragimov, Ildar",RUS,2590,1998,1
92,"Goldin, Alexander",RUS,2590,1998,1
93,"Smirin, Ilia",ISR,2590,1998,1
93,"Morozevich, Alexander",RUS,2590,1998,1
95,"De Firmian, Nick E.",USA,2590,1998,1
96,"Pinter, Jozsef",HUN,2590,1998,1
97,"Annakov, Babakuli",TKM,2585,1998,1
98,"Kharitonov, Andrei Y.",RUS,2585,1998,1
99,"Dvoirys, Semen I.",RUS,2585,1998,1
100,"Kozul, Zdenko",CRO,2585,1998,1
1,"Kasparov, Garry",RUS,2815,1998,7
2,"Anand, Viswanathan",IND,2795,1998,7
3,"Kramnik, Vladimir",RUS,2780,1998,7
4,"Ivanchuk, Vassily",UKR,2730,1998,7
5,"Karpov, Anatoly",RUS,2725,1998,7
6,"Shirov, Alexei",ESP,2720,1998,7
7,"Kamsky, Gata",USA,2720,1998,7
8,"Adams, Michael",ENG,2715,1998,7
9,"Svidler, Peter",RUS,2710,1998,7
10,"Topalov, Veselin",BUL,2700,1998,7
11,"Bareev, Evgeny",RUS,2690,1998,7
12,"Rublevsky, Sergei",RUS,2685,1998,7
13,"Gelfand, Boris",BLR,2675,1998,7
14,"Short, Nigel D.",ENG,2670,1998,7
14,"Salov, Valery",RUS,2670,1998,7
16,"Leko, Peter",HUN,2665,1998,7
17,"Polgar, Judit                          w",HUN,2665,1998,7
18,"Georgiev, Kiril",BUL,2660,1998,7
19,"Sadler, Matthew",ENG,2660,1998,7
20,"Tiviakov, Sergei",RUS,2655,1998,7
21,"Krasenkow, Michal",POL,2655,1998,7
22,"Timman, Jan H.",NED,2655,1998,7
23,"Akopian, Vladimir",ARM,2655,1998,7
24,"Azmaiparashvili, Zurab",GEO,2655,1998,7
25,"Almasi, Zoltan",HUN,2650,1998,7
26,"Zvjaginsev, Vadim",RUS,2650,1998,7
27,"Oll, Lembit",EST,2650,1998,7
28,"Khalifman, Alexander",RUS,2645,1998,7
29,"Shabalov, Alexander",USA,2645,1998,7
30,"Beliavsky, Alexander G.",SLO,2645,1998,7
30,"Andersson, Ulf",SWE,2645,1998,7
32,"Tkachiev, Vladislav",FRA,2645,1998,7
33,"Dreev, Alexey",RUS,2645,1998,7
34,"Movsesian, Sergei",CZE,2640,1998,7
35,"Milov, Vadim",SUI,2640,1998,7
36,"Jussupow, Artur",GER,2640,1998,7
37,"Nikolic, Predrag",BIH,2640,1998,7
38,"Van Wely, Loek",NED,2635,1998,7
39,"Sakaev, Konstantin",RUS,2635,1998,7
40,"Shipov, Sergei",RUS,2635,1998,7
41,"Vaganian, Rafael A.",ARM,2630,1998,7
42,"Onischuk, Alexander",UKR,2630,1998,7
43,"Seirawan, Yasser",USA,2630,1998,7
44,"Hjartarson, Johann",ISL,2630,1998,7
45,"Nenashev, Alexander",UZB,2625,1998,7
46,"Yermolinsky, Alex",USA,2625,1998,7
47,"Dautov, Rustem",GER,2625,1998,7
48,"Kortschnoj, Viktor",SUI,2625,1998,7
49,"Morozevich, Alexander",RUS,2625,1998,7
50,"Lautier, Joel",FRA,2625,1998,7
51,"Kaidanov, Gregory S.",USA,2625,1998,7
52,"Ehlvest, Jaan",EST,2620,1998,7
53,"Sokolov, Ivan",BIH,2620,1998,7
54,"Minasian, Artashes",ARM,2620,1998,7
55,"Smirin, Ilia",ISR,2615,1998,7
56,"Hracek, Zbynek",CZE,2615,1998,7
57,"Lputian, Smbat G.",ARM,2615,1998,7
58,"Gurevich, Mikhail",BEL,2610,1998,7
59,"Giorgadze, Giorgi",GEO,2610,1998,7
60,"Ibragimov, Ildar",RUS,2610,1998,7
61,"Chernin, Alexander",HUN,2610,1998,7
62,"Adianto, Utut",INA,2610,1998,7
63,"Hansen, Curt",DEN,2610,1998,7
64,"Eingorn, Vereslav S.",UKR,2610,1998,7
65,"Christiansen, Larry M.",USA,2610,1998,7
66,"Volkov, Sergey",RUS,2605,1998,7
67,"Rogers, Ian",AUS,2605,1998,7
68,"Piket, Jeroen",NED,2605,1998,7
69,"Granda Zuniga, Julio E.",PER,2605,1998,7
70,"Illescas Cordoba, Miguel",ESP,2605,1998,7
71,"Wahls, Matthias",GER,2605,1998,7
72,"Tukmakov, Vladimir B.",UKR,2605,1998,7
73,"Pigusov, Evgeny",RUS,2605,1998,7
74,"De Firmian, Nick E.",USA,2605,1998,7
75,"Morovic Fernandez, Ivan",CHI,2605,1998,7
76,"Hellers, Ferdinand",SWE,2605,1998,7
77,"Korneev, Oleg",RUS,2600,1998,7
78,"Asrian, Karen",ARM,2600,1998,7
79,"Khenkin, Igor",RUS,2600,1998,7
79,"Romanishin, Oleg M.",UKR,2600,1998,7
81,"Alterman, Boris",ISR,2600,1998,7
82,"Lutz, Christopher",GER,2600,1998,7
83,"Speelman, Jonathan S.",ENG,2600,1998,7
84,"Fedorov, Alexei",BLR,2600,1998,7
85,"Annakov, Babakuli",TKM,2600,1998,7
86,"Nunn, John D. M.",ENG,2600,1998,7
87,"Sturua, Zurab",GEO,2600,1998,7
88,"Wojtkiewicz, Aleksander",POL,2595,1998,7
89,"Aleksandrov, Aleksej",BLR,2595,1998,7
90,"Filippov, Valerij",RUS,2595,1998,7
91,"Benjamin, Joel",USA,2595,1998,7
92,"Timoshenko, Georgy",UKR,2595,1998,7
93,"Pinter, Jozsef",HUN,2595,1998,7
94,"Spasov, Vasil",BUL,2595,1998,7
95,"Portisch, Lajos",HUN,2595,1998,7
96,"Miles, Anthony J.",ENG,2590,1998,7
97,"Malaniuk, Vladimir P.",UKR,2590,1998,7
98,"Hebden, Mark",ENG,2590,1998,7
99,"Ribli, Zoltan",HUN,2590,1998,7
100,"Baburin, Alexander",IRL,2590,1998,7
1,"Kasparov, Garry",RUS,2812,1999,1
2,"Anand, Viswanathan",IND,2781,1999,1
3,"Kramnik, Vladimir",RUS,2751,1999,1
4,"Shirov, Alexei",ESP,2726,1999,1
5,"Morozevich, Alexander",RUS,2723,1999,1
6,"Kamsky, Gata",USA,2720,1999,1
7,"Adams, Michael",ENG,2716,1999,1
8,"Ivanchuk, Vassily",UKR,2714,1999,1
9,"Svidler, Peter",RUS,2713,1999,1
10,"Karpov, Anatoly",RUS,2710,1999,1
11,"Topalov, Veselin",BUL,2700,1999,1
12,"Short, Nigel D.",ENG,2697,1999,1
13,"Leko, Peter",HUN,2694,1999,1
14,"Gelfand, Boris",ISR,2691,1999,1
15,"Rublevsky, Sergei",RUS,2684,1999,1
16,"Azmaiparashvili, Zurab",GEO,2681,1999,1
17,"Bareev, Evgeny",RUS,2679,1999,1
18,"Polgar, Judit                          w",HUN,2677,1999,1
19,"Kortschnoj, Viktor",SUI,2673,1999,1
20,"Timman, Jan H.",NED,2670,1999,1
21,"Salov, Valery",RUS,2670,1999,1
22,"Sadler, Matthew",ENG,2667,1999,1
23,"Almasi, Zoltan",HUN,2665,1999,1
24,"Shipov, Sergei",RUS,2662,1999,1
25,"Georgiev, Kiril",BUL,2659,1999,1
26,"Zvjaginsev, Vadim",RUS,2658,1999,1
27,"Smirin, Ilia",ISR,2652,1999,1
28,"Beliavsky, Alexander G.",SLO,2650,1999,1
29,"Movsesian, Sergei",CZE,2650,1999,1
30,"Sakaev, Konstantin",RUS,2649,1999,1
31,"Fedorov, Alexei",BLR,2648,1999,1
32,"Onischuk, Alexander",UKR,2646,1999,1
33,"Krasenkow, Michal",POL,2643,1999,1
34,"Seirawan, Yasser",USA,2643,1999,1
35,"Khenkin, Igor",GER,2641,1999,1
36,"Jussupow, Artur",GER,2641,1999,1
37,"Akopian, Vladimir",ARM,2640,1999,1
38,"Dreev, Alexey",RUS,2639,1999,1
39,"Milov, Vadim",SUI,2636,1999,1
40,"Tkachiev, Vladislav",FRA,2634,1999,1
41,"Nikolic, Predrag",BIH,2633,1999,1
42,"Van Wely, Loek",NED,2632,1999,1
43,"Oll, Lembit",EST,2630,1999,1
44,"Hjartarson, Johann",ISL,2630,1999,1
45,"Tiviakov, Sergei",RUS,2627,1999,1
46,"Gurevich, Mikhail",BEL,2627,1999,1
47,"Sokolov, Ivan",BIH,2624,1999,1
48,"Andersson, Ulf",SWE,2623,1999,1
49,"Shabalov, Alexander",USA,2620,1999,1
50,"Gulko, Boris F.",USA,2620,1999,1
51,"Piket, Jeroen",NED,2619,1999,1
52,"Rogers, Ian",AUS,2618,1999,1
53,"Khalifman, Alexander",RUS,2616,1999,1
54,"Nenashev, Alexander",UZB,2616,1999,1
55,"Alterman, Boris",ISR,2616,1999,1
56,"Hracek, Zbynek",CZE,2615,1999,1
57,"Lputian, Smbat G.",ARM,2614,1999,1
58,"Morovic Fernandez, Ivan",CHI,2613,1999,1
59,"Sutovsky, Emil",ISR,2612,1999,1
60,"De Firmian, Nick E.",USA,2610,1999,1
61,"Lutz, Christopher",GER,2610,1999,1
62,"Miles, Anthony J.",ENG,2609,1999,1
63,"Giorgadze, Giorgi",GEO,2609,1999,1
64,"Avrukh, Boris",ISR,2609,1999,1
65,"Aleksandrov, Aleksej",BLR,2609,1999,1
66,"Ponomariov, Ruslan",UKR,2609,1999,1
67,"Wahls, Matthias",GER,2609,1999,1
68,"Bologan, Viorel",MDA,2608,1999,1
69,"Hansen, Curt",DEN,2608,1999,1
70,"Adianto, Utut",INA,2607,1999,1
71,"Kasimdzhanov, Rustam",UZB,2606,1999,1
72,"Kaidanov, Gregory S.",USA,2606,1999,1
73,"Sturua, Zurab",GEO,2605,1999,1
74,"Vaganian, Rafael A.",ARM,2605,1999,1
75,"Granda Zuniga, Julio E.",PER,2605,1999,1
76,"Hellers, Ferdinand",SWE,2605,1999,1
77,"Magomedov, Magaram (2)",TJK,2604,1999,1
78,"Chernin, Alexander",HUN,2604,1999,1
79,"Ibragimov, Ildar",RUS,2602,1999,1
80,"Pigusov, Evgeny",RUS,2602,1999,1
81,"Speelman, Jonathan S.",ENG,2601,1999,1
82,"Novikov, Igor A.",UKR,2601,1999,1
83,"Kharlov, Andrei",RUS,2600,1999,1
84,"Nunn, John D. M.",ENG,2600,1999,1
84,"Annakov, Babakuli",TKM,2600,1999,1
86,"Dautov, Rustem",GER,2598,1999,1
87,"Yermolinsky, Alex",USA,2597,1999,1
88,"Lautier, Joel",FRA,2596,1999,1
89,"Dorfman, Josif D.",FRA,2596,1999,1
90,"Nisipeanu, Liviu-Dieter",ROM,2594,1999,1
91,"Minasian, Artashes",ARM,2594,1999,1
92,"Atalik, Suat",TUR,2593,1999,1
93,"Ehlvest, Jaan",EST,2593,1999,1
94,"Benjamin, Joel",USA,2593,1999,1
95,"Eingorn, Vereslav S.",UKR,2592,1999,1
96,"Timoshenko, Georgy",UKR,2592,1999,1
97,"Palac, Mladen",CRO,2589,1999,1
98,"Dolmatov, Sergey",RUS,2589,1999,1
99,"Komarov, Dimitri",UKR,2588,1999,1
100,"Markovic, Miroslav",YUG,2587,1999,1
1,"Kasparov, Garry",RUS,2851,1999,7
2,"Anand, Viswanathan",IND,2771,1999,7
3,"Kramnik, Vladimir",RUS,2760,1999,7
4,"Morozevich, Alexander",RUS,2758,1999,7
5,"Shirov, Alexei",ESP,2734,1999,7
6,"Kamsky, Gata",USA,2720,1999,7
7,"Gelfand, Boris",ISR,2713,1999,7
8,"Karpov, Anatoly",RUS,2709,1999,7
9,"Adams, Michael",ENG,2708,1999,7
10,"Ivanchuk, Vassily",UKR,2702,1999,7
11,"Leko, Peter",HUN,2701,1999,7
12,"Bareev, Evgeny",RUS,2698,1999,7
13,"Topalov, Veselin",BUL,2690,1999,7
14,"Svidler, Peter",RUS,2684,1999,7
15,"Azmaiparashvili, Zurab",GEO,2681,1999,7
16,"Dreev, Alexey",RUS,2679,1999,7
17,"Kortschnoj, Viktor",SUI,2676,1999,7
18,"Short, Nigel D.",ENG,2675,1999,7
19,"Smirin, Ilia",ISR,2671,1999,7
20,"Polgar, Judit                          w",HUN,2671,1999,7
21,"Almasi, Zoltan",HUN,2663,1999,7
22,"Rublevsky, Sergei",RUS,2660,1999,7
23,"Movsesian, Sergei",CZE,2659,1999,7
24,"Fedorov, Alexei",BLR,2659,1999,7
25,"Shipov, Sergei",RUS,2658,1999,7
26,"Epishin, Vladimir",RUS,2657,1999,7
27,"Onischuk, Alexander",UKR,2657,1999,7
28,"Sokolov, Ivan",BIH,2656,1999,7
29,"Salov, Valery",RUS,2656,1999,7
30,"Seirawan, Yasser",USA,2653,1999,7
31,"Zvjaginsev, Vadim",RUS,2652,1999,7
32,"Timman, Jan H.",NED,2650,1999,7
33,"Georgiev, Kiril",BUL,2650,1999,7
34,"Tkachiev, Vladislav",FRA,2648,1999,7
35,"Sakaev, Konstantin",RUS,2648,1999,7
36,"Krasenkow, Michal",POL,2647,1999,7
37,"Akopian, Vladimir",ARM,2646,1999,7
38,"Gurevich, Mikhail",BEL,2643,1999,7
39,"Nikolic, Predrag",BIH,2641,1999,7
40,"Lautier, Joel",FRA,2638,1999,7
41,"Jussupow, Artur",GER,2636,1999,7
42,"Khenkin, Igor",GER,2633,1999,7
43,"Hjartarson, Johann",ISL,2630,1999,7
44,"Van Wely, Loek",NED,2629,1999,7
45,"Hracek, Zbynek",CZE,2629,1999,7
46,"Khalifman, Alexander",RUS,2628,1999,7
47,"Sadler, Matthew",ENG,2626,1999,7
48,"Milov, Vadim",SUI,2626,1999,7
49,"Piket, Jeroen",NED,2625,1999,7
50,"Lputian, Smbat G.",ARM,2625,1999,7
51,"Andersson, Ulf",SWE,2623,1999,7
52,"Bologan, Viorel",MDA,2620,1999,7
53,"Chernin, Alexander",HUN,2619,1999,7
54,"Aleksandrov, Aleksej",BLR,2619,1999,7
55,"Beliavsky, Alexander G.",SLO,2618,1999,7
56,"Gulko, Boris F.",USA,2618,1999,7
57,"Vaganian, Rafael A.",ARM,2617,1999,7
58,"Ponomariov, Ruslan",UKR,2616,1999,7
59,"Kharlov, Andrei",RUS,2615,1999,7
60,"Korneev, Oleg",RUS,2615,1999,7
61,"Novikov, Igor A.",UKR,2614,1999,7
62,"Kozul, Zdenko",CRO,2612,1999,7
63,"Tiviakov, Sergei",RUS,2611,1999,7
64,"Kaidanov, Gregory S.",USA,2611,1999,7
65,"Palac, Mladen",CRO,2610,1999,7
66,"Christiansen, Larry M.",USA,2610,1999,7
67,"Tregubov, Pavel V.",RUS,2609,1999,7
68,"Pigusov, Evgeny",RUS,2609,1999,7
69,"Morovic Fernandez, Ivan",CHI,2608,1999,7
70,"Hansen, Curt",DEN,2607,1999,7
71,"Adianto, Utut",INA,2607,1999,7
72,"Filippov, Valerij",RUS,2605,1999,7
73,"Hodgson, Julian M.",ENG,2605,1999,7
74,"Granda Zuniga, Julio E.",PER,2605,1999,7
74,"Hellers, Ferdinand",SWE,2605,1999,7
76,"Magomedov, Magaram (2)",TJK,2604,1999,7
77,"Kruppa, Yuri",UKR,2603,1999,7
78,"Kasimdzhanov, Rustam",UZB,2603,1999,7
79,"Goldin, Alexander",ISR,2602,1999,7
80,"Giorgadze, Giorgi",GEO,2602,1999,7
81,"Sturua, Zurab",GEO,2602,1999,7
82,"Stohl, Igor",SVK,2600,1999,7
83,"Minasian, Artashes",ARM,2600,1999,7
84,"Dolmatov, Sergey",RUS,2600,1999,7
85,"Illescas Cordoba, Miguel",ESP,2600,1999,7
86,"Annakov, Babakuli",TKM,2600,1999,7
87,"Huebner, Robert",GER,2599,1999,7
88,"Atalik, Suat",TUR,2598,1999,7
89,"De Firmian, Nick E.",USA,2598,1999,7
90,"Nunn, John D. M.",ENG,2598,1999,7
91,"Speelman, Jonathan S.",ENG,2597,1999,7
92,"Dautov, Rustem",GER,2597,1999,7
93,"Bunzmann, Dimitrij",GER,2596,1999,7
94,"Dorfman, Josif D.",FRA,2596,1999,7
95,"Baburin, Alexander",IRL,2593,1999,7
96,"Ye, Jiangchuan",CHN,2593,1999,7
97,"Yakovich, Yuri",RUS,2592,1999,7
98,"Ehlvest, Jaan",EST,2592,1999,7
99,"Bacrot, Etienne",FRA,2592,1999,7
100,"Landa, Konstantin",RUS,2591,1999,7
1,"Kasparov, Garry",RUS,2851,2000,1
2,"Anand, Viswanathan",IND,2769,2000,1
3,"Kramnik, Vladimir",RUS,2758,2000,1
4,"Shirov, Alexei",ESP,2751,2000,1
5,"Morozevich, Alexander",RUS,2748,2000,1
6,"Leko, Peter",HUN,2725,2000,1
7,"Adams, Michael",ENG,2715,2000,1
8,"Ivanchuk, Vassily",UKR,2709,2000,1
9,"Bareev, Evgeny",RUS,2709,2000,1
10,"Topalov, Veselin",BUL,2702,2000,1
11,"Karpov, Anatoly",RUS,2696,2000,1
12,"Gurevich, Mikhail",BEL,2694,2000,1
13,"Gelfand, Boris",ISR,2692,2000,1
14,"Fedorov, Alexei",BLR,2684,2000,1
15,"Short, Nigel D.",ENG,2683,2000,1
16,"Dreev, Alexey",RUS,2680,2000,1
17,"Georgiev, Kiril",BUL,2677,2000,1
18,"Almasi, Zoltan",HUN,2676,2000,1
19,"Azmaiparashvili, Zurab",GEO,2675,2000,1
20,"Svidler, Peter",RUS,2672,2000,1
21,"Tkachiev, Vladislav",FRA,2670,2000,1
22,"Movsesian, Sergei",CZE,2668,2000,1
23,"Epishin, Vladimir",RUS,2667,2000,1
24,"Smirin, Ilia",ISR,2666,2000,1
25,"Rublevsky, Sergei",RUS,2662,2000,1
26,"Krasenkow, Michal",POL,2661,2000,1
27,"Akopian, Vladimir",ARM,2660,2000,1
28,"Kortschnoj, Viktor",SUI,2659,2000,1
29,"Nikolic, Predrag",BIH,2659,2000,1
30,"Polgar, Judit                          w",HUN,2658,2000,1
31,"Khalifman, Alexander",RUS,2656,2000,1
32,"Timman, Jan H.",NED,2655,2000,1
33,"Milov, Vadim",SUI,2653,2000,1
34,"Seirawan, Yasser",USA,2647,2000,1
35,"Van Wely, Loek",NED,2646,2000,1
36,"Gulko, Boris F.",USA,2644,2000,1
37,"Salov, Valery",RUS,2644,2000,1
38,"Zvjaginsev, Vadim",RUS,2641,2000,1
39,"Beliavsky, Alexander G.",SLO,2640,2000,1
40,"Shipov, Sergei",RUS,2640,2000,1
41,"Sokolov, Ivan",BIH,2637,2000,1
42,"Onischuk, Alexander",UKR,2637,2000,1
43,"Piket, Jeroen",NED,2633,2000,1
44,"Zaw, Win Lay",MYA,2633,2000,1
45,"Hjartarson, Johann",ISL,2633,2000,1
46,"Lautier, Joel",FRA,2632,2000,1
47,"Thein, Dan Oo",MYA,2630,2000,1
48,"Sadler, Matthew",ENG,2630,2000,1
49,"Sakaev, Konstantin",RUS,2629,2000,1
50,"Jussupow, Artur",GER,2628,2000,1
51,"Ponomariov, Ruslan",UKR,2627,2000,1
52,"Hodgson, Julian M.",ENG,2625,2000,1
53,"Andersson, Ulf",SWE,2625,2000,1
54,"Peng, Xiaomin",CHN,2624,2000,1
55,"Ehlvest, Jaan",EST,2622,2000,1
56,"Khenkin, Igor",GER,2622,2000,1
57,"Avrukh, Boris",ISR,2620,2000,1
58,"Huebner, Robert",GER,2620,2000,1
59,"Hracek, Zbynek",CZE,2620,2000,1
60,"Milos, Gilberto",BRA,2620,2000,1
61,"Korneev, Oleg",RUS,2619,2000,1
62,"Vaganian, Rafael A.",ARM,2618,2000,1
62,"Hansen, Curt",DEN,2618,2000,1
64,Ye Naung Win Myint,MYA,2617,2000,1
65,"Ye, Jiangchuan",CHN,2616,2000,1
66,"Kharlov, Andrei",RUS,2616,2000,1
67,"Tregubov, Pavel V.",RUS,2615,2000,1
68,"Dolmatov, Sergey",RUS,2615,2000,1
69,"Kasimdzhanov, Rustam",UZB,2614,2000,1
70,"Shariyazdanov, Andrey",RUS,2612,2000,1
71,"Zhang, Zhong",CHN,2611,2000,1
72,"Ibragimov, Ildar",RUS,2611,2000,1
73,"Nisipeanu, Liviu-Dieter",ROM,2611,2000,1
74,"Morovic Fernandez, Ivan",CHI,2611,2000,1
75,"Pigusov, Evgeny",RUS,2610,2000,1
76,"Sax, Gyula",HUN,2609,2000,1
77,"Aleksandrov, Aleksej",BLR,2606,2000,1
78,"Anastasian, Ashot",ARM,2606,2000,1
79,"Lputian, Smbat G.",ARM,2605,2000,1
80,"Granda Zuniga, Julio E.",PER,2605,2000,1
80,"Hellers, Ferdinand",SWE,2605,2000,1
82,"Agrest, Evgenij",SWE,2604,2000,1
83,"Speelman, Jonathan S.",ENG,2604,2000,1
84,"Dautov, Rustem",GER,2602,2000,1
85,"Yermolinsky, Alex",USA,2601,2000,1
86,"Nunn, John D. M.",ENG,2601,2000,1
87,"Nenashev, Alexander",UZB,2600,2000,1
88,"Annakov, Babakuli",TKM,2600,2000,1
89,"Psakhis, Lev",ISR,2599,2000,1
90,"Kaidanov, Gregory S.",USA,2599,2000,1
91,"Minasian, Artashes",ARM,2598,2000,1
92,"Landa, Konstantin",RUS,2598,2000,1
93,"Kozul, Zdenko",CRO,2597,2000,1
94,"Eingorn, Vereslav S.",UKR,2597,2000,1
95,"Sutovsky, Emil",ISR,2597,2000,1
96,"Htun Htun, Than",MYA,2596,2000,1
97,"Christiansen, Larry M.",USA,2596,2000,1
98,"Sturua, Zurab",GEO,2595,2000,1
99,"Aung, Aung",MYA,2595,2000,1
99,"Nay, Oo Kyaw Tun",MYA,2595,2000,1
1,"Kasparov, Garry",RUS,2849,2000,7
2,"Kramnik, Vladimir",RUS,2770,2000,7
3,"Anand, Viswanathan",IND,2762,2000,7
4,"Morozevich, Alexander",RUS,2756,2000,7
5,"Adams, Michael",ENG,2755,2000,7
6,"Shirov, Alexei",ESP,2746,2000,7
7,"Leko, Peter",HUN,2743,2000,7
8,"Ivanchuk, Vassily",UKR,2719,2000,7
9,"Topalov, Veselin",BUL,2707,2000,7
10,"Krasenkow, Michal",POL,2702,2000,7
11,"Bareev, Evgeny",RUS,2702,2000,7
12,"Karpov, Anatoly",RUS,2699,2000,7
13,"Kasimdzhanov, Rustam",UZB,2690,2000,7
14,"Svidler, Peter",RUS,2689,2000,7
15,"Gelfand, Boris",ISR,2681,2000,7
16,"Short, Nigel D.",ENG,2677,2000,7
17,"Smirin, Ilia",ISR,2677,2000,7
18,"Dreev, Alexey",RUS,2676,2000,7
19,"Azmaiparashvili, Zurab",GEO,2673,2000,7
20,"Ye, Jiangchuan",CHN,2670,2000,7
21,"Rublevsky, Sergei",RUS,2670,2000,7
22,"Xu, Jun",CHN,2668,2000,7
23,"Almasi, Zoltan",HUN,2668,2000,7
24,"Gurevich, Mikhail",BEL,2667,2000,7
25,"Khalifman, Alexander",RUS,2667,2000,7
26,"Movsesian, Sergei",CZE,2666,2000,7
27,"Georgiev, Kiril",BUL,2661,2000,7
28,"Akopian, Vladimir",ARM,2660,2000,7
29,"Peng, Xiaomin",CHN,2657,2000,7
30,"Nikolic, Predrag",BIH,2657,2000,7
31,"Tkachiev, Vladislav",FRA,2657,2000,7
32,"Polgar, Judit                          w",HUN,2656,2000,7
33,"Beliavsky, Alexander G.",SLO,2654,2000,7
34,"Piket, Jeroen",NED,2649,2000,7
35,"Lautier, Joel",FRA,2648,2000,7
36,"Seirawan, Yasser",USA,2647,2000,7
37,"Fedorov, Alexei",BLR,2646,2000,7
38,"Salov, Valery",RUS,2644,2000,7
39,"Van Wely, Loek",NED,2643,2000,7
40,"Gulko, Boris F.",USA,2643,2000,7
41,"Nenashev, Alexander",UZB,2642,2000,7
42,"Bologan, Viorel",MDA,2641,2000,7
43,"Andersson, Ulf",SWE,2641,2000,7
44,"Hodgson, Julian M.",ENG,2640,2000,7
45,"Shipov, Sergei",RUS,2640,2000,7
46,"Timman, Jan H.",NED,2639,2000,7
47,"Zhang, Zhong",CHN,2636,2000,7
48,"Zvjaginsev, Vadim",RUS,2634,2000,7
49,"Khenkin, Igor",GER,2633,2000,7
50,"Milos, Gilberto",BRA,2633,2000,7
51,"Hjartarson, Johann",ISL,2633,2000,7
52,"Ponomariov, Ruslan",UKR,2630,2000,7
53,"Sadler, Matthew",ENG,2628,2000,7
54,"Sakaev, Konstantin",RUS,2627,2000,7
55,"Ehlvest, Jaan",EST,2627,2000,7
56,"Onischuk, Alexander",UKR,2627,2000,7
57,"Kharlov, Andrei",RUS,2627,2000,7
58,"Milov, Vadim",SUI,2626,2000,7
59,"Avrukh, Boris",ISR,2625,2000,7
60,"Kaidanov, Gregory S.",USA,2624,2000,7
61,"Vaganian, Rafael A.",ARM,2623,2000,7
62,"Speelman, Jonathan S.",ENG,2623,2000,7
63,"Tregubov, Pavel V.",RUS,2620,2000,7
64,"Kortschnoj, Viktor",SUI,2620,2000,7
65,"Korneev, Oleg",RUS,2619,2000,7
66,"Huebner, Robert",GER,2615,2000,7
67,"Hansen, Curt",DEN,2613,2000,7
68,"Bacrot, Etienne",FRA,2613,2000,7
69,"Hracek, Zbynek",CZE,2612,2000,7
70,"Kozul, Zdenko",CRO,2611,2000,7
71,"Sokolov, Ivan",BIH,2611,2000,7
71,"Novikov, Igor A.",UKR,2611,2000,7
73,"Psakhis, Lev",ISR,2611,2000,7
74,"Jussupow, Artur",GER,2610,2000,7
75,"Landa, Konstantin",RUS,2610,2000,7
76,"Sutovsky, Emil",ISR,2609,2000,7
77,"Tiviakov, Sergei",NED,2608,2000,7
78,"Ftacnik, Lubomir",SVK,2608,2000,7
79,"Dolmatov, Sergey",RUS,2608,2000,7
80,"Morovic Fernandez, Ivan",CRO,2608,2000,7
81,"Magomedov, Magaram (2)",RUS,2608,2000,7
82,"Grischuk, Alexander",RUS,2606,2000,7
83,"Dautov, Rustem",GER,2606,2000,7
84,"Malakhov, Vladimir",RUS,2605,2000,7
85,"Smagin, Sergey",RUS,2605,2000,7
86,"Granda Zuniga, Julio E.",PER,2605,2000,7
86,"Hellers, Ferdinand",SWE,2605,2000,7
88,"Wang, Zili",CHN,2603,2000,7
89,"Shabalov, Alexander",USA,2601,2000,7
90,"Wu, Wenjin",CHN,2601,2000,7
91,"Dorfman, Josif D.",FRA,2600,2000,7
92,"Baklan, Vladimir",UKR,2599,2000,7
93,"Giorgadze, Giorgi",GEO,2599,2000,7
94,"Vladimirov, Evgeny",KAZ,2598,2000,7
95,"Lputian, Smbat G.",ARM,2598,2000,7
96,"Najer, Evgeniy",RUS,2597,2000,7
97,"Yermolinsky, Alex",USA,2596,2000,7
98,"Kuzmin, Alexey",RUS,2596,2000,7
99,"Lutz, Christopher",GER,2595,2000,7
100,"Minasian, Artashes",ARM,2595,2000,7
1,"Kasparov, Garry",RUS,2849,2000,10
2,"Anand, Viswanathan",IND,2774,2000,10
3,"Kramnik, Vladimir",RUS,2772,2000,10
4,"Adams, Michael",ENG,2754,2000,10
5,"Leko, Peter",HUN,2748,2000,10
6,"Shirov, Alexei",ESP,2746,2000,10
7,"Morozevich, Alexander",RUS,2734,2000,10
8,"Ivanchuk, Vassily",UKR,2716,2000,10
9,"Topalov, Veselin",BUL,2707,2000,10
10,"Krasenkow, Michal",POL,2702,2000,10
11,"Karpov, Anatoly",RUS,2699,2000,10
12,"Svidler, Peter",RUS,2695,2000,10
13,"Bareev, Evgeny",RUS,2694,2000,10
14,"Kasimdzhanov, Rustam",UZB,2690,2000,10
15,"Short, Nigel D.",ENG,2687,2000,10
16,"Gelfand, Boris",ISR,2683,2000,10
17,"Ye, Jiangchuan",CHN,2682,2000,10
18,"Dreev, Alexey",RUS,2681,2000,10
19,"Azmaiparashvili, Zurab",GEO,2678,2000,10
20,"Georgiev, Kiril",BUL,2674,2000,10
21,"Smirin, Ilia",ISR,2674,2000,10
22,"Gurevich, Mikhail",BEL,2673,2000,10
23,"Akopian, Vladimir",ARM,2671,2000,10
24,"Almasi, Zoltan",HUN,2668,2000,10
25,"Movsesian, Sergei",CZE,2666,2000,10
26,"Xu, Jun",CHN,2665,2000,10
27,"Tkachiev, Vladislav",FRA,2659,2000,10
28,"Khalifman, Alexander",RUS,2658,2000,10
29,"Nikolic, Predrag",BIH,2657,2000,10
30,"Polgar, Judit                          w",HUN,2656,2000,10
31,"Peng, Xiaomin",CHN,2655,2000,10
32,"Rublevsky, Sergei",RUS,2653,2000,10
33,"Bologan, Viorel",MDA,2651,2000,10
34,"Lautier, Joel",FRA,2648,2000,10
35,"Onischuk, Alexander",UKR,2647,2000,10
36,"Seirawan, Yasser",USA,2647,2000,10
37,"Nenashev, Alexander",UZB,2645,2000,10
38,"Milos, Gilberto",BRA,2644,2000,10
39,"Salov, Valery",RUS,2644,2000,10
40,"Van Wely, Loek",NED,2643,2000,10
41,"Gulko, Boris F.",USA,2642,2000,10
42,"Andersson, Ulf",SWE,2641,2000,10
43,"Piket, Jeroen",NED,2640,2000,10
44,"Shipov, Sergei",RUS,2640,2000,10
45,"Fedorov, Alexei",BLR,2639,2000,10
46,"Timman, Jan H.",NED,2639,2000,10
47,"Zvjaginsev, Vadim",RUS,2635,2000,10
48,"Lastin, Alexander",RUS,2633,2000,10
49,"Hodgson, Julian M.",ENG,2633,2000,10
50,"Khenkin, Igor",GER,2633,2000,10
50,"Hjartarson, Johann",ISL,2633,2000,10
52,"Kortschnoj, Viktor",SUI,2632,2000,10
53,"Beliavsky, Alexander G.",SLO,2629,2000,10
54,"Ehlvest, Jaan",EST,2628,2000,10
55,"Sadler, Matthew",ENG,2628,2000,10
56,"Kharlov, Andrei",RUS,2627,2000,10
57,"Vaganian, Rafael A.",ARM,2627,2000,10
58,"Milov, Vadim",SUI,2626,2000,10
59,"Avrukh, Boris",ISR,2625,2000,10
60,"Psakhis, Lev",ISR,2624,2000,10
61,"Ponomariov, Ruslan",UKR,2624,2000,10
62,"Vladimirov, Evgeny",KAZ,2621,2000,10
63,"Sakaev, Konstantin",RUS,2620,2000,10
64,"Hansen, Curt",DEN,2620,2000,10
65,"Kaidanov, Gregory S.",USA,2619,2000,10
66,"Korneev, Oleg",RUS,2619,2000,10
67,"Kozul, Zdenko",CRO,2616,2000,10
68,"Minasian, Artashes",ARM,2614,2000,10
69,"Smagin, Sergey",RUS,2613,2000,10
70,"Bacrot, Etienne",FRA,2613,2000,10
71,"Speelman, Jonathan S.",ENG,2612,2000,10
72,"Baklan, Vladimir",UKR,2611,2000,10
73,"Sokolov, Ivan",BIH,2611,2000,10
74,"Tregubov, Pavel V.",RUS,2610,2000,10
75,"Lputian, Smbat G.",ARM,2610,2000,10
76,"Jussupow, Artur",GER,2610,2000,10
76,"Landa, Konstantin",RUS,2610,2000,10
78,"Sutovsky, Emil",ISR,2609,2000,10
79,"Morovic Fernandez, Ivan",CRO,2608,2000,10
79,"Magomedov, Magaram (2)",RUS,2608,2000,10
79,"Ftacnik, Lubomir",SVK,2608,2000,10
82,"Zhang, Zhong",CHN,2607,2000,10
83,"Tiviakov, Sergei",NED,2606,2000,10
84,"Huebner, Robert",GER,2606,2000,10
85,"Granda Zuniga, Julio E.",PER,2605,2000,10
85,"Malakhov, Vladimir",RUS,2605,2000,10
85,"Hellers, Ferdinand",SWE,2605,2000,10
88,"Hracek, Zbynek",CZE,2604,2000,10
89,"Dautov, Rustem",GER,2603,2000,10
90,"Wu, Wenjin",CHN,2602,2000,10
91,"Romanishin, Oleg M.",UKR,2602,2000,10
92,"Grischuk, Alexander",RUS,2601,2000,10
93,"Filippov, Valerij",RUS,2601,2000,10
94,"Novikov, Igor A.",UKR,2600,2000,10
95,"Dolmatov, Sergey",RUS,2600,2000,10
96,"Dorfman, Josif D.",FRA,2600,2000,10
97,"Shabalov, Alexander",USA,2599,2000,10
98,"Giorgadze, Giorgi",GEO,2599,2000,10
99,"Kuzmin, Alexey",RUS,2598,2000,10
100,"Aleksandrov, Aleksej",BLR,2597,2000,10
1,"Kasparov, Garry",RUS,2849,2001,1
2,"Anand, Viswanathan",IND,2790,2001,1
3,"Kramnik, Vladimir",RUS,2772,2001,1
4,"Adams, Michael",ENG,2746,2001,1
5,"Leko, Peter",HUN,2745,2001,1
5,"Morozevich, Alexander",RUS,2745,2001,1
7,"Shirov, Alexei",ESP,2718,2001,1
8,"Topalov, Veselin",BUL,2718,2001,1
9,"Ivanchuk, Vassily",UKR,2717,2001,1
10,"Gelfand, Boris",ISR,2712,2001,1
11,"Bareev, Evgeny",RUS,2709,2001,1
12,"Van Wely, Loek",NED,2700,2001,1
13,"Svidler, Peter",RUS,2695,2001,1
14,"Gurevich, Mikhail",BEL,2694,2001,1
15,"Kasimdzhanov, Rustam",UZB,2693,2001,1
16,"Khalifman, Alexander",RUS,2690,2001,1
17,"Smirin, Ilia",ISR,2686,2001,1
18,"Dreev, Alexey",RUS,2685,2001,1
19,"Bologan, Viorel",MDA,2684,2001,1
20,"Karpov, Anatoly",RUS,2679,2001,1
21,"Ponomariov, Ruslan",UKR,2677,2001,1
22,"Georgiev, Kiril",BUL,2676,2001,1
23,"Polgar, Judit                          w",HUN,2676,2001,1
24,"Short, Nigel D.",ENG,2676,2001,1
25,"Tkachiev, Vladislav",FRA,2672,2001,1
26,"Ye, Jiangchuan",CHN,2671,2001,1
27,"Azmaiparashvili, Zurab",GEO,2670,2001,1
28,"Grischuk, Alexander",RUS,2663,2001,1
29,"Movsesian, Sergei",CZE,2661,2001,1
30,"Sokolov, Ivan",BIH,2659,2001,1
31,"Krasenkow, Michal",POL,2658,2001,1
32,"Lautier, Joel",FRA,2658,2001,1
33,"Onischuk, Alexander",UKR,2658,2001,1
34,"Rublevsky, Sergei",RUS,2657,2001,1
35,"Akopian, Vladimir",ARM,2656,2001,1
36,"Xu, Jun",CHN,2655,2001,1
37,"Nikolic, Predrag",BIH,2652,2001,1
38,"Nenashev, Alexander",UZB,2649,2001,1
39,"Peng, Xiaomin",CHN,2648,2001,1
40,"Jussupow, Artur",GER,2645,2001,1
41,"Salov, Valery",RUS,2644,2001,1
42,"Vaganian, Rafael A.",ARM,2641,2001,1
43,"Almasi, Zoltan",HUN,2640,2001,1
44,"Andersson, Ulf",SWE,2640,2001,1
45,"Seirawan, Yasser",USA,2640,2001,1
46,"Shipov, Sergei",RUS,2640,2001,1
47,"Kortschnoj, Viktor",SUI,2639,2001,1
48,"Sakaev, Konstantin",RUS,2639,2001,1
49,"Kharlov, Andrei",RUS,2639,2001,1
50,"Beliavsky, Alexander G.",SLO,2638,2001,1
51,"Ehlvest, Jaan",EST,2638,2001,1
52,"Crisan, Alexandru",ROM,2635,2001,1
53,"Sadler, Matthew",ENG,2633,2001,1
54,"Hjartarson, Johann",ISL,2633,2001,1
55,"Piket, Jeroen",NED,2632,2001,1
56,"Lastin, Alexander",RUS,2631,2001,1
57,"Dautov, Rustem",GER,2631,2001,1
58,"Zvjaginsev, Vadim",RUS,2631,2001,1
59,"Avrukh, Boris",ISR,2630,2001,1
59,"Rozentalis, Eduardas",LTU,2630,2001,1
61,"Timman, Jan H.",NED,2629,2001,1
62,"Tregubov, Pavel V.",RUS,2628,2001,1
63,"Gulko, Boris F.",USA,2622,2001,1
64,"Rustemov, Alexander",RUS,2620,2001,1
65,"Filippov, Valerij",RUS,2619,2001,1
66,"Hansen, Curt",DEN,2619,2001,1
67,"Bauer, Christian",FRA,2618,2001,1
68,"Ftacnik, Lubomir",SVK,2618,2001,1
69,"Bacrot, Etienne",FRA,2618,2001,1
70,"Najer, Evgeniy",RUS,2616,2001,1
71,"Huebner, Robert",GER,2616,2001,1
72,"Malakhov, Vladimir",RUS,2613,2001,1
73,"Baklan, Vladimir",UKR,2613,2001,1
74,"Smagin, Sergey",RUS,2613,2001,1
75,"Khenkin, Igor",GER,2612,2001,1
76,"Vladimirov, Evgeny",KAZ,2612,2001,1
77,"Aleksandrov, Aleksej",BLR,2610,2001,1
78,"Landa, Konstantin",RUS,2610,2001,1
79,"Lutz, Christopher",GER,2609,2001,1
80,"Shabalov, Alexander",USA,2609,2001,1
81,"Milos, Gilberto",BRA,2608,2001,1
82,"Magomedov, Magaram (2)",RUS,2608,2001,1
83,"Lputian, Smbat G.",ARM,2607,2001,1
84,"Kaidanov, Gregory S.",USA,2607,2001,1
85,"Zhang, Zhong",CHN,2607,2001,1
86,"Sutovsky, Emil",ISR,2605,2001,1
87,"Granda Zuniga, Julio E.",PER,2605,2001,1
87,"Hellers, Ferdinand",SWE,2605,2001,1
89,"Milov, Vadim",SUI,2604,2001,1
90,"Marin, Mihail",ROM,2604,2001,1
91,"Speelman, Jonathan S.",ENG,2604,2001,1
92,"Dorfman, Josif D.",FRA,2602,2001,1
93,"Hracek, Zbynek",CZE,2602,2001,1
94,"Sasikiran, Krishnan",IND,2601,2001,1
95,"Najdoski, Toni",MKD,2601,2001,1
96,"Korneev, Oleg",RUS,2600,2001,1
97,"Psakhis, Lev",ISR,2598,2001,1
98,"Baburin, Alexander",IRL,2598,2001,1
99,"Tiviakov, Sergei",NED,2597,2001,1
100,"Shariyazdanov, Andrey",RUS,2596,2001,1
1,"Kasparov, Garry",RUS,2822,2001,4
2,"Kramnik, Vladimir",RUS,2802,2001,4
3,"Anand, Viswanathan",IND,2794,2001,4
4,"Adams, Michael",ENG,2750,2001,4
5,"Morozevich, Alexander",RUS,2749,2001,4
6,"Leko, Peter",HUN,2739,2001,4
7,"Ivanchuk, Vassily",UKR,2731,2001,4
8,"Shirov, Alexei",ESP,2727,2001,4
9,"Gelfand, Boris",ISR,2712,2001,4
10,"Bareev, Evgeny",RUS,2709,2001,4
11,"Topalov, Veselin",BUL,2707,2001,4
12,"Svidler, Peter",RUS,2695,2001,4
13,"Karpov, Anatoly",RUS,2693,2001,4
13,"Kasimdzhanov, Rustam",UZB,2693,2001,4
15,"Smirin, Ilia",ISR,2691,2001,4
16,"Khalifman, Alexander",RUS,2690,2001,4
17,"Gurevich, Mikhail",BEL,2688,2001,4
18,"Dreev, Alexey",RUS,2685,2001,4
19,"Bologan, Viorel",MDA,2676,2001,4
20,"Georgiev, Kiril",BUL,2676,2001,4
20,"Short, Nigel D.",ENG,2676,2001,4
20,"Polgar, Judit                          w",HUN,2676,2001,4
23,"Ponomariov, Ruslan",UKR,2673,2001,4
24,"Tkachiev, Vladislav",FRA,2672,2001,4
25,"Ye, Jiangchuan",CHN,2671,2001,4
26,"Van Wely, Loek",NED,2670,2001,4
27,"Azmaiparashvili, Zurab",GEO,2670,2001,4
28,"Grischuk, Alexander",RUS,2663,2001,4
29,"Movsesian, Sergei",CZE,2661,2001,4
30,"Sokolov, Ivan",BIH,2659,2001,4
31,"Lautier, Joel",FRA,2658,2001,4
31,"Onischuk, Alexander",UKR,2658,2001,4
33,"Rublevsky, Sergei",RUS,2657,2001,4
34,"Krasenkow, Michal",POL,2655,2001,4
35,"Xu, Jun",CHN,2655,2001,4
36,"Akopian, Vladimir",ARM,2654,2001,4
37,"Nikolic, Predrag",BIH,2652,2001,4
38,"Graf, Alexander",GER,2649,2001,4
39,"Peng, Xiaomin",CHN,2648,2001,4
40,"Jussupow, Artur",GER,2645,2001,4
41,"Salov, Valery",RUS,2644,2001,4
42,"Kortschnoj, Viktor",SUI,2643,2001,4
43,"Vaganian, Rafael A.",ARM,2641,2001,4
44,"Almasi, Zoltan",HUN,2640,2001,4
44,"Shipov, Sergei",RUS,2640,2001,4
44,"Andersson, Ulf",SWE,2640,2001,4
44,"Seirawan, Yasser",USA,2640,2001,4
48,"Kharlov, Andrei",RUS,2639,2001,4
49,"Beliavsky, Alexander G.",SLO,2638,2001,4
50,"Sakaev, Konstantin",RUS,2637,2001,4
51,"Crisan, Alexandru",ROM,2635,2001,4
52,"Sadler, Matthew",ENG,2633,2001,4
52,"Hjartarson, Johann",ISL,2633,2001,4
54,"Zhang, Zhong",CHN,2632,2001,4
55,"Filippov, Valerij",RUS,2632,2001,4
56,"Dautov, Rustem",GER,2631,2001,4
57,"Ehlvest, Jaan",EST,2630,2001,4
58,"Piket, Jeroen",NED,2628,2001,4
59,"Tregubov, Pavel V.",RUS,2628,2001,4
60,"Bacrot, Etienne",FRA,2627,2001,4
60,"Zvjaginsev, Vadim",RUS,2627,2001,4
62,"Lastin, Alexander",RUS,2627,2001,4
63,"Rustemov, Alexander",RUS,2625,2001,4
64,"Malakhov, Vladimir",RUS,2623,2001,4
65,"Timman, Jan H.",NED,2620,2001,4
66,"Hansen, Curt",DEN,2619,2001,4
67,"Ftacnik, Lubomir",SVK,2618,2001,4
68,"Huebner, Robert",GER,2616,2001,4
69,"Lutz, Christopher",GER,2614,2001,4
70,"Smagin, Sergey",RUS,2613,2001,4
70,"Baklan, Vladimir",UKR,2613,2001,4
72,"Bauer, Christian",FRA,2612,2001,4
73,"Vladimirov, Evgeny",KAZ,2612,2001,4
74,"Sasikiran, Krishnan",IND,2611,2001,4
75,"Aleksandrov, Aleksej",BLR,2610,2001,4
75,"Landa, Konstantin",RUS,2610,2001,4
77,"Khenkin, Igor",GER,2609,2001,4
78,"Macieja, Bartlomiej",POL,2608,2001,4
79,"Milos, Gilberto",BRA,2608,2001,4
79,"Magomedov, Magaram (2)",RUS,2608,2001,4
81,"Lputian, Smbat G.",ARM,2607,2001,4
82,"Gulko, Boris F.",USA,2606,2001,4
83,"Palac, Mladen",CRO,2605,2001,4
84,"Milov, Vadim",SUI,2605,2001,4
85,"Granda Zuniga, Julio E.",PER,2605,2001,4
85,"Hellers, Ferdinand",SWE,2605,2001,4
87,"Tukmakov, Vladimir B.",UKR,2604,2001,4
88,"Sutovsky, Emil",ISR,2604,2001,4
89,"Tiviakov, Sergei",NED,2603,2001,4
90,"Hracek, Zbynek",CZE,2603,2001,4
91,"Dorfman, Josif D.",FRA,2602,2001,4
92,"Motylev, Alexander",RUS,2601,2001,4
93,"Marin, Mihail",ROM,2601,2001,4
94,"Kaidanov, Gregory S.",USA,2601,2001,4
95,"Najer, Evgeniy",RUS,2600,2001,4
96,"Avrukh, Boris",ISR,2600,2001,4
97,"Najdoski, Toni",MKD,2600,2001,4
98,"Sturua, Zurab",GEO,2600,2001,4
99,"Goldin, Alexander",ISR,2599,2001,4
100,"Rozentalis, Eduardas",LTU,2597,2001,4
1,"Kasparov, Garry",RUS,2838,2001,7
2,"Kramnik, Vladimir",RUS,2802,2001,7
3,"Anand, Viswanathan",IND,2794,2001,7
4,"Morozevich, Alexander",RUS,2749,2001,7
5,"Adams, Michael",ENG,2744,2001,7
6,"Ivanchuk, Vassily",UKR,2731,2001,7
7,"Leko, Peter",HUN,2730,2001,7
8,"Bareev, Evgeny",RUS,2719,2001,7
9,"Topalov, Veselin",BUL,2711,2001,7
10,"Shirov, Alexei",ESP,2706,2001,7
11,"Kasimdzhanov, Rustam",UZB,2704,2001,7
12,"Gelfand, Boris",ISR,2704,2001,7
13,"Smirin, Ilia",ISR,2702,2001,7
14,"Khalifman, Alexander",RUS,2700,2001,7
15,"Van Wely, Loek",NED,2695,2001,7
16,"Georgiev, Kiril",BUL,2695,2001,7
17,"Svidler, Peter",RUS,2695,2001,7
18,"Karpov, Anatoly",RUS,2692,2001,7
19,"Dreev, Alexey",RUS,2690,2001,7
20,"Polgar, Judit                          w",HUN,2686,2001,7
21,"Ponomariov, Ruslan",UKR,2684,2001,7
22,"Ye, Jiangchuan",CHN,2677,2001,7
23,"Lautier, Joel",FRA,2675,2001,7
24,"Azmaiparashvili, Zurab",GEO,2674,2001,7
25,"Grischuk, Alexander",RUS,2669,2001,7
26,"Zhang, Zhong",CHN,2667,2001,7
27,"Onischuk, Alexander",UKR,2667,2001,7
28,"Short, Nigel D.",ENG,2664,2001,7
29,"Akopian, Vladimir",ARM,2660,2001,7
30,"Beliavsky, Alexander G.",SLO,2659,2001,7
31,"Sokolov, Ivan",BIH,2659,2001,7
32,"Kharlov, Andrei",RUS,2656,2001,7
33,"Bologan, Viorel",MDA,2655,2001,7
34,"Bacrot, Etienne",FRA,2653,2001,7
35,"Nikolic, Predrag",BIH,2652,2001,7
36,"Sutovsky, Emil",ISR,2651,2001,7
37,"Vaganian, Rafael A.",ARM,2650,2001,7
38,"Aleksandrov, Aleksej",BLR,2646,2001,7
39,"Xu, Jun",CHN,2646,2001,7
40,"Seirawan, Yasser",USA,2644,2001,7
41,"Salov, Valery",RUS,2644,2001,7
42,"Lutz, Christopher",GER,2643,2001,7
43,"Tkachiev, Vladislav",FRA,2642,2001,7
44,"Rublevsky, Sergei",RUS,2639,2001,7
45,"Zvjaginsev, Vadim",RUS,2638,2001,7
46,"Malakhov, Vladimir",RUS,2637,2001,7
47,"Crisan, Alexandru",ROM,2635,2001,7
48,"Gurevich, Mikhail",BEL,2633,2001,7
49,"Jussupow, Artur",GER,2633,2001,7
50,"Hjartarson, Johann",ISL,2633,2001,7
51,"Sadler, Matthew",ENG,2631,2001,7
52,"Vallejo Pons, Francisco",ESP,2630,2001,7
53,"Dautov, Rustem",GER,2630,2001,7
54,"Piket, Jeroen",NED,2630,2001,7
55,"Almasi, Zoltan",HUN,2630,2001,7
56,"Sakaev, Konstantin",RUS,2630,2001,7
57,"Delchev, Aleksander",BUL,2629,2001,7
58,"Peng, Xiaomin",CHN,2629,2001,7
59,"Lastin, Alexander",RUS,2628,2001,7
60,"Motylev, Alexander",RUS,2627,2001,7
61,"Movsesian, Sergei",CZE,2627,2001,7
62,"Ehlvest, Jaan",EST,2627,2001,7
63,"Hansen, Curt",DEN,2626,2001,7
64,"Shipov, Sergei",RUS,2625,2001,7
65,"Landa, Konstantin",RUS,2619,2001,7
66,"Tiviakov, Sergei",NED,2618,2001,7
67,"Tregubov, Pavel V.",RUS,2617,2001,7
68,"Filippov, Valerij",RUS,2617,2001,7
69,"Kortschnoj, Viktor",SUI,2617,2001,7
70,"Milov, Vadim",SUI,2614,2001,7
71,"Milos, Gilberto",BRA,2614,2001,7
72,"Pigusov, Evgeny",RUS,2613,2001,7
73,"Vladimirov, Evgeny",KAZ,2612,2001,7
74,"Huebner, Robert",GER,2612,2001,7
75,"Graf, Alexander",GER,2610,2001,7
76,"Hracek, Zbynek",CZE,2610,2001,7
77,"Nisipeanu, Liviu-Dieter",ROM,2609,2001,7
78,"Lputian, Smbat G.",ARM,2608,2001,7
79,"Magomedov, Magaram (2)",RUS,2608,2001,7
80,"Chuchelov, Vladimir",BEL,2607,2001,7
81,"Van den Doel, Erik",NED,2607,2001,7
82,"Rustemov, Alexander",RUS,2607,2001,7
83,"Fressinet, Laurent",FRA,2606,2001,7
84,"Kaidanov, Gregory S.",USA,2605,2001,7
85,"Granda Zuniga, Julio E.",PER,2605,2001,7
86,"Sokolov, Andrei",FRA,2604,2001,7
87,"Tukmakov, Vladimir B.",UKR,2604,2001,7
88,"Luther, Thomas",GER,2604,2001,7
89,"Asrian, Karen",ARM,2604,2001,7
90,"Speelman, Jonathan S.",ENG,2603,2001,7
91,"Degraeve, Jean-Marc",FRA,2602,2001,7
92,"Gyimesi, Zoltan",HUN,2602,2001,7
93,"Dorfman, Josif D.",FRA,2602,2001,7
94,"Gulko, Boris F.",USA,2602,2001,7
95,"Andersson, Ulf",SWE,2601,2001,7
96,"Chernin, Alexander",HUN,2601,2001,7
97,"Kotsur, Pavel",KAZ,2600,2001,7
98,"Hickl, Joerg",GER,2600,2001,7
99,"Najdoski, Toni",MKD,2600,2001,7
100,"Baklan, Vladimir",UKR,2599,2001,7
1,"Kasparov, Garry",RUS,2838,2001,10
2,"Kramnik, Vladimir",RUS,2809,2001,10
3,"Anand, Viswanathan",IND,2770,2001,10
4,"Morozevich, Alexander",RUS,2742,2001,10
5,"Leko, Peter",HUN,2739,2001,10
6,"Topalov, Veselin",BUL,2733,2001,10
7,"Adams, Michael",ENG,2731,2001,10
8,"Ivanchuk, Vassily",UKR,2731,2001,10
9,"Bareev, Evgeny",RUS,2719,2001,10
10,"Van Wely, Loek",NED,2714,2001,10
11,"Kasimdzhanov, Rustam",UZB,2706,2001,10
12,"Shirov, Alexei",ESP,2706,2001,10
13,"Khalifman, Alexander",RUS,2702,2001,10
14,"Gelfand, Boris",ISR,2701,2001,10
15,"Smirin, Ilia",ISR,2698,2001,10
16,"Karpov, Anatoly",RUS,2692,2001,10
17,"Svidler, Peter",RUS,2686,2001,10
18,"Georgiev, Kiril",BUL,2686,2001,10
19,"Polgar, Judit                          w",HUN,2686,2001,10
20,"Ponomariov, Ruslan",UKR,2684,2001,10
21,"Ye, Jiangchuan",CHN,2681,2001,10
22,"Dreev, Alexey",RUS,2676,2001,10
23,"Short, Nigel D.",ENG,2675,2001,10
24,"Azmaiparashvili, Zurab",GEO,2674,2001,10
25,"Bologan, Viorel",MDA,2668,2001,10
26,"Beliavsky, Alexander G.",SLO,2668,2001,10
27,"Grischuk, Alexander",RUS,2666,2001,10
28,"Sutovsky, Emil",ISR,2664,2001,10
29,"Onischuk, Alexander",UKR,2660,2001,10
30,"Akopian, Vladimir",ARM,2660,2001,10
31,"Sokolov, Ivan",BIH,2658,2001,10
32,"Zhang, Zhong",CHN,2657,2001,10
33,"Kharlov, Andrei",RUS,2656,2001,10
34,"Xu, Jun",CHN,2654,2001,10
35,"Lautier, Joel",FRA,2653,2001,10
36,"Bacrot, Etienne",FRA,2653,2001,10
37,"Nikolic, Predrag",BIH,2652,2001,10
38,"Vaganian, Rafael A.",ARM,2650,2001,10
39,"Piket, Jeroen",NED,2649,2001,10
40,"Aleksandrov, Aleksej",BLR,2645,2001,10
41,"Salov, Valery",RUS,2644,2001,10
41,"Seirawan, Yasser",USA,2644,2001,10
43,"Lutz, Christopher",GER,2643,2001,10
44,"Motylev, Alexander",RUS,2641,2001,10
45,"Zvjaginsev, Vadim",RUS,2640,2001,10
46,"Kortschnoj, Viktor",SUI,2639,2001,10
47,"Sakaev, Konstantin",RUS,2639,2001,10
48,"Malakhov, Vladimir",RUS,2637,2001,10
49,"Delchev, Aleksander",BUL,2634,2001,10
50,"Rublevsky, Sergei",RUS,2634,2001,10
51,"Jussupow, Artur",GER,2633,2001,10
51,"Hjartarson, Johann",ISL,2633,2001,10
53,"Tkachiev, Vladislav",FRA,2632,2001,10
54,"Movsesian, Sergei",CZE,2631,2001,10
55,"Sadler, Matthew",ENG,2631,2001,10
56,"Vallejo Pons, Francisco",ESP,2630,2001,10
56,"Dautov, Rustem",GER,2630,2001,10
56,"Almasi, Zoltan",HUN,2630,2001,10
59,"Lastin, Alexander",RUS,2628,2001,10
60,"Ehlvest, Jaan",EST,2626,2001,10
61,"Shipov, Sergei",RUS,2625,2001,10
62,"Nielsen, Peter Heine",DEN,2620,2001,10
63,"Landa, Konstantin",RUS,2619,2001,10
64,"Lputian, Smbat G.",ARM,2618,2001,10
65,"Filippov, Valerij",RUS,2617,2001,10
66,"Hansen, Curt",DEN,2613,2001,10
67,"Pigusov, Evgeny",RUS,2613,2001,10
68,"Goldin, Alexander",USA,2612,2001,10
69,"Huebner, Robert",GER,2612,2001,10
70,"Rustemov, Alexander",RUS,2611,2001,10
71,"Tregubov, Pavel V.",RUS,2611,2001,10
72,"Milos, Gilberto",BRA,2610,2001,10
73,"Hracek, Zbynek",CZE,2610,2001,10
73,"Graf, Alexander",GER,2610,2001,10
75,"Nisipeanu, Liviu-Dieter",ROM,2609,2001,10
76,"Gulko, Boris F.",USA,2608,2001,10
77,"Magomedov, Magaram (2)",RUS,2608,2001,10
78,"Peng, Xiaomin",CHN,2607,2001,10
79,"Chuchelov, Vladimir",BEL,2607,2001,10
80,"Avrukh, Boris",ISR,2606,2001,10
81,"Gurevich, Mikhail",BEL,2605,2001,10
82,"Gyimesi, Zoltan",HUN,2605,2001,10
83,"Kaidanov, Gregory S.",USA,2605,2001,10
84,"Asrian, Karen",ARM,2604,2001,10
84,"Luther, Thomas",GER,2604,2001,10
86,"Kobalija, Mihail",RUS,2603,2001,10
87,"Istratescu, Andrei",ROM,2603,2001,10
88,"Milov, Vadim",SUI,2602,2001,10
89,"Sokolov, Andrei",FRA,2602,2001,10
90,"Rozentalis, Eduardas",LTU,2601,2001,10
91,"Conquest, Stuart",ENG,2601,2001,10
92,"Eingorn, Vereslav S.",UKR,2601,2001,10
93,"Andersson, Ulf",SWE,2601,2001,10
94,"Crisan, Alexandru",ROM,2600,2001,10
95,"Timman, Jan H.",NED,2600,2001,10
96,"Hickl, Joerg",GER,2600,2001,10
96,"Najdoski, Toni",MKD,2600,2001,10
98,"Tiviakov, Sergei",NED,2599,2001,10
99,"Dorfman, Josif D.",FRA,2599,2001,10
100,"Najer, Evgeniy",RUS,2599,2001,10
