year,month,rank,name,federation,rating,source
1967,6,1,"Spassky, Boris V.",URS,2670,olimpbase
1967,6,2,"Fischer, Robert James",USA,2670,olimpbase
1967,6,3,"Petrosian, Tigran",URS,2660,olimpbase
1967,6,4,"Botvinnik, Mikhail",URS,2650,olimpbase
1967,6,5,"Tal, Mikhail N.",URS,2650,olimpbase
1967,6,6,"Stein, Leonid",URS,2640,olimpbase
1967,6,7,"Geller, Efim P.",URS,2630,olimpbase
1967,6,8,"Larsen, Bent",DEN,2620,olimpbase
1967,6,9,"Portisch, Lajos",HUN,2620,olimpbase
1967,6,10,"Korchnoi, Viktor",URS,2620,olimpbase
1967,6,11,"Polugaevsky, Lev",URS,2620,olimpbase
1967,6,12,"Keres, Paul",URS,2610,olimpbase
1967,6,13,"Smyslov, Vassily",URS,2610,olimpbase
1967,6,14,"Taimanov, Mark E.",URS,2600,olimpbase
1967,6,15,"Uhlmann, Wolfgang",GDR,2590,olimpbase
1967,6,16,"Unzicker, Wolfgang",GER,2590,olimpbase
1967,6,17,"Kholmov, Ratmir D.",URS,2590,olimpbase
1967,6,18,"Lutikov, Anatoly S.",URS,2590,olimpbase
1967,6,19,"Najdorf, Miguel",ARG,2580,olimpbase
1967,6,20,"Hort, Vlastimil",CSR,2580,olimpbase
1967,6,21,"Boleslavsky, Isaak",URS,2580,olimpbase
1967,6,22,"Bronstein, David I.",URS,2580,olimpbase
1967,6,23,"Furman, Semyen A.",URS,2580,olimpbase
1967,6,24,"Gipslis, Aivars",URS,2580,olimpbase
1967,6,25,"Reshevsky, Samuel H.",USA,2580,olimpbase
1967,6,26,"Savon, Vladimir A.",URS,2570,olimpbase
1967,6,27,"Vasiukov, Evgeni",URS,2570,olimpbase
1967,6,28,"Benko, Pal C.",USA,2570,olimpbase
1967,6,29,"Gligoric, Svetozar",YUG,2570,olimpbase
1967,6,30,"Ivkov, Borislav",YUG,2570,olimpbase
1967,6,31,"Averbakh, Yuri L.",URS,2560,olimpbase
1967,6,32,"Suetin, Alexey S.",URS,2560,olimpbase
1967,6,33,"Evans, Larry M.",USA,2560,olimpbase
1967,6,34,"Olafsson, Fridrik",ISL,2550,olimpbase
1967,6,35,"Pachman, Ludek",CSR,2540,olimpbase
1967,6,36,"Antoshin, Vladimir S.",URS,2540,olimpbase
1967,6,37,"Lein, Anatoly",URS,2540,olimpbase
1967,6,38,"Nei, Iivo",URS,2540,olimpbase
1967,6,39,"Byrne, Robert E.",USA,2540,olimpbase
1967,6,40,"Panno, Oscar",ARG,2530,olimpbase
1967,6,41,"Filip, Miroslav",CSR,2530,olimpbase
1967,6,42,"Kavalek, Lubomir",CSR,2530,olimpbase
1967,6,43,"Pomar Salamanca, Arturo",ESP,2530,olimpbase
1967,6,44,"Szabo, Laszlo",HUN,2530,olimpbase
1967,6,45,"Krogius, Nikolai V.",URS,2530,olimpbase
1967,6,46,"Liberzon, Vladimir M.",URS,2530,olimpbase
1967,6,47,"Lombardy, William J.",USA,2530,olimpbase
1967,6,48,"Matanovic, Aleksandar",YUG,2530,olimpbase
1967,6,49,"Matulovic, Milan",YUG,2530,olimpbase
1967,6,50,"Bolbochan, Julio",ARG,2520,olimpbase
1967,6,51,"Darga, Klaus",GER,2520,olimpbase
1967,6,52,"Donner, Jan-Hein",NED,2520,olimpbase
1967,6,53,"Ciric, Dragoljub M.",YUG,2520,olimpbase
1967,6,54,"Parma, Bruno",YUG,2520,olimpbase
1967,6,55,"Eliskases, Erich",ARG,2510,olimpbase
1967,6,56,"Schmid, Lothar",GER,2510,olimpbase
1967,6,57,"Bilek, Istvan",HUN,2510,olimpbase
1967,6,58,"Osnos, Viatcheslav",URS,2510,olimpbase
1967,6,59,"Simagin, Vladimir",URS,2510,olimpbase
1967,6,60,"Trifunovic, Petar",YUG,2510,olimpbase
1967,6,61,"Tringov, Georgi P.",BUL,2500,olimpbase
1967,6,62,"Pfleger, Helmut",GER,2500,olimpbase
1967,6,63,"Gheorghiu, Florin",ROM,2500,olimpbase
1967,6,64,"Gurgenidze, Bukhuti",URS,2500,olimpbase
1967,6,65,"Shamkovich, Leonid",URS,2500,olimpbase
1967,6,66,"Sanguinetti, Raul",ARG,2490,olimpbase
1967,6,67,"Bobotsov, Milko G.",BUL,2490,olimpbase
1967,6,68,"Yanofsky, Daniel A.",CAN,2490,olimpbase
1967,6,69,"Barczay, Laszlo",HUN,2490,olimpbase
1967,6,70,"Stahlberg, Gideon",SWE,2490,olimpbase
1967,6,71,"Rossetto, Hector",ARG,2480,olimpbase
1967,6,72,"Minev, Nikolay N.",BUL,2480,olimpbase
1967,6,73,"Rossolimo, Nicolas",FRA,2480,olimpbase
1967,6,74,"Barcza, Gedeon",HUN,2480,olimpbase
1967,6,75,"Dely, Peter",HUN,2480,olimpbase
1967,6,76,"Bisguier, Arthur B.",USA,2480,olimpbase
1967,6,77,"Robatsch, Karl",AUT,2470,olimpbase
1967,6,78,"O'Kelly de Galway, Alberic",BEL,2470,olimpbase
1967,6,79,"Padevsky, Nikola",BUL,2470,olimpbase
1967,6,80,"Penrose, Jonathan",ENG,2470,olimpbase
1967,6,81,"Lehmann, Heinz",GER,2470,olimpbase
1967,6,82,"Forintos, Gyozo V.",HUN,2470,olimpbase
1967,6,83,"Lengyel, Levente",HUN,2470,olimpbase
1967,6,84,"Damjanovic, Mato",YUG,2470,olimpbase
1967,6,85,"Janosevic, Dragoljub",YUG,2470,olimpbase
1967,6,86,"Ciocaltea, Victor",ROM,2460,olimpbase
1967,6,87,"Ghitescu, Theodor",ROM,2460,olimpbase
1967,6,88,"Lilienthal, Andor",URS,2460,olimpbase
1967,6,89,"Tolush, Alexander",URS,2460,olimpbase
1967,6,90,"Maric, Rudolf",YUG,2460,olimpbase
1967,6,91,"Pilnik, Herman",ARG,2450,olimpbase
1967,6,92,"Flesch, Janos",HUN,2450,olimpbase
1967,6,93,"Byrne, Donald",USA,2450,olimpbase
1967,6,94,"Guimard, Carlos E.",ARG,2440,olimpbase
1967,6,95,"Haag, Ervin",HUN,2440,olimpbase
1968,4,1,"Fischer, Robert James",USA,2710,olimpbase
1968,4,2,"Botvinnik, Mikhail",URS,2690,olimpbase
1968,4,3,"Korchnoi, Viktor",URS,2660,olimpbase
1968,4,4,"Spassky, Boris V.",URS,2660,olimpbase
1968,4,5,"Larsen, Bent",DEN,2650,olimpbase
1968,4,6,"Petrosian, Tigran",URS,2650,olimpbase
1968,4,7,"Tal, Mikhail N.",URS,2650,olimpbase
1968,4,8,"Geller, Efim P.",URS,2630,olimpbase
1968,4,9,"Smyslov, Vassily",URS,2630,olimpbase
1968,4,10,"Unzicker, Wolfgang",GER,2610,olimpbase
1968,4,11,"Portisch, Lajos",HUN,2610,olimpbase
1968,4,12,"Polugaevsky, Lev",URS,2610,olimpbase
1968,4,13,"Stein, Leonid",URS,2610,olimpbase
1968,4,14,"Keres, Paul",URS,2600,olimpbase
1968,4,15,"Kholmov, Ratmir D.",URS,2600,olimpbase
1968,4,16,"Lutikov, Anatoly S.",URS,2600,olimpbase
1968,4,17,"Najdorf, Miguel",ARG,2590,olimpbase
1968,4,18,"Olafsson, Fridrik",ISL,2590,olimpbase
1968,4,19,"Boleslavsky, Isaak",URS,2590,olimpbase
1968,4,20,"Gligoric, Svetozar",YUG,2590,olimpbase
1968,4,21,"Gipslis, Aivars",URS,2580,olimpbase
1968,4,22,"Krogius, Nikolai V.",URS,2580,olimpbase
1968,4,23,"Taimanov, Mark E.",URS,2580,olimpbase
1968,4,24,"Benko, Pal C.",USA,2580,olimpbase
1968,4,25,"Reshevsky, Samuel H.",USA,2580,olimpbase
1968,4,26,"Hort, Vlastimil",CSR,2570,olimpbase
1968,4,27,"Darga, Klaus",GER,2570,olimpbase
1968,4,28,"Furman, Semyen A.",URS,2570,olimpbase
1968,4,29,"Lein, Anatoly",URS,2570,olimpbase
1968,4,30,"Antoshin, Vladimir S.",URS,2560,olimpbase
1968,4,31,"Gufeld, Eduard",URS,2560,olimpbase
1968,4,32,"Zaitsev, Alexander",URS,2560,olimpbase
1968,4,33,"Evans, Larry M.",USA,2560,olimpbase
1968,4,34,"Ivkov, Borislav",YUG,2560,olimpbase
1968,4,35,"Matulovic, Milan",YUG,2560,olimpbase
1968,4,36,"Mecking, Henrique",BRA,2550,olimpbase
1968,4,37,"Osnos, Viatcheslav",URS,2550,olimpbase
1968,4,38,"Savon, Vladimir A.",URS,2550,olimpbase
1968,4,39,"Vasiukov, Evgeni",URS,2550,olimpbase
1968,4,40,"Matanovic, Aleksandar",YUG,2550,olimpbase
1968,4,41,"Panno, Oscar",ARG,2540,olimpbase
1968,4,42,"Bobotsov, Milko G.",BUL,2540,olimpbase
1968,4,43,"Averbakh, Yuri L.",URS,2540,olimpbase
1968,4,44,"Shamkovich, Leonid",URS,2540,olimpbase
1968,4,45,"Parma, Bruno",YUG,2540,olimpbase
1968,4,46,"Uhlmann, Wolfgang",GDR,2530,olimpbase
1968,4,47,"Bilek, Istvan",HUN,2530,olimpbase
1968,4,48,"Donner, Jan-Hein",NED,2530,olimpbase
1968,4,49,"Gheorghiu, Florin",ROM,2530,olimpbase
1968,4,50,"Suetin, Alexey S.",URS,2530,olimpbase
1968,4,51,"Ciric, Dragoljub M.",YUG,2530,olimpbase
1968,4,52,"Kavalek, Lubomir",CSR,2520,olimpbase
1968,4,53,"Pomar Salamanca, Arturo",ESP,2520,olimpbase
1968,4,54,"Szabo, Laszlo",HUN,2520,olimpbase
1968,4,55,"Byrne, Robert E.",USA,2520,olimpbase
1968,4,56,"Pilnik, Herman",ARG,2510,olimpbase
1968,4,57,"Filip, Miroslav",CSR,2510,olimpbase
1968,4,58,"Schmid, Lothar",GER,2510,olimpbase
1968,4,59,"Kotov, Alexander",URS,2510,olimpbase
1968,4,60,"Liberzon, Vladimir M.",URS,2510,olimpbase
1968,4,61,"Simagin, Vladimir",URS,2510,olimpbase
1968,4,62,"Eliskases, Erich",ARG,2500,olimpbase
1968,4,63,"Barcza, Gedeon",HUN,2500,olimpbase
1968,4,64,"Trifunovic, Petar",YUG,2500,olimpbase
1968,4,65,"Janosevic, Dragoljub",YUG,2490,olimpbase
1968,4,66,"Padevsky, Nikola",BUL,2480,olimpbase
1968,4,67,"Tringov, Georgi P.",BUL,2480,olimpbase
1968,4,68,"Barczay, Laszlo",HUN,2480,olimpbase
1968,4,69,"Yanofsky, Daniel A.",CAN,2470,olimpbase
1968,4,70,"Lengyel, Levente",HUN,2470,olimpbase
1968,4,71,"O'Kelly de Galway, Alberic",BEL,2430,olimpbase
1968,4,72,"Pietzsch, Wolfgang",GDR,2420,olimpbase
1968,4,73,"Damjanovic, Mato",YUG,2420,olimpbase
1969,1,1,"Fischer, Robert James",USA,2720,olimpbase
1969,1,2,"Spassky, Boris V.",URS,2690,olimpbase
1969,1,3,"Korchnoi, Viktor",URS,2680,olimpbase
1969,1,4,"Botvinnik, Mikhail",URS,2660,olimpbase
1969,1,5,"Petrosian, Tigran",URS,2650,olimpbase
1969,1,6,"Larsen, Bent",DEN,2630,olimpbase
1969,1,7,"Portisch, Lajos",HUN,2620,olimpbase
1969,1,8,"Geller, Efim P.",URS,2620,olimpbase
1969,1,9,"Smyslov, Vassily",URS,2620,olimpbase
1969,1,10,"Keres, Paul",URS,2610,olimpbase
1969,1,11,"Polugaevsky, Lev",URS,2610,olimpbase
1969,1,12,"Stein, Leonid",URS,2610,olimpbase
1969,1,13,"Tal, Mikhail N.",URS,2610,olimpbase
1969,1,14,"Olafsson, Fridrik",ISL,2600,olimpbase
1969,1,15,"Kholmov, Ratmir D.",URS,2600,olimpbase
1969,1,16,"Najdorf, Miguel",ARG,2590,olimpbase
1969,1,17,"Hort, Vlastimil",CSR,2590,olimpbase
1969,1,18,"Bronstein, David I.",URS,2590,olimpbase
1969,1,19,"Furman, Semyen A.",URS,2590,olimpbase
1969,1,20,"Taimanov, Mark E.",URS,2590,olimpbase
1969,1,21,"Gligoric, Svetozar",YUG,2590,olimpbase
1969,1,22,"Gipslis, Aivars",URS,2580,olimpbase
1969,1,23,"Krogius, Nikolai V.",URS,2580,olimpbase
1969,1,24,"Lein, Anatoly",URS,2570,olimpbase
1969,1,25,"Vasiukov, Evgeni",URS,2570,olimpbase
1969,1,26,"Evans, Larry M.",USA,2570,olimpbase
1969,1,27,"Reshevsky, Samuel H.",USA,2570,olimpbase
1969,1,28,"Unzicker, Wolfgang",GER,2560,olimpbase
1969,1,29,"Antoshin, Vladimir S.",URS,2560,olimpbase
1969,1,30,"Lutikov, Anatoly S.",URS,2560,olimpbase
1969,1,31,"Savon, Vladimir A.",URS,2560,olimpbase
1969,1,32,"Suetin, Alexey S.",URS,2560,olimpbase
1969,1,33,"Zaitsev, Alexander",URS,2560,olimpbase
1969,1,34,"Matulovic, Milan",YUG,2560,olimpbase
1969,1,35,"Osnos, Viatcheslav",URS,2550,olimpbase
1969,1,36,"Uhlmann, Wolfgang",GDR,2540,olimpbase
1969,1,37,"Darga, Klaus",GER,2540,olimpbase
1969,1,38,"Schmid, Lothar",GER,2540,olimpbase
1969,1,39,"Gheorghiu, Florin",ROM,2540,olimpbase
1969,1,40,"Averbakh, Yuri L.",URS,2540,olimpbase
1969,1,41,"Gufeld, Eduard",URS,2540,olimpbase
1969,1,42,"Liberzon, Vladimir M.",URS,2540,olimpbase
1969,1,43,"Benko, Pal C.",USA,2540,olimpbase
1969,1,44,"Ivkov, Borislav",YUG,2540,olimpbase
1969,1,45,"Panno, Oscar",ARG,2530,olimpbase
1969,1,46,"Mecking, Henrique",BRA,2530,olimpbase
1969,1,47,"Tringov, Georgi P.",BUL,2530,olimpbase
1969,1,48,"Ciric, Dragoljub M.",YUG,2530,olimpbase
1969,1,49,"Matanovic, Aleksandar",YUG,2530,olimpbase
1969,1,50,"Parma, Bruno",YUG,2530,olimpbase
1969,1,51,"Sanguinetti, Raul",ARG,2520,olimpbase
1969,1,52,"Kavalek, Lubomir",CSR,2520,olimpbase
1969,1,53,"Khasin, Abram",URS,2520,olimpbase
1969,1,54,"Nei, Iivo",URS,2520,olimpbase
1969,1,55,"Nikolaevsky, Yuri V.",URS,2520,olimpbase
1969,1,56,"Sakharov, Yuri N.",URS,2520,olimpbase
1969,1,57,"Shamkovich, Leonid",URS,2520,olimpbase
1969,1,58,"Zaitsev, Igor A.",URS,2520,olimpbase
1969,1,59,"Byrne, Robert E.",USA,2520,olimpbase
1969,1,60,"Bolbochan, Julio",ARG,2510,olimpbase
1969,1,61,"Filip, Miroslav",CSR,2510,olimpbase
1969,1,62,"Pachman, Ludek",CSR,2510,olimpbase
1969,1,63,"Kotov, Alexander",URS,2510,olimpbase
1969,1,64,"Sergievsky, Vladimir D.",URS,2510,olimpbase
1969,1,65,"Simagin, Vladimir",URS,2510,olimpbase
1969,1,66,"Bobotsov, Milko G.",BUL,2500,olimpbase
1969,1,67,"Hamann, Svend",DEN,2500,olimpbase
1969,1,68,"Penrose, Jonathan",ENG,2500,olimpbase
1969,1,69,"Pfleger, Helmut",GER,2500,olimpbase
1969,1,70,"Barcza, Gedeon",HUN,2500,olimpbase
1969,1,71,"Bilek, Istvan",HUN,2500,olimpbase
1969,1,72,"Donner, Jan-Hein",NED,2500,olimpbase
1969,1,73,"Gurgenidze, Bukhuti",URS,2500,olimpbase
1969,1,74,"Lombardy, William J.",USA,2500,olimpbase
1969,1,75,"Pomar Salamanca, Arturo",ESP,2490,olimpbase
1969,1,76,"Huebner, Robert",GER,2490,olimpbase
1969,1,77,"Dely, Peter",HUN,2490,olimpbase
1969,1,78,"Forintos, Gyozo V.",HUN,2490,olimpbase
1969,1,79,"Szabo, Laszlo",HUN,2490,olimpbase
1969,1,80,"Klovan, Janis",URS,2490,olimpbase
1969,1,81,"Razuvaev, Yuri S.",URS,2490,olimpbase
1969,1,82,"Tseshkovsky, Vitaly",URS,2490,olimpbase
1969,1,83,"Tukmakov, Vladimir B.",URS,2490,olimpbase
1969,1,84,"Yudovich, Mikhail M.",URS,2490,olimpbase
1969,1,85,"Zheliandinov, Viktor",URS,2490,olimpbase
1969,1,86,"Bukic, Enver",YUG,2490,olimpbase
1969,1,87,"Karaklajic, Nikola",YUG,2490,olimpbase
1969,1,88,"Minic, Dragoljub",YUG,2490,olimpbase
1969,1,89,"Padevsky, Nikola",BUL,2480,olimpbase
1969,1,90,"Teschner, Rudolf",GER,2480,olimpbase
1969,1,91,"Lengyel, Levente",HUN,2480,olimpbase
1969,1,92,"Bagirov, Vladimir",URS,2480,olimpbase
1969,1,93,"Balashov, Yuri S.",URS,2480,olimpbase
1969,1,94,"Flohr, Salomon",URS,2480,olimpbase
1969,1,95,"Podgaets, Mikhail",URS,2480,olimpbase
1969,1,96,"Zhukhovitsky, Samuel",URS,2480,olimpbase
1969,1,97,"Zuckerman, Bernard",USA,2480,olimpbase
1969,1,98,"Kurajica, Bojan",YUG,2480,olimpbase
1969,1,99,"Trifunovic, Petar",YUG,2480,olimpbase
1969,1,100,"Velimirovic, Dragoljub",YUG,2480,olimpbase
1970,1,1,"Fischer, Robert James",USA,2720,olimpbase
1970,1,2,"Korchnoi, Viktor",URS,2670,olimpbase
1970,1,3,"Spassky, Boris V.",URS,2670,olimpbase
1970,1,4,"Geller, Efim P.",URS,2660,olimpbase
1970,1,5,"Larsen, Bent",DEN,2650,olimpbase
1970,1,6,"Petrosian, Tigran",URS,2650,olimpbase
1970,1,7,"Botvinnik, Mikhail",URS,2640,olimpbase
1970,1,8,"Polugaevsky, Lev",URS,2640,olimpbase
1970,1,9,"Portisch, Lajos",HUN,2630,olimpbase
1970,1,10,"Smyslov, Vassily",URS,2620,olimpbase
1970,1,11,"Stein, Leonid",URS,2620,olimpbase
1970,1,12,"Hort, Vlastimil",CSR,2610,olimpbase
1970,1,13,"Keres, Paul",URS,2600,olimpbase
1970,1,14,"Taimanov, Mark E.",URS,2600,olimpbase
1970,1,15,"Krogius, Nikolai V.",URS,2590,olimpbase
1970,1,16,"Tal, Mikhail N.",URS,2590,olimpbase
1970,1,17,"Reshevsky, Samuel H.",USA,2590,olimpbase
1970,1,18,"Gipslis, Aivars",URS,2580,olimpbase
1970,1,19,"Gligoric, Svetozar",YUG,2580,olimpbase
1970,1,20,"Najdorf, Miguel",ARG,2570,olimpbase
1970,1,21,"Uhlmann, Wolfgang",GDR,2570,olimpbase
1970,1,22,"Bronstein, David I.",URS,2570,olimpbase
1970,1,23,"Furman, Semyen A.",URS,2570,olimpbase
1970,1,24,"Ivkov, Borislav",YUG,2570,olimpbase
1970,1,25,"Olafsson, Fridrik",ISL,2560,olimpbase
1970,1,26,"Kholmov, Ratmir D.",URS,2560,olimpbase
1970,1,27,"Savon, Vladimir A.",URS,2560,olimpbase
1970,1,28,"Evans, Larry M.",USA,2560,olimpbase
1970,1,29,"Matulovic, Milan",YUG,2560,olimpbase
1970,1,30,"Darga, Klaus",GER,2550,olimpbase
1970,1,31,"Unzicker, Wolfgang",GER,2550,olimpbase
1970,1,32,"Antoshin, Vladimir S.",URS,2550,olimpbase
1970,1,33,"Averbakh, Yuri L.",URS,2550,olimpbase
1970,1,34,"Vasiukov, Evgeni",URS,2550,olimpbase
1970,1,35,"Zaitsev, Alexander",URS,2550,olimpbase
1970,1,36,"Mecking, Henrique",BRA,2540,olimpbase
1970,1,37,"Schmid, Lothar",GER,2540,olimpbase
1970,1,38,"Balashov, Yuri S.",URS,2540,olimpbase
1970,1,39,"Liberzon, Vladimir M.",URS,2540,olimpbase
1970,1,40,"Osnos, Viatcheslav",URS,2540,olimpbase
1970,1,41,"Shamkovich, Leonid",URS,2540,olimpbase
1970,1,42,"Benko, Pal C.",USA,2540,olimpbase
1970,1,43,"Panno, Oscar",ARG,2530,olimpbase
1970,1,44,"Averkin, Orest N.",URS,2530,olimpbase
1970,1,45,"Gurgenidze, Bukhuti",URS,2530,olimpbase
1970,1,46,"Kuzmin, Gennadi P.",URS,2530,olimpbase
1970,1,47,"Lutikov, Anatoly S.",URS,2530,olimpbase
1970,1,48,"Parma, Bruno",YUG,2530,olimpbase
1970,1,49,"Sanguinetti, Raul",ARG,2520,olimpbase
1970,1,50,"Filip, Miroslav",CSR,2520,olimpbase
1970,1,51,"Gheorghiu, Florin",ROM,2520,olimpbase
1970,1,52,"Gufeld, Eduard",URS,2520,olimpbase
1970,1,53,"Khasin, Abram",URS,2520,olimpbase
1970,1,54,"Nikolaevsky, Yuri V.",URS,2520,olimpbase
1970,1,55,"Lombardy, William J.",USA,2520,olimpbase
1970,1,56,"Ciric, Dragoljub M.",YUG,2520,olimpbase
1970,1,57,"Matanovic, Aleksandar",YUG,2520,olimpbase
1970,1,58,"Bolbochan, Julio",ARG,2510,olimpbase
1970,1,59,"Kavalek, Lubomir",CSR,2510,olimpbase
1970,1,60,"Pachman, Ludek",CSR,2510,olimpbase
1970,1,61,"Huebner, Robert",GER,2510,olimpbase
1970,1,62,"Kotov, Alexander",URS,2510,olimpbase
1970,1,63,"Lein, Anatoly",URS,2510,olimpbase
1970,1,64,"Nei, Iivo",URS,2510,olimpbase
1970,1,65,"Platonov, Igor V.",URS,2510,olimpbase
1970,1,66,"Sakharov, Yuri N.",URS,2510,olimpbase
1970,1,67,Sergeevsky,URS,2510,olimpbase
1970,1,68,"Zhukhovitsky, Samuel",URS,2510,olimpbase
1970,1,69,"Byrne, Robert E.",USA,2510,olimpbase
1970,1,70,"Tringov, Georgi P.",BUL,2500,olimpbase
1970,1,71,"Hamann, Svend",DEN,2500,olimpbase
1970,1,72,"Pomar Salamanca, Arturo",ESP,2500,olimpbase
1970,1,73,"Pfleger, Helmut",GER,2500,olimpbase
1970,1,74,"Klovan, Janis",URS,2500,olimpbase
1970,1,75,"Vladimirov, Boris T.",URS,2500,olimpbase
1970,1,76,"Zaitsev, Igor A.",URS,2500,olimpbase
1970,1,77,"Karaklajic, Nikola",YUG,2500,olimpbase
1970,1,78,"Radulov, Ivan",BUL,2490,olimpbase
1970,1,79,"Penrose, Jonathan",ENG,2490,olimpbase
1970,1,80,"Dely, Peter",HUN,2490,olimpbase
1970,1,81,"Lengyel, Levente",HUN,2490,olimpbase
1970,1,82,"Ciocaltea, Victor",ROM,2490,olimpbase
1970,1,83,"Bagirov, Vladimir",URS,2490,olimpbase
1970,1,84,"Kapengut, Albert Z.",URS,2490,olimpbase
1970,1,85,"Kupreichik, Viktor D.",URS,2490,olimpbase
1970,1,86,"Razuvaev, Yuri S.",URS,2490,olimpbase
1970,1,87,"Tukmakov, Vladimir B.",URS,2490,olimpbase
1970,1,88,"Yudovich, Mikhail M.",URS,2490,olimpbase
1970,1,89,"Zheliandinov, Viktor",URS,2490,olimpbase
1970,1,90,"Addison, Wiliam G.",USA,2490,olimpbase
1970,1,91,"Browne, Walter S.",AUS,2480,olimpbase
1970,1,92,"Bobotsov, Milko G.",BUL,2480,olimpbase
1970,1,93,"Spiridonov, Nikola",BUL,2480,olimpbase
1970,1,94,"Teschner, Rudolf",GER,2480,olimpbase
1970,1,95,"Bilek, Istvan",HUN,2480,olimpbase
1970,1,96,"Forintos, Gyozo V.",HUN,2480,olimpbase
1970,1,97,"Ribli, Zoltan",HUN,2480,olimpbase
1970,1,98,"Mariotti, Sergio",ITA,2480,olimpbase
1970,1,99,"Donner, Jan-Hein",NED,2480,olimpbase
1970,1,100,"Andersson, Ulf",SWE,2480,olimpbase
1971,7,1,"Fischer, Robert James",USA,2760,olimpbase
1971,7,2,"Spassky, Boris V.",URS,2690,olimpbase
1971,7,3,"Korchnoi, Viktor",URS,2670,olimpbase
1971,7,4,"Larsen, Bent",DEN,2660,olimpbase
1971,7,5,"Petrosian, Tigran",URS,2640,olimpbase
1971,7,6,"Polugaevsky, Lev",URS,2640,olimpbase
1971,7,7,"Portisch, Lajos",HUN,2630,olimpbase
1971,7,8,"Botvinnik, Mikhail",URS,2630,olimpbase
1971,7,9,"Smyslov, Vassily",URS,2620,olimpbase
1971,7,10,"Tal, Mikhail N.",URS,2620,olimpbase
1971,7,11,"Geller, Efim P.",URS,2615,olimpbase
1971,7,12,"Keres, Paul",URS,2615,olimpbase
1971,7,13,"Hort, Vlastimil",CSR,2605,olimpbase
1971,7,14,"Stein, Leonid",URS,2605,olimpbase
1971,7,15,"Taimanov, Mark E.",URS,2600,olimpbase
1971,7,16,"Gligoric, Svetozar",YUG,2600,olimpbase
1971,7,17,"Huebner, Robert",GER,2590,olimpbase
1971,7,18,"Bronstein, David I.",URS,2590,olimpbase
1971,7,19,"Gipslis, Aivars",URS,2580,olimpbase
1971,7,20,"Krogius, Nikolai V.",URS,2575,olimpbase
1971,7,21,"Panno, Oscar",ARG,2570,olimpbase
1971,7,22,"Uhlmann, Wolfgang",GDR,2570,olimpbase
1971,7,23,"Olafsson, Fridrik",ISL,2570,olimpbase
1971,7,24,"Balashov, Yuri S.",URS,2570,olimpbase
1971,7,25,"Savon, Vladimir A.",URS,2570,olimpbase
1971,7,26,"Vasiukov, Evgeni",URS,2570,olimpbase
1971,7,27,"Tukmakov, Vladimir B.",URS,2565,olimpbase
1971,7,28,"Boleslavsky, Isaak",URS,2560,olimpbase
1971,7,29,"Kuzmin, Gennadi P.",URS,2560,olimpbase
1971,7,30,"Suetin, Alexey S.",URS,2560,olimpbase
1971,7,31,"Ivkov, Borislav",YUG,2560,olimpbase
1971,7,32,"Schmid, Lothar",GER,2550,olimpbase
1971,7,33,"Averbakh, Yuri L.",URS,2550,olimpbase
1971,7,34,"Kholmov, Ratmir D.",URS,2550,olimpbase
1971,7,35,"Evans, Larry M.",USA,2550,olimpbase
1971,7,36,"Kavalek, Lubomir",USA,2550,olimpbase
1971,7,37,"Reshevsky, Samuel H.",USA,2550,olimpbase
1971,7,38,"Unzicker, Wolfgang",GER,2545,olimpbase
1971,7,39,"Mecking, Henrique",BRA,2540,olimpbase
1971,7,40,"Darga, Klaus",GER,2540,olimpbase
1971,7,41,"Furman, Semyen A.",URS,2540,olimpbase
1971,7,42,"Gurgenidze, Bukhuti",URS,2540,olimpbase
1971,7,43,"Karpov, Anatoly",URS,2540,olimpbase
1971,7,44,"Liberzon, Vladimir M.",URS,2540,olimpbase
1971,7,45,"Lutikov, Anatoly S.",URS,2540,olimpbase
1971,7,46,"Osnos, Viatcheslav",URS,2540,olimpbase
1971,7,47,"Najdorf, Miguel",ARG,2530,olimpbase
1971,7,48,"Sanguinetti, Raul",ARG,2530,olimpbase
1971,7,49,"Gheorghiu, Florin",ROM,2530,olimpbase
1971,7,50,"Podgaets, Mikhail",URS,2530,olimpbase
1971,7,51,"Zaitsev, Alexander",URS,2530,olimpbase
1971,7,52,"Matulovic, Milan",YUG,2530,olimpbase
1971,7,53,"Parma, Bruno",YUG,2530,olimpbase
1971,7,54,"Szabo, Laszlo",HUN,2525,olimpbase
1971,7,55,"Gufeld, Eduard",URS,2520,olimpbase
1971,7,56,"Shamkovich, Leonid",URS,2520,olimpbase
1971,7,57,"Zaitsev, Igor A.",URS,2520,olimpbase
1971,7,58,"Benko, Pal C.",USA,2520,olimpbase
1971,7,59,"Lombardy, William J.",USA,2520,olimpbase
1971,7,60,"Matanovic, Aleksandar",YUG,2520,olimpbase
1971,7,61,"Smejkal, Jan",CSR,2515,olimpbase
1971,7,62,"Pfleger, Helmut",GER,2515,olimpbase
1971,7,63,"Filip, Miroslav",CSR,2510,olimpbase
1971,7,64,"Pachman, Ludek",CSR,2510,olimpbase
1971,7,65,"Markland, Peter R.",ENG,2510,olimpbase
1971,7,66,"Pomar Salamanca, Arturo",ESP,2510,olimpbase
1971,7,67,"Ozsvath, Andras",HUN,2510,olimpbase
1971,7,68,"Andersson, Ulf",SWE,2510,olimpbase
1971,7,69,"Antoshin, Vladimir S.",URS,2510,olimpbase
1971,7,70,"Bagirov, Vladimir",URS,2510,olimpbase
1971,7,71,"Kotov, Alexander",URS,2510,olimpbase
1971,7,72,"Lein, Anatoly",URS,2510,olimpbase
1971,7,73,"Vaganian, Rafael A.",URS,2510,olimpbase
1971,7,74,"Byrne, Robert E.",USA,2510,olimpbase
1971,7,75,"Ljubojevic, Ljubomir",YUG,2510,olimpbase
1971,7,76,"Planinc, Albin",YUG,2510,olimpbase
1971,7,77,"Bolbochan, Julio",ARG,2500,olimpbase
1971,7,78,"Browne, Walter S.",AUS,2500,olimpbase
1971,7,79,"Sigurjonsson, Gudmundur",ISL,2500,olimpbase
1971,7,80,"Donner, Jan-Hein",NED,2500,olimpbase
1971,7,81,"Kupreichik, Viktor D.",URS,2500,olimpbase
1971,7,82,"Nei, Iivo",URS,2495,olimpbase
1971,7,83,"Tringov, Georgi P.",BUL,2490,olimpbase
1971,7,84,"Hamann, Svend",DEN,2490,olimpbase
1971,7,85,"Barcza, Gedeon",HUN,2490,olimpbase
1971,7,86,"Bilek, Istvan",HUN,2490,olimpbase
1971,7,87,"Nikolaevsky, Yuri V.",URS,2490,olimpbase
1971,7,88,"Sakharov, Yuri N.",URS,2490,olimpbase
1971,7,89,"Addison, Wiliam G.",USA,2490,olimpbase
1971,7,90,"Ciric, Dragoljub M.",YUG,2490,olimpbase
1971,7,91,"Damjanovic, Mato",YUG,2490,olimpbase
1971,7,92,"Karaklajic, Nikola",YUG,2490,olimpbase
1971,7,93,"Kurajica, Bojan",YUG,2490,olimpbase
1971,7,94,"Minic, Dragoljub",YUG,2490,olimpbase
1971,7,95,"Velimirovic, Dragoljub",YUG,2490,olimpbase
1971,7,96,"Bobotsov, Milko G.",BUL,2485,olimpbase
1971,7,97,"Radulov, Ivan",BUL,2485,olimpbase
1971,7,98,"Forintos, Gyozo V.",HUN,2485,olimpbase
1971,7,99,"Lengyel, Levente",HUN,2485,olimpbase
1971,7,100,"Suttles, Duncan",CAN,2480,olimpbase
1972,7,1,"Fischer, Robert James",USA,2785,olimpbase
1972,7,2,"Spassky, Boris V.",URS,2660,olimpbase
1972,7,3,"Petrosian, Tigran",URS,2645,olimpbase
1972,7,4,"Polugaevsky, Lev",URS,2645,olimpbase
1972,7,5,"Portisch, Lajos",HUN,2640,olimpbase
1972,7,6,"Korchnoi, Viktor",URS,2640,olimpbase
1972,7,7,"Botvinnik, Mikhail",URS,2630,olimpbase
1972,7,8,"Karpov, Anatoly",URS,2630,olimpbase
1972,7,9,"Larsen, Bent",DEN,2625,olimpbase
1972,7,10,"Tal, Mikhail N.",URS,2625,olimpbase
1972,7,11,"Smyslov, Vassily",URS,2620,olimpbase
1972,7,12,"Stein, Leonid",URS,2620,olimpbase
1972,7,13,"Hort, Vlastimil",CSR,2600,olimpbase
1972,7,14,"Keres, Paul",URS,2600,olimpbase
1972,7,15,"Savon, Vladimir A.",URS,2595,olimpbase
1972,7,16,"Huebner, Robert",GER,2590,olimpbase
1972,7,17,"Geller, Efim P.",URS,2590,olimpbase
1972,7,18,"Taimanov, Mark E.",URS,2590,olimpbase
1972,7,19,"Bronstein, David I.",URS,2585,olimpbase
1972,7,20,"Vasiukov, Evgeni",URS,2575,olimpbase
1972,7,21,"Gligoric, Svetozar",YUG,2575,olimpbase
1972,7,22,"Panno, Oscar",ARG,2570,olimpbase
1972,7,23,"Mecking, Henrique",BRA,2570,olimpbase
1972,7,24,"Olafsson, Fridrik",ISL,2570,olimpbase
1972,7,25,"Reshevsky, Samuel H.",USA,2565,olimpbase
1972,7,26,"Balashov, Yuri S.",URS,2560,olimpbase
1972,7,27,"Gipslis, Aivars",URS,2560,olimpbase
1972,7,28,"Krogius, Nikolai V.",URS,2560,olimpbase
1972,7,29,"Tukmakov, Vladimir B.",URS,2560,olimpbase
1972,7,30,"Byrne, Robert E.",USA,2560,olimpbase
1972,7,31,"Szabo, Laszlo",HUN,2555,olimpbase
1972,7,32,"Kavalek, Lubomir",USA,2555,olimpbase
1972,7,33,"Schmid, Lothar",GER,2550,olimpbase
1972,7,34,"Averbakh, Yuri L.",URS,2550,olimpbase
1972,7,35,"Kholmov, Ratmir D.",URS,2550,olimpbase
1972,7,36,"Suetin, Alexey S.",URS,2550,olimpbase
1972,7,37,"Ljubojevic, Ljubomir",YUG,2550,olimpbase
1972,7,38,"Smejkal, Jan",CSR,2545,olimpbase
1972,7,39,"Pfleger, Helmut",GER,2545,olimpbase
1972,7,40,"Lutikov, Anatoly S.",URS,2545,olimpbase
1972,7,41,"Evans, Larry M.",USA,2545,olimpbase
1972,7,42,"Najdorf, Miguel",ARG,2540,olimpbase
1972,7,43,"Darga, Klaus",GER,2540,olimpbase
1972,7,44,"Liberzon, Vladimir M.",URS,2540,olimpbase
1972,7,45,"Andersson, Ulf",SWE,2535,olimpbase
1972,7,46,"Shamkovich, Leonid",URS,2535,olimpbase
1972,7,47,"Sanguinetti, Raul",ARG,2530,olimpbase
1972,7,48,"Browne, Walter S.",AUS,2530,olimpbase
1972,7,49,"Uhlmann, Wolfgang",GDR,2530,olimpbase
1972,7,50,"Unzicker, Wolfgang",GER,2530,olimpbase
1972,7,51,"Boleslavsky, Isaak",URS,2530,olimpbase
1972,7,52,"Lein, Anatoly",URS,2530,olimpbase
1972,7,53,"Gufeld, Eduard",URS,2525,olimpbase
1972,7,54,"Matulovic, Milan",YUG,2525,olimpbase
1972,7,55,"Gheorghiu, Florin",ROM,2520,olimpbase
1972,7,56,"Furman, Semyen A.",URS,2520,olimpbase
1972,7,57,"Gurgenidze, Bukhuti",URS,2520,olimpbase
1972,7,58,"Kuzmin, Gennadi P.",URS,2520,olimpbase
1972,7,59,"Lombardy, William J.",USA,2520,olimpbase
1972,7,60,"Ivkov, Borislav",YUG,2520,olimpbase
1972,7,61,"Planinc, Albin",YUG,2520,olimpbase
1972,7,62,"Bagirov, Vladimir",URS,2515,olimpbase
1972,7,63,"Platonov, Igor V.",URS,2515,olimpbase
1972,7,64,"Benko, Pal C.",USA,2515,olimpbase
1972,7,65,"Matanovic, Aleksandar",YUG,2515,olimpbase
1972,7,66,"Filip, Miroslav",CSR,2510,olimpbase
1972,7,67,"Pachman, Ludek",CSR,2510,olimpbase
1972,7,68,"Antoshin, Vladimir S.",URS,2510,olimpbase
1972,7,69,"Osnos, Viatcheslav",URS,2510,olimpbase
1972,7,70,"Vaganian, Rafael A.",URS,2510,olimpbase
1972,7,71,"Zaitsev, Igor A.",URS,2510,olimpbase
1972,7,72,"Parma, Bruno",YUG,2510,olimpbase
1972,7,73,"Ribli, Zoltan",HUN,2505,olimpbase
1972,7,74,"Bolbochan, Julio",ARG,2500,olimpbase
1972,7,75,"Dzindzikhashvili, Roman",URS,2500,olimpbase
1972,7,76,"Velimirovic, Dragoljub",YUG,2500,olimpbase
1972,7,77,"Forintos, Gyozo V.",HUN,2495,olimpbase
1972,7,78,"Radulov, Ivan",BUL,2490,olimpbase
1972,7,79,"Hamann, Svend",DEN,2490,olimpbase
1972,7,80,"Malich, Burkhard",GDR,2490,olimpbase
1972,7,81,"Averkin, Orest N.",URS,2490,olimpbase
1972,7,82,"Dementiev, Oleg I.",URS,2490,olimpbase
1972,7,83,"Dvoretzky, Mark",URS,2490,olimpbase
1972,7,84,"Grigorian, Levon A.",URS,2490,olimpbase
1972,7,85,"Razuvaev, Yuri S.",URS,2490,olimpbase
1972,7,86,"Sakharov, Yuri N.",URS,2490,olimpbase
1972,7,87,"Zhidkov, Valery S.",URS,2490,olimpbase
1972,7,88,"Addison, Wiliam G.",USA,2490,olimpbase
1972,7,89,"Hecht, Hans-Joachim",GER,2485,olimpbase
1972,7,90,"Bilek, Istvan",HUN,2485,olimpbase
1972,7,91,"Csom, Istvan",HUN,2485,olimpbase
1972,7,92,"Kapengut, Albert Z.",URS,2485,olimpbase
1972,7,93,"Nei, Iivo",URS,2485,olimpbase
1972,7,94,"Podgaets, Mikhail",URS,2485,olimpbase
1972,7,95,"Jansa, Vlastimil",CSR,2480,olimpbase
1972,7,96,"Dely, Peter",HUN,2480,olimpbase
1972,7,97,"Sigurjonsson, Gudmundur",ISL,2480,olimpbase
1972,7,98,"Ree, Hans",NED,2480,olimpbase
1972,7,99,"Timman, Jan H.",NED,2480,olimpbase
1972,7,100,"Nikolaevsky, Yuri V.",URS,2480,olimpbase
1973,7,1,"Fischer, Robert James",USA,2780,olimpbase
1973,7,2,"Karpov, Anatoly",URS,2660,olimpbase
1973,7,3,"Tal, Mikhail N.",URS,2660,olimpbase
1973,7,4,"Spassky, Boris V.",URS,2655,olimpbase
1973,7,5,"Portisch, Lajos",HUN,2650,olimpbase
1973,7,6,"Korchnoi, Viktor",URS,2650,olimpbase
1973,7,7,"Petrosian, Tigran",URS,2640,olimpbase
1973,7,8,"Botvinnik, Mikhail",URS,2630,olimpbase
1973,7,9,"Polugaevsky, Lev",URS,2625,olimpbase
1973,7,10,"Larsen, Bent",DEN,2620,olimpbase
1973,7,11,"Smyslov, Vassily",URS,2610,olimpbase
1973,7,12,"Geller, Efim P.",URS,2605,olimpbase
1973,7,13,"Stein, Leonid",URS,2605,olimpbase
1973,7,14,"Byrne, Robert E.",USA,2605,olimpbase
1973,7,15,"Huebner, Robert",GER,2600,olimpbase
1973,7,16,"Smejkal, Jan",CSR,2595,olimpbase
1973,7,17,"Gligoric, Svetozar",YUG,2595,olimpbase
1973,7,18,"Hort, Vlastimil",CSR,2590,olimpbase
1973,7,19,"Panno, Oscar",ARG,2585,olimpbase
1973,7,20,"Taimanov, Mark E.",URS,2585,olimpbase
1973,7,21,"Balashov, Yuri S.",URS,2580,olimpbase
1973,7,22,"Keres, Paul",URS,2580,olimpbase
1973,7,23,"Mecking, Henrique",BRA,2575,olimpbase
1973,7,24,"Kuzmin, Gennadi P.",URS,2575,olimpbase
1973,7,25,"Savon, Vladimir A.",URS,2575,olimpbase
1973,7,26,"Olafsson, Fridrik",ISL,2570,olimpbase
1973,7,27,"Bronstein, David I.",URS,2570,olimpbase
1973,7,28,"Szabo, Laszlo",HUN,2565,olimpbase
1973,7,29,"Kavalek, Lubomir",USA,2565,olimpbase
1973,7,30,"Ljubojevic, Ljubomir",YUG,2565,olimpbase
1973,7,31,"Uhlmann, Wolfgang",GDR,2560,olimpbase
1973,7,32,"Krogius, Nikolai V.",URS,2560,olimpbase
1973,7,33,"Vasiukov, Evgeni",URS,2560,olimpbase
1973,7,34,"Reshevsky, Samuel H.",USA,2560,olimpbase
1973,7,35,"Andersson, Ulf",SWE,2555,olimpbase
1973,7,36,"Schmid, Lothar",GER,2550,olimpbase
1973,7,37,"Gheorghiu, Florin",ROM,2550,olimpbase
1973,7,38,"Averbakh, Yuri L.",URS,2545,olimpbase
1973,7,39,"Lein, Anatoly",URS,2545,olimpbase
1973,7,40,"Tukmakov, Vladimir B.",URS,2545,olimpbase
1973,7,41,"Csom, Istvan",HUN,2540,olimpbase
1973,7,42,"Furman, Semyen A.",URS,2540,olimpbase
1973,7,43,"Gipslis, Aivars",URS,2540,olimpbase
1973,7,44,"Shamkovich, Leonid",URS,2540,olimpbase
1973,7,45,"Unzicker, Wolfgang",GER,2535,olimpbase
1973,7,46,"Evans, Larry M.",USA,2535,olimpbase
1973,7,47,"Radulov, Ivan",BUL,2530,olimpbase
1973,7,48,"Boleslavsky, Isaak",URS,2530,olimpbase
1973,7,49,"Benko, Pal C.",USA,2530,olimpbase
1973,7,50,"Browne, Walter S.",USA,2530,olimpbase
1973,7,51,"Najdorf, Miguel",ARG,2525,olimpbase
1973,7,52,"Ribli, Zoltan",HUN,2525,olimpbase
1973,7,53,"Mukhin, Mikhail A.",URS,2525,olimpbase
1973,7,54,"Matulovic, Milan",YUG,2525,olimpbase
1973,7,55,"Planinc, Albin",YUG,2525,olimpbase
1973,7,56,"Quinteros, Miguel A.",ARG,2520,olimpbase
1973,7,57,"Pfleger, Helmut",GER,2520,olimpbase
1973,7,58,"Bagirov, Vladimir",URS,2520,olimpbase
1973,7,59,"Dzindzikhashvili, Roman",URS,2520,olimpbase
1973,7,60,"Kholmov, Ratmir D.",URS,2520,olimpbase
1973,7,61,"Lutikov, Anatoly S.",URS,2520,olimpbase
1973,7,62,"Tseshkovsky, Vitaly",URS,2520,olimpbase
1973,7,63,"Lombardy, William J.",USA,2520,olimpbase
1973,7,64,"Ivkov, Borislav",YUG,2520,olimpbase
1973,7,65,"Pachman, Ludek",CSR,2515,olimpbase
1973,7,66,"Adorjan, Andras",HUN,2515,olimpbase
1973,7,67,"Antoshin, Vladimir S.",URS,2515,olimpbase
1973,7,68,"Liberzon, Vladimir M.",URS,2515,olimpbase
1973,7,69,"Suetin, Alexey S.",URS,2515,olimpbase
1973,7,70,"Gurgenidze, Bukhuti",URS,2510,olimpbase
1973,7,71,"Osnos, Viatcheslav",URS,2510,olimpbase
1973,7,72,"Razuvaev, Yuri S.",URS,2510,olimpbase
1973,7,73,"Velimirovic, Dragoljub",YUG,2510,olimpbase
1973,7,74,"Hecht, Hans-Joachim",GER,2505,olimpbase
1973,7,75,"Bolbochan, Julio",ARG,2500,olimpbase
1973,7,76,"Darga, Klaus",GER,2500,olimpbase
1973,7,77,"Bilek, Istvan",HUN,2500,olimpbase
1973,7,78,"Gufeld, Eduard",URS,2500,olimpbase
1973,7,79,"Platonov, Igor V.",URS,2500,olimpbase
1973,7,80,"Vaganian, Rafael A.",URS,2500,olimpbase
1973,7,81,"Parma, Bruno",YUG,2500,olimpbase
1973,7,82,"Diez Del Corral, Jesus",ESP,2495,olimpbase
1973,7,83,"Malich, Burkhard",GDR,2495,olimpbase
1973,7,84,"Nei, Iivo",URS,2495,olimpbase
1973,7,85,"Zhidkov, Valery S.",URS,2495,olimpbase
1973,7,86,"Padevsky, Nikola",BUL,2490,olimpbase
1973,7,87,"Filip, Miroslav",CSR,2490,olimpbase
1973,7,88,"Grigorian, Levon A.",URS,2490,olimpbase
1973,7,89,"Kapengut, Albert Z.",URS,2490,olimpbase
1973,7,90,"Kochyev, Alexander",URS,2490,olimpbase
1973,7,91,"Sakharov, Yuri N.",URS,2490,olimpbase
1973,7,92,"Addison, Wiliam G.",USA,2490,olimpbase
1973,7,93,"Matanovic, Aleksandar",YUG,2490,olimpbase
1973,7,94,"Suttles, Duncan",CAN,2485,olimpbase
1973,7,95,"Liebert, Heinz",GDR,2485,olimpbase
1973,7,96,"Dvoretzky, Mark",URS,2485,olimpbase
1973,7,97,"Grigorian, Karen A.",URS,2485,olimpbase
1973,7,98,"Rashkovsky, Nukhim N.",URS,2485,olimpbase
1973,7,99,"Kovacevic, Vladimir",YUG,2485,olimpbase
1973,7,100,"Dely, Peter",HUN,2480,olimpbase
1974,5,1,"Fischer, Robert James",USA,2780,olimpbase
1974,5,2,"Karpov, Anatoly",URS,2700,olimpbase
1974,5,3,"Korchnoi, Viktor",URS,2670,olimpbase
1974,5,4,"Spassky, Boris V.",URS,2650,olimpbase
1974,5,5,"Portisch, Lajos",HUN,2645,olimpbase
1974,5,6,"Petrosian, Tigran",URS,2640,olimpbase
1974,5,7,"Tal, Mikhail N.",URS,2635,olimpbase
1974,5,8,"Larsen, Bent",DEN,2630,olimpbase
1974,5,9,"Polugaevsky, Lev",URS,2630,olimpbase
1974,5,10,"Kavalek, Lubomir",USA,2625,olimpbase
1974,5,11,"Mecking, Henrique",BRA,2615,olimpbase
1974,5,12,"Huebner, Robert",GER,2615,olimpbase
1974,5,13,"Geller, Efim P.",URS,2610,olimpbase
1974,5,14,"Ljubojevic, Ljubomir",YUG,2605,olimpbase
1974,5,15,"Hort, Vlastimil",CSR,2600,olimpbase
1974,5,16,"Smejkal, Jan",CSR,2600,olimpbase
1974,5,17,"Kuzmin, Gennadi P.",URS,2600,olimpbase
1974,5,18,"Smyslov, Vassily",URS,2600,olimpbase
1974,5,19,"Bronstein, David I.",URS,2595,olimpbase
1974,5,20,"Byrne, Robert E.",USA,2595,olimpbase
1974,5,21,"Gligoric, Svetozar",YUG,2585,olimpbase
1974,5,22,"Andersson, Ulf",SWE,2580,olimpbase
1974,5,23,"Taimanov, Mark E.",URS,2580,olimpbase
1974,5,24,"Savon, Vladimir A.",URS,2575,olimpbase
1974,5,25,"Browne, Walter S.",USA,2575,olimpbase
1974,5,26,"Krogius, Nikolai V.",URS,2570,olimpbase
1974,5,27,"Tukmakov, Vladimir B.",URS,2570,olimpbase
1974,5,28,"Keres, Paul",URS,2565,olimpbase
1974,5,29,"Furman, Semyen A.",URS,2560,olimpbase
1974,5,30,"Vasiukov, Evgeni",URS,2560,olimpbase
1974,5,31,"Szabo, Laszlo",HUN,2555,olimpbase
1974,5,32,"Uhlmann, Wolfgang",GDR,2550,olimpbase
1974,5,33,"Schmid, Lothar",GER,2550,olimpbase
1974,5,34,"Olafsson, Fridrik",ISL,2550,olimpbase
1974,5,35,"Reshevsky, Samuel H.",USA,2550,olimpbase
1974,5,36,"Kholmov, Ratmir D.",URS,2545,olimpbase
1974,5,37,"Lutikov, Anatoly S.",URS,2545,olimpbase
1974,5,38,"Planinc, Albin",YUG,2545,olimpbase
1974,5,39,"Panno, Oscar",ARG,2540,olimpbase
1974,5,40,"Csom, Istvan",HUN,2540,olimpbase
1974,5,41,"Timman, Jan H.",NED,2540,olimpbase
1974,5,42,"Gheorghiu, Florin",ROM,2540,olimpbase
1974,5,43,"Balashov, Yuri S.",URS,2540,olimpbase
1974,5,44,"Lein, Anatoly",URS,2540,olimpbase
1974,5,45,"Vaganian, Rafael A.",URS,2540,olimpbase
1974,5,46,"Jansa, Vlastimil",CSR,2535,olimpbase
1974,5,47,"Pfleger, Helmut",GER,2535,olimpbase
1974,5,48,"Unzicker, Wolfgang",GER,2535,olimpbase
1974,5,49,"Gufeld, Eduard",URS,2535,olimpbase
1974,5,50,"Sanguinetti, Raul",ARG,2530,olimpbase
1974,5,51,"Euwe, Max",NED,2530,olimpbase
1974,5,52,"Boleslavsky, Isaak",URS,2530,olimpbase
1974,5,53,"Gipslis, Aivars",URS,2530,olimpbase
1974,5,54,"Ivkov, Borislav",YUG,2530,olimpbase
1974,5,55,"Matulovic, Milan",YUG,2530,olimpbase
1974,5,56,"Velimirovic, Dragoljub",YUG,2530,olimpbase
1974,5,57,"Ribli, Zoltan",HUN,2525,olimpbase
1974,5,58,"Averbakh, Yuri L.",URS,2525,olimpbase
1974,5,59,"Evans, Larry M.",USA,2525,olimpbase
1974,5,60,"Najdorf, Miguel",ARG,2520,olimpbase
1974,5,61,"Dzindzikhashvili, Roman",URS,2520,olimpbase
1974,5,62,"Grigorian, Karen A.",URS,2520,olimpbase
1974,5,63,"Razuvaev, Yuri S.",URS,2520,olimpbase
1974,5,64,"Tseshkovsky, Vitaly",URS,2520,olimpbase
1974,5,65,"Lombardy, William J.",USA,2520,olimpbase
1974,5,66,"Diez Del Corral, Jesus",ESP,2515,olimpbase
1974,5,67,"Knaak, Rainer",GDR,2515,olimpbase
1974,5,68,"Malich, Burkhard",GDR,2515,olimpbase
1974,5,69,"Hecht, Hans-Joachim",GER,2515,olimpbase
1974,5,70,"Adorjan, Andras",HUN,2515,olimpbase
1974,5,71,"Antoshin, Vladimir S.",URS,2515,olimpbase
1974,5,72,"Liberzon, Vladimir M.",URS,2515,olimpbase
1974,5,73,"Pachman, Ludek",CSR,2510,olimpbase
1974,5,74,"Rashkovsky, Nukhim N.",URS,2510,olimpbase
1974,5,75,"Benko, Pal C.",USA,2510,olimpbase
1974,5,76,"Kurajica, Bojan",YUG,2510,olimpbase
1974,5,77,"Parma, Bruno",YUG,2510,olimpbase
1974,5,78,"Keene, Raymond D.",ENG,2505,olimpbase
1974,5,79,"Sax, Gyula",HUN,2505,olimpbase
1974,5,80,"Suetin, Alexey S.",URS,2505,olimpbase
1974,5,81,"Shamkovich, Leonid",URS,2502,olimpbase
1974,5,82,"Bolbochan, Julio",ARG,2500,olimpbase
1974,5,83,"Darga, Klaus",GER,2500,olimpbase
1974,5,84,"Schmidt, Wlodzimierz",POL,2500,olimpbase
1974,5,85,"Bagirov, Vladimir",URS,2500,olimpbase
1974,5,86,"Gurgenidze, Bukhuti",URS,2500,olimpbase
1974,5,87,"Kotov, Alexander",URS,2500,olimpbase
1974,5,88,"Quinteros, Miguel A.",ARG,2495,olimpbase
1974,5,89,"Filip, Miroslav",CSR,2495,olimpbase
1974,5,90,"Donner, Jan-Hein",NED,2495,olimpbase
1974,5,91,"Dvoretzky, Mark",URS,2495,olimpbase
1974,5,92,"Klovans, Janis",URS,2495,olimpbase
1974,5,93,"Korensky, Valeri S.",URS,2495,olimpbase
1974,5,94,"Nei, Iivo",URS,2495,olimpbase
1974,5,95,"Radulov, Ivan",BUL,2490,olimpbase
1974,5,96,"Hamann, Svend",DEN,2490,olimpbase
1974,5,97,"Espig, Lutz",GDR,2490,olimpbase
1974,5,98,"Forintos, Gyozo V.",HUN,2490,olimpbase
1974,5,99,"Kochyev, Alexander",URS,2490,olimpbase
1974,5,100,"Osnos, Viatcheslav",URS,2490,olimpbase
1975,1,1,"Fischer, Robert James",USA,2780,olimpbase
1975,1,2,"Karpov, Anatoly",URS,2705,olimpbase
1975,1,3,"Korchnoi, Viktor",URS,2665,olimpbase
1975,1,4,"Petrosian, Tigran",URS,2645,olimpbase
1975,1,5,"Polugaevsky, Lev",URS,2645,olimpbase
1975,1,6,"Tal, Mikhail N.",URS,2645,olimpbase
1975,1,7,"Portisch, Lajos",HUN,2635,olimpbase
1975,1,8,"Larsen, Bent",DEN,2625,olimpbase
1975,1,9,"Spassky, Boris V.",URS,2625,olimpbase
1975,1,10,"Huebner, Robert",GER,2615,olimpbase
1975,1,11,"Ljubojevic, Ljubomir",YUG,2615,olimpbase
1975,1,12,"Mecking, Henrique",BRA,2610,olimpbase
1975,1,13,"Smyslov, Vassily",URS,2605,olimpbase
1975,1,14,"Hort, Vlastimil",CSR,2600,olimpbase
1975,1,15,"Smejkal, Jan",CSR,2600,olimpbase
1975,1,16,"Geller, Efim P.",URS,2600,olimpbase
1975,1,17,"Kuzmin, Gennadi P.",URS,2600,olimpbase
1975,1,18,"Byrne, Robert E.",USA,2600,olimpbase
1975,1,19,"Bronstein, David I.",URS,2590,olimpbase
1975,1,20,"Taimanov, Mark E.",URS,2580,olimpbase
1975,1,21,"Savon, Vladimir A.",URS,2575,olimpbase
1975,1,22,"Gligoric, Svetozar",YUG,2575,olimpbase
1975,1,23,"Krogius, Nikolai V.",URS,2570,olimpbase
1975,1,24,"Tukmakov, Vladimir B.",URS,2570,olimpbase
1975,1,25,"Andersson, Ulf",SWE,2565,olimpbase
1975,1,26,"Keres, Paul",URS,2565,olimpbase
1975,1,27,"Furman, Semyen A.",URS,2560,olimpbase
1975,1,28,"Vasiukov, Evgeni",URS,2560,olimpbase
1975,1,29,"Tseshkovsky, Vitaly",URS,2555,olimpbase
1975,1,30,"Kavalek, Lubomir",USA,2555,olimpbase
1975,1,31,"Browne, Walter S.",USA,2550,olimpbase
1975,1,32,"Ivkov, Borislav",YUG,2550,olimpbase
1975,1,33,"Panno, Oscar",ARG,2545,olimpbase
1975,1,34,"Szabo, Laszlo",HUN,2545,olimpbase
1975,1,35,"Lutikov, Anatoly S.",URS,2545,olimpbase
1975,1,36,"Jansa, Vlastimil",CSR,2540,olimpbase
1975,1,37,"Pfleger, Helmut",GER,2540,olimpbase
1975,1,38,"Schmid, Lothar",GER,2540,olimpbase
1975,1,39,"Gheorghiu, Florin",ROM,2540,olimpbase
1975,1,40,"Balashov, Yuri S.",URS,2540,olimpbase
1975,1,41,"Kholmov, Ratmir D.",URS,2540,olimpbase
1975,1,42,"Uhlmann, Wolfgang",GDR,2535,olimpbase
1975,1,43,"Unzicker, Wolfgang",GER,2535,olimpbase
1975,1,44,"Olafsson, Fridrik",ISL,2535,olimpbase
1975,1,45,"Gufeld, Eduard",URS,2535,olimpbase
1975,1,46,"Lein, Anatoly",URS,2535,olimpbase
1975,1,47,"Planinc, Albin",YUG,2535,olimpbase
1975,1,48,"Sanguinetti, Raul",ARG,2530,olimpbase
1975,1,49,"Csom, Istvan",HUN,2530,olimpbase
1975,1,50,"Boleslavsky, Isaak",URS,2530,olimpbase
1975,1,51,"Gipslis, Aivars",URS,2530,olimpbase
1975,1,52,"Vaganian, Rafael A.",URS,2530,olimpbase
1975,1,53,"Evans, Larry M.",USA,2530,olimpbase
1975,1,54,"Reshevsky, Samuel H.",USA,2530,olimpbase
1975,1,55,"Matulovic, Milan",YUG,2530,olimpbase
1975,1,56,"Dzindzikhashvili, Roman",URS,2525,olimpbase
1975,1,57,"Kurajica, Bojan",YUG,2525,olimpbase
1975,1,58,"Velimirovic, Dragoljub",YUG,2525,olimpbase
1975,1,59,"Malich, Burkhard",GDR,2520,olimpbase
1975,1,60,"Ribli, Zoltan",HUN,2520,olimpbase
1975,1,61,"Grigorian, Karen A.",URS,2520,olimpbase
1975,1,62,"Suetin, Alexey S.",URS,2520,olimpbase
1975,1,63,"Diez Del Corral, Jesus",ESP,2515,olimpbase
1975,1,64,"Adorjan, Andras",HUN,2515,olimpbase
1975,1,65,"Torre, Eugenio",PHI,2515,olimpbase
1975,1,66,"Averbakh, Yuri L.",URS,2515,olimpbase
1975,1,67,"Rashkovsky, Nukhim N.",URS,2515,olimpbase
1975,1,68,"Razuvaev, Yuri S.",URS,2515,olimpbase
1975,1,69,"Benko, Pal C.",USA,2515,olimpbase
1975,1,70,"Lombardy, William J.",USA,2515,olimpbase
1975,1,71,"Najdorf, Miguel",ARG,2510,olimpbase
1975,1,72,"Radulov, Ivan",BUL,2510,olimpbase
1975,1,73,"Knaak, Rainer",GDR,2510,olimpbase
1975,1,74,"Pachman, Ludek",GER,2510,olimpbase
1975,1,75,"Sax, Gyula",HUN,2510,olimpbase
1975,1,76,"Timman, Jan H.",NED,2510,olimpbase
1975,1,77,"Parma, Bruno",YUG,2510,olimpbase
1975,1,78,"Quinteros, Miguel A.",ARG,2505,olimpbase
1975,1,79,"Keene, Raymond D.",ENG,2505,olimpbase
1975,1,80,"Shamkovich, Leonid",ISR,2505,olimpbase
1975,1,81,"Darga, Klaus",GER,2500,olimpbase
1975,1,82,"Beliavsky, Alexander G.",URS,2500,olimpbase
1975,1,83,"Klovans, Janis",URS,2500,olimpbase
1975,1,84,"Kotov, Alexander",URS,2500,olimpbase
1975,1,85,"Podgaets, Mikhail",URS,2500,olimpbase
1975,1,86,"Bilek, Istvan",HUN,2495,olimpbase
1975,1,87,"Mariotti, Sergio",ITA,2495,olimpbase
1975,1,88,"Antoshin, Vladimir S.",URS,2495,olimpbase
1975,1,89,"Dvoretzky, Mark",URS,2495,olimpbase
1975,1,90,"Gurgenidze, Bukhuti",URS,2495,olimpbase
1975,1,91,"Ney, Iivo",URS,2495,olimpbase
1975,1,92,"Espig, Lutz",GDR,2490,olimpbase
1975,1,93,"Hecht, Hans-Joachim",GER,2490,olimpbase
1975,1,94,"Forintos, Gyozo V.",HUN,2490,olimpbase
1975,1,95,"Bagirov, Vladimir",URS,2490,olimpbase
1975,1,96,"Grigorian, Levon A.",URS,2490,olimpbase
1975,1,97,"Karasev, Vladimir I.",URS,2490,olimpbase
1975,1,98,"Kirpichnikov, Vladimir",URS,2490,olimpbase
1975,1,99,"Osnos, Viatcheslav",URS,2490,olimpbase
1975,1,100,"Tolonen, Leo Toivovich",URS,2490,olimpbase
1976,1,1,"Karpov, Anatoly",URS,2695,olimpbase
1976,1,2,"Korchnoi, Viktor",URS,2670,olimpbase
1976,1,3,"Petrosian, Tigran",URS,2635,olimpbase
1976,1,4,"Polugaevsky, Lev",URS,2635,olimpbase
1976,1,5,"Spassky, Boris V.",URS,2630,olimpbase
1976,1,6,"Larsen, Bent",DEN,2625,olimpbase
1976,1,7,"Portisch, Lajos",HUN,2625,olimpbase
1976,1,8,"Mecking, Henrique",BRA,2620,olimpbase
1976,1,9,"Geller, Efim P.",URS,2620,olimpbase
1976,1,10,"Ljubojevic, Ljubomir",YUG,2620,olimpbase
1976,1,11,"Smejkal, Jan",CSR,2615,olimpbase
1976,1,12,"Tal, Mikhail N.",URS,2615,olimpbase
1976,1,13,"Hort, Vlastimil",CSR,2600,olimpbase
1976,1,14,"Huebner, Robert",GER,2585,olimpbase
1976,1,15,"Andersson, Ulf",SWE,2585,olimpbase
1976,1,16,"Browne, Walter S.",USA,2585,olimpbase
1976,1,17,"Keres, Paul",URS,2580,olimpbase
1976,1,18,"Smyslov, Vassily",URS,2580,olimpbase
1976,1,19,"Vasiukov, Evgeni",URS,2580,olimpbase
1976,1,20,"Ribli, Zoltan",HUN,2575,olimpbase
1976,1,21,"Gligoric, Svetozar",YUG,2575,olimpbase
1976,1,22,"Krogius, Nikolai V.",URS,2570,olimpbase
1976,1,23,"Kuzmin, Gennadi P.",URS,2565,olimpbase
1976,1,24,"Beliavsky, Alexander G.",URS,2560,olimpbase
1976,1,25,"Romanishin, Oleg M.",URS,2560,olimpbase
1976,1,26,"Uhlmann, Wolfgang",GDR,2555,olimpbase
1976,1,27,"Furman, Semyen A.",URS,2555,olimpbase
1976,1,28,"Olafsson, Fridrik",ISL,2550,olimpbase
1976,1,29,"Timman, Jan H.",NED,2550,olimpbase
1976,1,30,"Kholmov, Ratmir D.",URS,2550,olimpbase
1976,1,31,"Tseshkovsky, Vitaly",URS,2550,olimpbase
1976,1,32,"Vaganian, Rafael A.",URS,2550,olimpbase
1976,1,33,"Pfleger, Helmut",GER,2545,olimpbase
1976,1,34,"Balashov, Yuri S.",URS,2545,olimpbase
1976,1,35,"Gufeld, Eduard",URS,2545,olimpbase
1976,1,36,"Savon, Vladimir A.",URS,2545,olimpbase
1976,1,37,"Quinteros, Miguel A.",ARG,2540,olimpbase
1976,1,38,"Liberzon, Vladimir M.",ISR,2540,olimpbase
1976,1,39,"Gheorghiu, Florin",ROM,2540,olimpbase
1976,1,40,"Bronstein, David I.",URS,2540,olimpbase
1976,1,41,"Dvoretzky, Mark",URS,2540,olimpbase
1976,1,42,"Taimanov, Mark E.",URS,2540,olimpbase
1976,1,43,"Byrne, Robert E.",USA,2540,olimpbase
1976,1,44,"Evans, Larry M.",USA,2540,olimpbase
1976,1,45,"Kavalek, Lubomir",USA,2540,olimpbase
1976,1,46,"Gipslis, Aivars",URS,2535,olimpbase
1976,1,47,"Malich, Burkhard",GDR,2530,olimpbase
1976,1,48,"Unzicker, Wolfgang",GER,2530,olimpbase
1976,1,49,"Sax, Gyula",HUN,2530,olimpbase
1976,1,50,"Sigurjonsson, Gudmundur",ISL,2530,olimpbase
1976,1,51,"Averbakh, Yuri L.",URS,2530,olimpbase
1976,1,52,"Chekhov, Valery A.",URS,2530,olimpbase
1976,1,53,"Gulko, Boris F.",URS,2530,olimpbase
1976,1,54,"Szabo, Laszlo",HUN,2525,olimpbase
1976,1,55,"Dzindzikhashvili, Roman",URS,2525,olimpbase
1976,1,56,"Suetin, Alexey S.",URS,2525,olimpbase
1976,1,57,"Kurajica, Bojan",YUG,2525,olimpbase
1976,1,58,"Matanovic, Aleksandar",YUG,2525,olimpbase
1976,1,59,"Velimirovic, Dragoljub",YUG,2525,olimpbase
1976,1,60,"Panno, Oscar",ARG,2520,olimpbase
1976,1,61,"Knaak, Rainer",GDR,2520,olimpbase
1976,1,62,"Pachman, Ludek",GER,2520,olimpbase
1976,1,63,"Schmid, Lothar",GER,2520,olimpbase
1976,1,64,"Alburt, Lev O.",URS,2520,olimpbase
1976,1,65,"Lombardy, William J.",USA,2520,olimpbase
1976,1,66,"Ivkov, Borislav",YUG,2520,olimpbase
1976,1,67,"Radulov, Ivan",BUL,2515,olimpbase
1976,1,68,"Lein, Anatoly",URS,2515,olimpbase
1976,1,69,"Reshevsky, Samuel H.",USA,2515,olimpbase
1976,1,70,"Parma, Bruno",YUG,2515,olimpbase
1976,1,71,"Najdorf, Miguel",ARG,2510,olimpbase
1976,1,72,"Miles, Anthony J.",ENG,2510,olimpbase
1976,1,73,"Adorjan, Andras",HUN,2510,olimpbase
1976,1,74,"Ney, Iivo",URS,2510,olimpbase
1976,1,75,"Sveshnikov, Evgeny",URS,2510,olimpbase
1976,1,76,"Vukic, Milan",YUG,2510,olimpbase
1976,1,77,"Sosonko, Gennadi",NED,2505,olimpbase
1976,1,78,"Torre, Eugenio",PHI,2505,olimpbase
1976,1,79,"Matulovic, Milan",YUG,2505,olimpbase
1976,1,80,"Darga, Klaus",GER,2500,olimpbase
1976,1,81,"Gurgenidze, Bukhuti",URS,2500,olimpbase
1976,1,82,"Kotov, Alexander",URS,2500,olimpbase
1976,1,83,"Lutikov, Anatoly S.",URS,2500,olimpbase
1976,1,84,"Bukic, Enver",YUG,2500,olimpbase
1976,1,85,"Filip, Miroslav",CSR,2495,olimpbase
1976,1,86,"Hecht, Hans-Joachim",GER,2495,olimpbase
1976,1,87,"Karasev, Vladimir I.",URS,2495,olimpbase
1976,1,88,"Makarichev, Sergey",URS,2495,olimpbase
1976,1,89,"Razuvaev, Yuri S.",URS,2495,olimpbase
1976,1,90,"Zhidkov, Valery S.",URS,2495,olimpbase
1976,1,91,"Ostojic, Predrag",YUG,2495,olimpbase
1976,1,92,"Spassov, Liuben",BUL,2490,olimpbase
1976,1,93,"Spiridonov, Nikola",BUL,2490,olimpbase
1976,1,94,"Tringov, Georgi P.",BUL,2490,olimpbase
1976,1,95,"Jansa, Vlastimil",CSR,2490,olimpbase
1976,1,96,"Diez Del Corral, Jesus",ESP,2490,olimpbase
1976,1,97,"Csom, Istvan",HUN,2490,olimpbase
1976,1,98,"Forintos, Gyozo V.",HUN,2490,olimpbase
1976,1,99,"Ogaard, Leif",NOR,2490,olimpbase
1976,1,100,"Bagirov, Vladimir",URS,2490,olimpbase
1977,1,1,"Karpov, Anatoly",URS,2690,olimpbase
1977,1,2,"Korchnoi, Viktor",URS,2645,olimpbase
1977,1,3,"Petrosian, Tigran",URS,2645,olimpbase
1977,1,4,"Mecking, Henrique",BRA,2635,olimpbase
1977,1,5,"Portisch, Lajos",HUN,2625,olimpbase
1977,1,6,"Hort, Vlastimil",CSR,2620,olimpbase
1977,1,7,"Polugaevsky, Lev",URS,2620,olimpbase
1977,1,8,"Tal, Mikhail N.",URS,2620,olimpbase
1977,1,9,"Larsen, Bent",DEN,2615,olimpbase
1977,1,10,"Ljubojevic, Ljubomir",YUG,2615,olimpbase
1977,1,11,"Spassky, Boris V.",URS,2610,olimpbase
1977,1,12,"Huebner, Robert",GER,2600,olimpbase
1977,1,13,"Ribli, Zoltan",HUN,2595,olimpbase
1977,1,14,"Romanishin, Oleg M.",URS,2595,olimpbase
1977,1,15,"Smyslov, Vassily",URS,2595,olimpbase
1977,1,16,"Timman, Jan H.",NED,2590,olimpbase
1977,1,17,"Geller, Efim P.",URS,2590,olimpbase
1977,1,18,"Tseshkovsky, Vitaly",URS,2590,olimpbase
1977,1,19,"Gulko, Boris F.",URS,2585,olimpbase
1977,1,20,"Byrne, Robert E.",USA,2580,olimpbase
1977,1,21,"Smejkal, Jan",CSR,2575,olimpbase
1977,1,22,"Gufeld, Eduard",URS,2570,olimpbase
1977,1,23,"Sax, Gyula",HUN,2565,olimpbase
1977,1,24,"Andersson, Ulf",SWE,2565,olimpbase
1977,1,25,"Balashov, Yuri S.",URS,2565,olimpbase
1977,1,26,"Vasiukov, Evgeni",URS,2565,olimpbase
1977,1,27,"Gligoric, Svetozar",YUG,2565,olimpbase
1977,1,28,"Olafsson, Fridrik",ISL,2560,olimpbase
1977,1,29,"Bronstein, David I.",URS,2560,olimpbase
1977,1,30,"Quinteros, Miguel A.",ARG,2555,olimpbase
1977,1,31,"Miles, Anthony J.",ENG,2555,olimpbase
1977,1,32,"Uhlmann, Wolfgang",GDR,2555,olimpbase
1977,1,33,"Beliavsky, Alexander G.",URS,2555,olimpbase
1977,1,34,"Kholmov, Ratmir D.",URS,2555,olimpbase
1977,1,35,"Evans, Larry M.",USA,2555,olimpbase
1977,1,36,"Panno, Oscar",ARG,2550,olimpbase
1977,1,37,"Liberzon, Vladimir M.",ISR,2550,olimpbase
1977,1,38,"Torre, Eugenio",PHI,2550,olimpbase
1977,1,39,"Kuzmin, Gennadi P.",URS,2550,olimpbase
1977,1,40,"Gheorghiu, Florin",ROM,2545,olimpbase
1977,1,41,"Krogius, Nikolai V.",URS,2545,olimpbase
1977,1,42,"Vaganian, Rafael A.",URS,2545,olimpbase
1977,1,43,"Browne, Walter S.",USA,2545,olimpbase
1977,1,44,"Kavalek, Lubomir",USA,2545,olimpbase
1977,1,45,"Pfleger, Helmut",GER,2540,olimpbase
1977,1,46,"Lutikov, Anatoly S.",URS,2540,olimpbase
1977,1,47,"Savon, Vladimir A.",URS,2540,olimpbase
1977,1,48,"Tukmakov, Vladimir B.",URS,2540,olimpbase
1977,1,49,"Malich, Burkhard",GDR,2535,olimpbase
1977,1,50,"Csom, Istvan",HUN,2535,olimpbase
1977,1,51,"Dzindzichashvili, Roman",ISR,2535,olimpbase
1977,1,52,"Furman, Semyen A.",URS,2535,olimpbase
1977,1,53,"Gipslis, Aivars",URS,2535,olimpbase
1977,1,54,"Adorjan, Andras",HUN,2530,olimpbase
1977,1,55,"Szabo, Laszlo",HUN,2530,olimpbase
1977,1,56,"Sosonko, Gennadi",NED,2530,olimpbase
1977,1,57,"Taimanov, Mark E.",URS,2530,olimpbase
1977,1,58,"Lombardy, William J.",USA,2530,olimpbase
1977,1,59,"Kurajica, Bojan",YUG,2530,olimpbase
1977,1,60,"Parma, Bruno",YUG,2530,olimpbase
1977,1,61,"Lein, Anatoly",---,2525,olimpbase
1977,1,62,"Najdorf, Miguel",ARG,2525,olimpbase
1977,1,63,"Unzicker, Wolfgang",GER,2525,olimpbase
1977,1,64,"Dvoretzky, Mark",URS,2525,olimpbase
1977,1,65,"Suetin, Alexey S.",URS,2525,olimpbase
1977,1,66,"Hulak, Krunoslav",YUG,2525,olimpbase
1977,1,67,"Velimirovic, Dragoljub",YUG,2525,olimpbase
1977,1,68,"Schmid, Lothar",GER,2520,olimpbase
1977,1,69,"Sigurjonsson, Gudmundur",ISL,2520,olimpbase
1977,1,70,"Averbakh, Yuri L.",URS,2520,olimpbase
1977,1,71,"Chekhov, Valery A.",URS,2520,olimpbase
1977,1,72,"Sveshnikov, Evgeny",URS,2520,olimpbase
1977,1,73,"Rogoff, Kenneth S.",USA,2520,olimpbase
1977,1,74,"Karasev, Vladimir I.",URS,2515,olimpbase
1977,1,75,"Makarichev, Sergey",URS,2515,olimpbase
1977,1,76,"Keene, Raymond D.",ENG,2510,olimpbase
1977,1,77,"Darga, Klaus",GER,2510,olimpbase
1977,1,78,"Gurgenidze, Bukhuti",URS,2510,olimpbase
1977,1,79,"Ney, Iivo",URS,2510,olimpbase
1977,1,80,"Rashkovsky, Nukhim N.",URS,2510,olimpbase
1977,1,81,"Razuvaev, Yuri S.",URS,2510,olimpbase
1977,1,82,"Ivkov, Borislav",YUG,2510,olimpbase
1977,1,83,"Matulovic, Milan",YUG,2510,olimpbase
1977,1,84,"Sanguinetti, Raul",ARG,2505,olimpbase
1977,1,85,"Alburt, Lev O.",URS,2505,olimpbase
1977,1,86,"Timoshchenko, Gennadi A.",URS,2505,olimpbase
1977,1,87,"Matanovic, Aleksandar",YUG,2505,olimpbase
1977,1,88,"Radulov, Ivan",BUL,2500,olimpbase
1977,1,89,"Filip, Miroslav",CSR,2500,olimpbase
1977,1,90,"Knaak, Rainer",GDR,2500,olimpbase
1977,1,91,"Farago, Ivan",HUN,2500,olimpbase
1977,1,92,"Kotov, Alexander",URS,2500,olimpbase
1977,1,93,"Knezevic, Milorad",YUG,2500,olimpbase
1977,1,94,"Tringov, Georgi P.",BUL,2495,olimpbase
1977,1,95,"Vogt, Lothar",GDR,2495,olimpbase
1977,1,96,"Vadasz, Laszlo",HUN,2495,olimpbase
1977,1,97,"Zaitsev, Igor A.",URS,2495,olimpbase
1977,1,98,"Zhidkov, Valery S.",URS,2495,olimpbase
1977,1,99,"Tarjan, James E.",USA,2495,olimpbase
1977,1,100,"Kovacevic, Vladimir",YUG,2495,olimpbase
1978,1,1,"Karpov, Anatoly",URS,2725,olimpbase
1978,1,2,"Korchnoi, Viktor",---,2665,olimpbase
1978,1,3,"Mecking, Henrique",BRA,2630,olimpbase
1978,1,4,"Portisch, Lajos",HUN,2630,olimpbase
1978,1,5,"Spassky, Boris V.",URS,2630,olimpbase
1978,1,6,"Tal, Mikhail N.",URS,2625,olimpbase
1978,1,7,"Hort, Vlastimil",CSR,2620,olimpbase
1978,1,8,"Larsen, Bent",DEN,2620,olimpbase
1978,1,9,"Petrosian, Tigran",URS,2620,olimpbase
1978,1,10,"Polugaevsky, Lev",URS,2620,olimpbase
1978,1,11,"Romanishin, Oleg M.",URS,2610,olimpbase
1978,1,12,"Ljubojevic, Ljubomir",YUG,2605,olimpbase
1978,1,13,"Huebner, Robert",GER,2595,olimpbase
1978,1,14,"Balashov, Yuri S.",URS,2590,olimpbase
1978,1,15,"Geller, Efim P.",URS,2590,olimpbase
1978,1,16,"Ribli, Zoltan",HUN,2585,olimpbase
1978,1,17,"Timman, Jan H.",NED,2585,olimpbase
1978,1,18,"Panno, Oscar",ARG,2580,olimpbase
1978,1,19,"Uhlmann, Wolfgang",GDR,2575,olimpbase
1978,1,20,"Sosonko, Gennadi",NED,2575,olimpbase
1978,1,21,"Smyslov, Vassily",URS,2575,olimpbase
1978,1,22,"Bronstein, David I.",URS,2570,olimpbase
1978,1,23,"Tukmakov, Vladimir B.",URS,2570,olimpbase
1978,1,24,"Kavalek, Lubomir",USA,2570,olimpbase
1978,1,25,"Miles, Anthony J.",ENG,2565,olimpbase
1978,1,26,"Gulko, Boris F.",URS,2565,olimpbase
1978,1,27,"Sveshnikov, Evgeny",URS,2565,olimpbase
1978,1,28,"Gligoric, Svetozar",YUG,2565,olimpbase
1978,1,29,"Kuzmin, Gennadi P.",URS,2560,olimpbase
1978,1,30,"Valvo, Michael J.",USA,2560,olimpbase
1978,1,31,"Smejkal, Jan",CSR,2555,olimpbase
1978,1,32,"Liberzon, Vladimir M.",ISR,2555,olimpbase
1978,1,33,"Kochyev, Alexander",URS,2555,olimpbase
1978,1,34,"Vaganian, Rafael A.",URS,2555,olimpbase
1978,1,35,"Vasiukov, Evgeni",URS,2555,olimpbase
1978,1,36,"Sax, Gyula",HUN,2550,olimpbase
1978,1,37,"Dzindzichashvili, Roman",ISR,2550,olimpbase
1978,1,38,"Dorfman, Josif D.",URS,2550,olimpbase
1978,1,39,"Kholmov, Ratmir D.",URS,2550,olimpbase
1978,1,40,"Krogius, Nikolai V.",URS,2550,olimpbase
1978,1,41,"Savon, Vladimir A.",URS,2550,olimpbase
1978,1,42,"Tseshkovsky, Vitaly",URS,2550,olimpbase
1978,1,43,"Browne, Walter S.",USA,2550,olimpbase
1978,1,44,"Byrne, Robert E.",USA,2550,olimpbase
1978,1,45,"Andersson, Ulf",SWE,2545,olimpbase
1978,1,46,"Gipslis, Aivars",URS,2540,olimpbase
1978,1,47,"Lutikov, Anatoly S.",URS,2540,olimpbase
1978,1,48,"Lombardy, William J.",USA,2540,olimpbase
1978,1,49,"Parma, Bruno",YUG,2540,olimpbase
1978,1,50,"Garcia Gonzales, Guillermo",CUB,2535,olimpbase
1978,1,51,"Malich, Burkhard",GDR,2535,olimpbase
1978,1,52,"Giorgadze, Tamaz",URS,2535,olimpbase
1978,1,53,"Suetin, Alexey S.",URS,2535,olimpbase
1978,1,54,"Pfleger, Helmut",GER,2530,olimpbase
1978,1,55,"Olafsson, Fridrik",ISL,2530,olimpbase
1978,1,56,"Beliavsky, Alexander G.",URS,2530,olimpbase
1978,1,57,"Kupreichik, Viktor D.",URS,2530,olimpbase
1978,1,58,"Timoshchenko, Gennadi A.",URS,2530,olimpbase
1978,1,59,"Evans, Larry M.",USA,2530,olimpbase
1978,1,60,"Goichberg, William",USA,2530,olimpbase
1978,1,61,"Kurajica, Bojan",YUG,2530,olimpbase
1978,1,62,"Najdorf, Miguel",ARG,2525,olimpbase
1978,1,63,"Unzicker, Wolfgang",GER,2525,olimpbase
1978,1,64,"Dvoretzky, Mark",URS,2525,olimpbase
1978,1,65,"Furman, Semyen A.",URS,2525,olimpbase
1978,1,66,"Gufeld, Eduard",URS,2525,olimpbase
1978,1,67,"Hulak, Krunoslav",YUG,2525,olimpbase
1978,1,68,"Matulovic, Milan",YUG,2525,olimpbase
1978,1,69,"Ermenkov, Evgenij",BUL,2520,olimpbase
1978,1,70,"Knaak, Rainer",GDR,2520,olimpbase
1978,1,71,"Vogt, Lothar",GDR,2520,olimpbase
1978,1,72,"Schmid, Lothar",GER,2520,olimpbase
1978,1,73,"Gheorghiu, Florin",ROM,2520,olimpbase
1978,1,74,"Averbakh, Yuri L.",URS,2520,olimpbase
1978,1,75,"Zhidkov, Valery S.",URS,2520,olimpbase
1978,1,76,"Rogoff, Kenneth S.",USA,2520,olimpbase
1978,1,77,"Velimirovic, Dragoljub",YUG,2520,olimpbase
1978,1,78,"Pachman, Ludek",GER,2515,olimpbase
1978,1,79,"Adorjan, Andras",HUN,2515,olimpbase
1978,1,80,"Szabo, Laszlo",HUN,2515,olimpbase
1978,1,81,"Alburt, Lev O.",URS,2515,olimpbase
1978,1,82,"Ivkov, Borislav",YUG,2515,olimpbase
1978,1,83,"Stean, Michael F.",ENG,2510,olimpbase
1978,1,84,"Darga, Klaus",GER,2510,olimpbase
1978,1,85,"Csom, Istvan",HUN,2510,olimpbase
1978,1,86,"Farago, Ivan",HUN,2510,olimpbase
1978,1,87,"Tseitlin, Mikhail S.",URS,2510,olimpbase
1978,1,88,"Tarjan, James E.",USA,2510,olimpbase
1978,1,89,"Jansa, Vlastimil",CSR,2505,olimpbase
1978,1,90,"Vadasz, Laszlo",HUN,2505,olimpbase
1978,1,91,"Schmidt, Wlodzimierz",POL,2505,olimpbase
1978,1,92,"Bagirov, Vladimir",URS,2505,olimpbase
1978,1,93,"Taimanov, Mark E.",URS,2505,olimpbase
1978,1,94,"Lein, Anatoly",USA,2505,olimpbase
1978,1,95,"Knezevic, Milorad",YUG,2505,olimpbase
1978,1,96,"Kovacevic, Vladimir",YUG,2505,olimpbase
1978,1,97,"Matanovic, Aleksandar",YUG,2505,olimpbase
1978,1,98,"Sigurjonsson, Gudmundur",ISL,2500,olimpbase
1978,1,99,"Ree, Hans",NED,2500,olimpbase
1978,1,100,"Grigorian, Karen A.",URS,2500,olimpbase
1979,1,1,"Karpov, Anatoly",URS,2705,olimpbase
1979,1,2,"Kortschnoj, Viktor",SUI,2695,olimpbase
1979,1,3,"Portisch, Lajos",HUN,2640,olimpbase
1979,1,4,"Spassky, Boris V.",URS,2640,olimpbase
1979,1,5,"Timman, Jan H.",NED,2625,olimpbase
1979,1,6,"Polugaevsky, Lev",URS,2625,olimpbase
1979,1,7,"Larsen, Bent",DEN,2620,olimpbase
1979,1,8,"Mecking, Henrique",BRA,2615,olimpbase
1979,1,9,"Tal, Mikhail N.",URS,2615,olimpbase
1979,1,10,"Petrosian, Tigran",URS,2610,olimpbase
1979,1,11,"Hort, Vlastimil",CSR,2600,olimpbase
1979,1,12,"Balashov, Yuri S.",URS,2600,olimpbase
1979,1,13,"Huebner, Robert",GER,2595,olimpbase
1979,1,14,"Ribli, Zoltan",HUN,2595,olimpbase
1979,1,15,"Dzindzichashvili, Roman",ISR,2595,olimpbase
1979,1,16,"Beliavsky, Alexander G.",URS,2595,olimpbase
1979,1,17,"Dorfman, Josif D.",URS,2595,olimpbase
1979,1,18,"Sax, Gyula",HUN,2590,olimpbase
1979,1,19,"Kavalek, Lubomir",USA,2590,olimpbase
1979,1,20,"Ljubojevic, Ljubomir",YUG,2590,olimpbase
1979,1,21,"Gulko, Boris F.",URS,2585,olimpbase
1979,1,22,"Tukmakov, Vladimir B.",URS,2575,olimpbase
1979,1,23,"Vaganian, Rafael A.",URS,2570,olimpbase
1979,1,24,"Knaak, Rainer",GDR,2565,olimpbase
1979,1,25,"Kuzmin, Gennadi P.",URS,2565,olimpbase
1979,1,26,"Miles, Anthony J.",ENG,2560,olimpbase
1979,1,27,"Andersson, Ulf",SWE,2560,olimpbase
1979,1,28,"Romanishin, Oleg M.",URS,2560,olimpbase
1979,1,29,"Smyslov, Vassily",URS,2560,olimpbase
1979,1,30,"Tseshkovsky, Vitaly",URS,2560,olimpbase
1979,1,31,"Vasiukov, Evgeni",URS,2560,olimpbase
1979,1,32,"Gligoric, Svetozar",YUG,2560,olimpbase
1979,1,33,"Olafsson, Fridrik",ISL,2555,olimpbase
1979,1,34,"Bronstein, David I.",URS,2555,olimpbase
1979,1,35,"Smejkal, Jan",CSR,2550,olimpbase
1979,1,36,"Geller, Efim P.",URS,2550,olimpbase
1979,1,37,"Kholmov, Ratmir D.",URS,2550,olimpbase
1979,1,38,"Krogius, Nikolai V.",URS,2550,olimpbase
1979,1,39,"Savon, Vladimir A.",URS,2550,olimpbase
1979,1,40,"Panno, Oscar",ARG,2545,olimpbase
1979,1,41,"Quinteros, Miguel A.",ARG,2545,olimpbase
1979,1,42,"Pfleger, Helmut",GER,2545,olimpbase
1979,1,43,"Bagirov, Vladimir",URS,2545,olimpbase
1979,1,44,"Kochyev, Alexander",URS,2545,olimpbase
1979,1,45,"Sveshnikov, Evgeny",URS,2545,olimpbase
1979,1,46,"Stean, Michael F.",ENG,2540,olimpbase
1979,1,47,"Gheorghiu, Florin",ROM,2540,olimpbase
1979,1,48,"Kupreichik, Viktor D.",URS,2540,olimpbase
1979,1,49,"Browne, Walter S.",USA,2540,olimpbase
1979,1,50,"Sosonko, Gennadi",NED,2535,olimpbase
1979,1,51,"Giorgadze, Tamaz",URS,2535,olimpbase
1979,1,52,"Suetin, Alexey S.",URS,2535,olimpbase
1979,1,53,"Byrne, Robert E.",USA,2535,olimpbase
1979,1,54,"Lein, Anatoly",USA,2535,olimpbase
1979,1,55,"Malich, Burkhard",GDR,2530,olimpbase
1979,1,56,"Uhlmann, Wolfgang",GDR,2530,olimpbase
1979,1,57,"Unzicker, Wolfgang",GER,2530,olimpbase
1979,1,58,"Gufeld, Eduard",URS,2530,olimpbase
1979,1,59,"Timoshchenko, Gennadi A.",URS,2530,olimpbase
1979,1,60,"Parma, Bruno",YUG,2530,olimpbase
1979,1,61,"Adorjan, Andras",HUN,2525,olimpbase
1979,1,62,"Dvoretzky, Mark",URS,2525,olimpbase
1979,1,63,"Gipslis, Aivars",URS,2525,olimpbase
1979,1,64,"Tarjan, James E.",USA,2525,olimpbase
1979,1,65,"Ivkov, Borislav",YUG,2525,olimpbase
1979,1,66,"Schmid, Lothar",GER,2520,olimpbase
1979,1,67,"Torre, Eugenio",PHI,2520,olimpbase
1979,1,68,"Zhidkov, Valery S.",URS,2520,olimpbase
1979,1,69,"Evans, Larry M.",USA,2520,olimpbase
1979,1,70,"Lombardy, William J.",USA,2520,olimpbase
1979,1,71,"Sahovic, Dragutin",YUG,2520,olimpbase
1979,1,72,"Najdorf, Miguel",ARG,2515,olimpbase
1979,1,73,"Szabo, Laszlo",HUN,2515,olimpbase
1979,1,74,"Liberzon, Vladimir M.",ISR,2515,olimpbase
1979,1,75,"Alburt, Lev O.",URS,2515,olimpbase
1979,1,76,"Averbakh, Yuri L.",URS,2515,olimpbase
1979,1,77,"Lutikov, Anatoly S.",URS,2515,olimpbase
1979,1,78,"Palatnik, Semon",URS,2515,olimpbase
1979,1,79,"Rogoff, Kenneth S.",USA,2515,olimpbase
1979,1,80,"Kurajica, Bojan",YUG,2515,olimpbase
1979,1,81,"Velimirovic, Dragoljub",YUG,2515,olimpbase
1979,1,82,"Pachman, Ludek",GER,2510,olimpbase
1979,1,83,"Csom, Istvan",HUN,2510,olimpbase
1979,1,84,"Farago, Ivan",HUN,2510,olimpbase
1979,1,85,"Taimanov, Mark E.",URS,2510,olimpbase
1979,1,86,"Mednis, Edmar J.",USA,2510,olimpbase
1979,1,87,"Matulovic, Milan",YUG,2510,olimpbase
1979,1,88,"Darga, Klaus",GER,2505,olimpbase
1979,1,89,"Gurgenidze, Bukhuti",URS,2505,olimpbase
1979,1,90,"Tseitlin, Mark D.",URS,2505,olimpbase
1979,1,91,"Tseitlin, Mikhail S.",URS,2505,olimpbase
1979,1,92,"Zaitsev, Igor A.",URS,2505,olimpbase
1979,1,93,"Marjanovic, Slavoljub",YUG,2505,olimpbase
1979,1,94,"Hernandez, Roman",CUB,2500,olimpbase
1979,1,95,"Nunn, John D. M.",ENG,2500,olimpbase
1979,1,96,"Vogt, Lothar",GDR,2500,olimpbase
1979,1,97,"Makarichev, Sergey",URS,2500,olimpbase
1979,1,98,"Ney, Iivo",URS,2500,olimpbase
1979,1,99,"Rashkovsky, Nukhim N.",URS,2500,olimpbase
1979,1,100,"Knezevic, Milorad",YUG,2500,olimpbase
1980,1,1,"Karpov, Anatoly",URS,2725,olimpbase
1980,1,2,"Tal, Mikhail N.",URS,2705,olimpbase
1980,1,3,"Kortschnoj, Viktor",SUI,2695,olimpbase
1980,1,4,"Portisch, Lajos",HUN,2655,olimpbase
1980,1,5,"Polugaevsky, Lev",URS,2635,olimpbase
1980,1,6,"Mecking, Henrique",BRA,2615,olimpbase
1980,1,7,"Petrosian, Tigran",URS,2615,olimpbase
1980,1,8,"Spassky, Boris V.",URS,2615,olimpbase
1980,1,9,"Ribli, Zoltan",HUN,2610,olimpbase
1980,1,10,"Gheorghiu, Florin",ROM,2605,olimpbase
1980,1,11,"Huebner, Robert",GER,2600,olimpbase
1980,1,12,"Timman, Jan H.",NED,2600,olimpbase
1980,1,13,"Balashov, Yuri S.",URS,2600,olimpbase
1980,1,14,"Kavalek, Lubomir",USA,2600,olimpbase
1980,1,15,"Hort, Vlastimil",CSR,2595,olimpbase
1980,1,16,"Kasparov, Garry",URS,2595,olimpbase
1980,1,17,"Tseshkovsky, Vitaly",URS,2595,olimpbase
1980,1,18,"Andersson, Ulf",SWE,2590,olimpbase
1980,1,19,"Beliavsky, Alexander G.",URS,2590,olimpbase
1980,1,20,"Gulko, Boris F.",URS,2590,olimpbase
1980,1,21,"Vaganian, Rafael A.",URS,2590,olimpbase
1980,1,22,"Ljubojevic, Ljubomir",YUG,2590,olimpbase
1980,1,23,"Larsen, Bent",DEN,2585,olimpbase
1980,1,24,"Romanishin, Oleg M.",URS,2580,olimpbase
1980,1,25,"Sax, Gyula",HUN,2570,olimpbase
1980,1,26,"Sveshnikov, Evgeny",URS,2570,olimpbase
1980,1,27,"Dzindzichashvili, Roman",USA,2570,olimpbase
1980,1,28,"Geller, Efim P.",URS,2565,olimpbase
1980,1,29,"Gligoric, Svetozar",YUG,2565,olimpbase
1980,1,30,"Bagirov, Vladimir",URS,2560,olimpbase
1980,1,31,"Tukmakov, Vladimir B.",URS,2560,olimpbase
1980,1,32,"Smejkal, Jan",CSR,2555,olimpbase
1980,1,33,"Adorjan, Andras",HUN,2550,olimpbase
1980,1,34,"Krogius, Nikolai V.",URS,2550,olimpbase
1980,1,35,"Smyslov, Vassily",URS,2550,olimpbase
1980,1,36,"Miles, Anthony J.",ENG,2545,olimpbase
1980,1,37,"Olafsson, Fridrik",ISL,2545,olimpbase
1980,1,38,"Liberzon, Vladimir M.",ISR,2545,olimpbase
1980,1,39,"Sosonko, Gennadi",NED,2545,olimpbase
1980,1,40,"Vasiukov, Evgeni",URS,2545,olimpbase
1980,1,41,"Panno, Oscar",ARG,2540,olimpbase
1980,1,42,"Dorfman, Josif D.",URS,2540,olimpbase
1980,1,43,"Browne, Walter S.",USA,2540,olimpbase
1980,1,44,"Knaak, Rainer",GDR,2535,olimpbase
1980,1,45,"Pinter, Jozsef",HUN,2535,olimpbase
1980,1,46,"Bronstein, David I.",URS,2535,olimpbase
1980,1,47,"Dolmatov, Sergey",URS,2535,olimpbase
1980,1,48,"Kholmov, Ratmir D.",URS,2535,olimpbase
1980,1,49,"Kochyev, Alexander",URS,2535,olimpbase
1980,1,50,"Kupreichik, Viktor D.",URS,2535,olimpbase
1980,1,51,"Psakhis, Lev",URS,2535,olimpbase
1980,1,52,"Stean, Michael F.",ENG,2530,olimpbase
1980,1,53,"Schmid, Lothar",GER,2530,olimpbase
1980,1,54,"Kuzmin, Gennadi P.",URS,2530,olimpbase
1980,1,55,"Timoshchenko, Gennadi A.",URS,2530,olimpbase
1980,1,56,"Byrne, Robert E.",USA,2530,olimpbase
1980,1,57,"Tarjan, James E.",USA,2530,olimpbase
1980,1,58,"Ivkov, Borislav",YUG,2530,olimpbase
1980,1,59,"Pfleger, Helmut",GER,2525,olimpbase
1980,1,60,"Lombardy, William J.",USA,2525,olimpbase
1980,1,61,"Malich, Burkhard",GDR,2520,olimpbase
1980,1,62,"Ree, Hans",NED,2520,olimpbase
1980,1,63,"Torre, Eugenio",PHI,2520,olimpbase
1980,1,64,"Rashkovsky, Nukhim N.",URS,2520,olimpbase
1980,1,65,"Zhidkov, Valery S.",URS,2520,olimpbase
1980,1,66,"Evans, Larry M.",USA,2520,olimpbase
1980,1,67,"Lein, Anatoly",USA,2520,olimpbase
1980,1,68,"Rogoff, Kenneth S.",USA,2520,olimpbase
1980,1,69,"Parma, Bruno",YUG,2520,olimpbase
1980,1,70,"Quinteros, Miguel A.",ARG,2515,olimpbase
1980,1,71,"Nunn, John D. M.",ENG,2515,olimpbase
1980,1,72,"Razuvaev, Yuri S.",URS,2515,olimpbase
1980,1,73,"Tseitlin, Mark D.",URS,2515,olimpbase
1980,1,74,"Alburt, Lev O.",USA,2515,olimpbase
1980,1,75,"Shamkovich, Leonid",USA,2515,olimpbase
1980,1,76,"Velimirovic, Dragoljub",YUG,2515,olimpbase
1980,1,77,"Najdorf, Miguel",ARG,2510,olimpbase
1980,1,78,"Uhlmann, Wolfgang",GDR,2510,olimpbase
1980,1,79,"Vogt, Lothar",GDR,2510,olimpbase
1980,1,80,"Pachman, Ludek",GER,2510,olimpbase
1980,1,81,"Unzicker, Wolfgang",GER,2510,olimpbase
1980,1,82,"Csom, Istvan",HUN,2510,olimpbase
1980,1,83,"Dvoretzky, Mark",URS,2510,olimpbase
1980,1,84,"Gufeld, Eduard",URS,2510,olimpbase
1980,1,85,"Savon, Vladimir A.",URS,2510,olimpbase
1980,1,86,"Taimanov, Mark E.",URS,2510,olimpbase
1980,1,87,"Seirawan, Yasser",USA,2510,olimpbase
1980,1,88,"Kovacevic, Vladimir",YUG,2510,olimpbase
1980,1,89,"Garcia Gonzales, Guillermo",CUB,2505,olimpbase
1980,1,90,"Farago, Ivan",HUN,2505,olimpbase
1980,1,91,"Szabo, Laszlo",HUN,2505,olimpbase
1980,1,92,"Gurgenidze, Bukhuti",URS,2505,olimpbase
1980,1,93,"Palatnik, Semon",URS,2505,olimpbase
1980,1,94,"Kurajica, Bojan",YUG,2505,olimpbase
1980,1,95,"Vadasz, Laszlo",HUN,2500,olimpbase
1980,1,96,"Mariotti, Sergio",ITA,2500,olimpbase
1980,1,97,"Gipslis, Aivars",URS,2500,olimpbase
1980,1,98,"Suetin, Alexey S.",URS,2500,olimpbase
1980,1,99,"Tseitlin, Mikhail S.",URS,2500,olimpbase
1980,1,100,"Bukic, Enver",YUG,2500,olimpbase
1981,7,1,"Karpov, Anatoly",URS,2700,olimpbase
1981,7,2,"Kortschnoj, Viktor",SUI,2695,olimpbase
1981,7,3,"Huebner, Robert",GER,2640,olimpbase
1981,7,4,"Timman, Jan H.",NED,2630,olimpbase
1981,7,5,"Kasparov, Garry",URS,2630,olimpbase
1981,7,6,"Spassky, Boris V.",URS,2630,olimpbase
1981,7,7,"Portisch, Lajos",HUN,2620,olimpbase
1981,7,8,"Mecking, Henrique",BRA,2615,olimpbase
1981,7,9,"Beliavsky, Alexander G.",URS,2615,olimpbase
1981,7,10,"Larsen, Bent",DEN,2610,olimpbase
1981,7,11,"Polugaevsky, Lev",URS,2610,olimpbase
1981,7,12,"Andersson, Ulf",SWE,2600,olimpbase
1981,7,13,"Balashov, Yuri S.",URS,2600,olimpbase
1981,7,14,"Hort, Vlastimil",CSR,2595,olimpbase
1981,7,15,"Kavalek, Lubomir",USA,2595,olimpbase
1981,7,16,"Ribli, Zoltan",HUN,2590,olimpbase
1981,7,17,"Romanishin, Oleg M.",URS,2590,olimpbase
1981,7,18,"Ljubojevic, Ljubomir",YUG,2590,olimpbase
1981,7,19,"Sosonko, Gennadi",NED,2585,olimpbase
1981,7,20,"Petrosian, Tigran",URS,2585,olimpbase
1981,7,21,"Yusupov, Artur",URS,2585,olimpbase
1981,7,22,"Nunn, John D. M.",ENG,2580,olimpbase
1981,7,23,"Kupreichik, Viktor D.",URS,2580,olimpbase
1981,7,24,"Smyslov, Vassily",URS,2580,olimpbase
1981,7,25,"Alburt, Lev O.",USA,2580,olimpbase
1981,7,26,"Dolmatov, Sergey",URS,2575,olimpbase
1981,7,27,"Tseshkovsky, Vitaly",URS,2575,olimpbase
1981,7,28,"Christiansen, Larry M.",USA,2575,olimpbase
1981,7,29,"Browne, Walter S.",USA,2570,olimpbase
1981,7,30,"Miles, Anthony J.",ENG,2565,olimpbase
1981,7,31,"Gulko, Boris F.",URS,2565,olimpbase
1981,7,32,"Vaganian, Rafael A.",URS,2565,olimpbase
1981,7,33,"Seirawan, Yasser",USA,2565,olimpbase
1981,7,34,"Gheorghiu, Florin",ROM,2560,olimpbase
1981,7,35,"Tal, Mikhail N.",URS,2560,olimpbase
1981,7,36,"Sax, Gyula",HUN,2550,olimpbase
1981,7,37,"Geller, Efim P.",URS,2550,olimpbase
1981,7,38,"Krogius, Nikolai V.",URS,2550,olimpbase
1981,7,39,"Kuzmin, Gennadi P.",URS,2550,olimpbase
1981,7,40,"Ivanovic, Bozidar",YUG,2550,olimpbase
1981,7,41,"Mikhalchishin, Adrian",URS,2545,olimpbase
1981,7,42,"Sveshnikov, Evgeny",URS,2545,olimpbase
1981,7,43,"Vasiukov, Evgeni",URS,2545,olimpbase
1981,7,44,"Gligoric, Svetozar",YUG,2545,olimpbase
1981,7,45,"Smejkal, Jan",CSR,2540,olimpbase
1981,7,46,"Kochyev, Alexander",URS,2540,olimpbase
1981,7,47,"Rashkovsky, Nukhim N.",URS,2540,olimpbase
1981,7,48,"Tarjan, James E.",USA,2540,olimpbase
1981,7,49,"Psakhis, Lev",URS,2535,olimpbase
1981,7,50,"Adorjan, Andras",HUN,2530,olimpbase
1981,7,51,"Olafsson, Fridrik",ISL,2530,olimpbase
1981,7,52,"Chandler, Murray G.",NZL,2530,olimpbase
1981,7,53,"Grunberg, Sergiu Henric",ROM,2530,olimpbase
1981,7,54,"Makarichev, Sergey",URS,2530,olimpbase
1981,7,55,"Panchenko, Alexander N.",URS,2530,olimpbase
1981,7,56,"Ftacnik, Lubomir",CSR,2525,olimpbase
1981,7,57,"Schmid, Lothar",GER,2525,olimpbase
1981,7,58,"Torre, Eugenio",PHI,2525,olimpbase
1981,7,59,"Evans, Larry M.",USA,2525,olimpbase
1981,7,60,"Quinteros, Miguel A.",ARG,2520,olimpbase
1981,7,61,"Speelman, Jonathan S.",ENG,2520,olimpbase
1981,7,62,"Gufeld, Eduard",URS,2520,olimpbase
1981,7,63,"Kholmov, Ratmir D.",URS,2520,olimpbase
1981,7,64,"Lerner, Konstantin Z.",URS,2520,olimpbase
1981,7,65,"Taimanov, Mark E.",URS,2520,olimpbase
1981,7,66,"Velimirovic, Dragoljub",YUG,2520,olimpbase
1981,7,67,"Farago, Ivan",HUN,2515,olimpbase
1981,7,68,"Gruenfeld, Yehuda",ISR,2515,olimpbase
1981,7,69,"Giorgadze, Tamaz",URS,2515,olimpbase
1981,7,70,"Lombardy, William J.",USA,2515,olimpbase
1981,7,71,"Marjanovic, Slavoljub",YUG,2515,olimpbase
1981,7,72,"Najdorf, Miguel",ARG,2510,olimpbase
1981,7,73,"Uhlmann, Wolfgang",GDR,2510,olimpbase
1981,7,74,"Pinter, Jozsef",HUN,2510,olimpbase
1981,7,75,"Szabo, Laszlo",HUN,2510,olimpbase
1981,7,76,"Ree, Hans",NED,2510,olimpbase
1981,7,77,"Razuvaev, Yuri S.",URS,2510,olimpbase
1981,7,78,"Byrne, Robert E.",USA,2510,olimpbase
1981,7,79,"Lein, Anatoly",USA,2510,olimpbase
1981,7,80,"Ivkov, Borislav",YUG,2510,olimpbase
1981,7,81,"Nikolic, Predrag",YUG,2510,olimpbase
1981,7,82,"Panno, Oscar",ARG,2505,olimpbase
1981,7,83,"Ivanov, Igor V.",CAN,2505,olimpbase
1981,7,84,"Unzicker, Wolfgang",GER,2505,olimpbase
1981,7,85,"Bagirov, Vladimir",URS,2505,olimpbase
1981,7,86,"Bronstein, David I.",URS,2505,olimpbase
1981,7,87,"Dorfman, Josif D.",URS,2505,olimpbase
1981,7,88,"Timoshchenko, Gennadi A.",URS,2505,olimpbase
1981,7,89,"Zhidkov, Valery S.",URS,2505,olimpbase
1981,7,90,"Rogoff, Kenneth S.",USA,2505,olimpbase
1981,7,91,"Parma, Bruno",YUG,2505,olimpbase
1981,7,92,"Nogueiras, Jesus",CUB,2500,olimpbase
1981,7,93,"Pfleger, Helmut",GER,2500,olimpbase
1981,7,94,"Csom, Istvan",HUN,2500,olimpbase
1981,7,95,"Suba, Mihai",ROM,2500,olimpbase
1981,7,96,"Tseitlin, Mikhail S.",URS,2500,olimpbase
1981,7,97,"Shamkovich, Leonid",USA,2500,olimpbase
1981,7,98,"Cebalo, Miso",YUG,2500,olimpbase
1981,7,99,"Kurajica, Bojan",YUG,2500,olimpbase
1981,7,100,"Matanovic, Aleksandar",YUG,2500,olimpbase
1982,7,1,"Karpov, Anatoly",URS,2700,olimpbase
1982,7,2,"Kasparov, Garry",URS,2675,olimpbase
1982,7,3,"Kortschnoj, Viktor",SUI,2635,olimpbase
1982,7,4,"Huebner, Robert",GER,2630,olimpbase
1982,7,5,"Portisch, Lajos",HUN,2625,olimpbase
1982,7,6,"Beliavsky, Alexander G.",URS,2620,olimpbase
1982,7,7,"Mecking, Henrique",BRA,2615,olimpbase
1982,7,8,"Psakhis, Lev",URS,2615,olimpbase
1982,7,9,"Ljubojevic, Ljubomir",YUG,2615,olimpbase
1982,7,10,"Spassky, Boris V.",FRA,2610,olimpbase
1982,7,11,"Andersson, Ulf",SWE,2610,olimpbase
1982,7,12,"Polugaevsky, Lev",URS,2610,olimpbase
1982,7,13,"Tal, Mikhail N.",URS,2610,olimpbase
1982,7,14,"Petrosian, Tigran",URS,2605,olimpbase
1982,7,15,"Hort, Vlastimil",CSR,2600,olimpbase
1982,7,16,"Timman, Jan H.",NED,2600,olimpbase
1982,7,17,"Larsen, Bent",DEN,2595,olimpbase
1982,7,18,"Seirawan, Yasser",USA,2595,olimpbase
1982,7,19,"Browne, Walter S.",USA,2590,olimpbase
1982,7,20,"Romanishin, Oleg M.",URS,2585,olimpbase
1982,7,21,"Ribli, Zoltan",HUN,2580,olimpbase
1982,7,22,"Speelman, Jonathan S.",ENG,2575,olimpbase
1982,7,23,"Sosonko, Gennadi",NED,2575,olimpbase
1982,7,24,"Tseshkovsky, Vitaly",URS,2575,olimpbase
1982,7,25,"Kavalek, Lubomir",USA,2570,olimpbase
1982,7,26,"Smejkal, Jan",CSR,2565,olimpbase
1982,7,27,"Miles, Anthony J.",ENG,2565,olimpbase
1982,7,28,"Nunn, John D. M.",ENG,2565,olimpbase
1982,7,29,"Geller, Efim P.",URS,2565,olimpbase
1982,7,30,"Smyslov, Vassily",URS,2565,olimpbase
1982,7,31,"Alburt, Lev O.",USA,2565,olimpbase
1982,7,32,"Sax, Gyula",HUN,2560,olimpbase
1982,7,33,"Kovacevic, Vladimir",YUG,2560,olimpbase
1982,7,34,"Balashov, Yuri S.",URS,2555,olimpbase
1982,7,35,"Dolmatov, Sergey",URS,2555,olimpbase
1982,7,36,"Tukmakov, Vladimir B.",URS,2555,olimpbase
1982,7,37,"Yusupov, Artur",URS,2555,olimpbase
1982,7,38,"Pinter, Jozsef",HUN,2550,olimpbase
1982,7,39,"Krogius, Nikolai V.",URS,2550,olimpbase
1982,7,40,"Vaganian, Rafael A.",URS,2550,olimpbase
1982,7,41,"Kurajica, Bojan",YUG,2545,olimpbase
1982,7,42,"Mestel, A. Jonathan",ENG,2540,olimpbase
1982,7,43,"Ftacnik, Lubomir",CSR,2535,olimpbase
1982,7,44,"Torre, Eugenio",PHI,2535,olimpbase
1982,7,45,"Gheorghiu, Florin",ROM,2535,olimpbase
1982,7,46,"Stean, Michael F.",ENG,2530,olimpbase
1982,7,47,"Schmid, Lothar",GER,2530,olimpbase
1982,7,48,"Agzamov, Georgy T.",URS,2530,olimpbase
1982,7,49,"Dorfman, Josif D.",URS,2530,olimpbase
1982,7,50,"Kupreichik, Viktor D.",URS,2530,olimpbase
1982,7,51,"Gligoric, Svetozar",YUG,2530,olimpbase
1982,7,52,"Nikolic, Predrag",YUG,2530,olimpbase
1982,7,53,"Suba, Mihai",ROM,2525,olimpbase
1982,7,54,"Rashkovsky, Nukhim N.",URS,2525,olimpbase
1982,7,55,"Henley, Ron W.",USA,2525,olimpbase
1982,7,56,"Quinteros, Miguel A.",ARG,2520,olimpbase
1982,7,57,"Van der Wiel, John T. H.",NED,2520,olimpbase
1982,7,58,"Tarjan, James E.",USA,2520,olimpbase
1982,7,59,"Najdorf, Miguel",ARG,2515,olimpbase
1982,7,60,"Gulko, Boris F.",URS,2515,olimpbase
1982,7,61,"Byrne, Robert E.",USA,2515,olimpbase
1982,7,62,"Evans, Larry M.",USA,2515,olimpbase
1982,7,63,"Djuric, Stefan",YUG,2515,olimpbase
1982,7,64,"Uhlmann, Wolfgang",GDR,2510,olimpbase
1982,7,65,"Adorjan, Andras",HUN,2510,olimpbase
1982,7,66,"Ogaard, Leif",NOR,2510,olimpbase
1982,7,67,"Taimanov, Mark E.",URS,2510,olimpbase
1982,7,68,"Gurevich, Dmitry",USA,2510,olimpbase
1982,7,69,"Ivanovic, Bozidar",YUG,2510,olimpbase
1982,7,70,"Ivanov, Igor V.",CAN,2505,olimpbase
1982,7,71,"Chandler, Murray G.",ENG,2505,olimpbase
1982,7,72,"Keene, Raymond D.",ENG,2505,olimpbase
1982,7,73,"Knaak, Rainer",GDR,2505,olimpbase
1982,7,74,"Pfleger, Helmut",GER,2505,olimpbase
1982,7,75,"Karlsson, Lars",SWE,2505,olimpbase
1982,7,76,"Bronstein, David I.",URS,2505,olimpbase
1982,7,77,"Kochyev, Alexander",URS,2505,olimpbase
1982,7,78,"Kuzmin, Gennadi P.",URS,2505,olimpbase
1982,7,79,"Makarichev, Sergey",URS,2505,olimpbase
1982,7,80,"Palatnik, Semon",URS,2505,olimpbase
1982,7,81,"Christiansen, Larry M.",USA,2505,olimpbase
1982,7,82,"Lombardy, William J.",USA,2505,olimpbase
1982,7,83,"Rogoff, Kenneth S.",USA,2505,olimpbase
1982,7,84,"Panno, Oscar",ARG,2500,olimpbase
1982,7,85,"Sunye Neto, Jaime",BRA,2500,olimpbase
1982,7,86,"Garcia Gonzales, Guillermo",CUB,2500,olimpbase
1982,7,87,"Murrey, Jacob",ISR,2500,olimpbase
1982,7,88,"Bagirov, Vladimir",URS,2500,olimpbase
1982,7,89,"Gurgenidze, Bukhuti",URS,2500,olimpbase
1982,7,90,"Lerner, Konstantin Z.",URS,2500,olimpbase
1982,7,91,"Vladimirov, Evgeny",URS,2500,olimpbase
1982,7,92,"Nogueiras, Jesus",CUB,2495,olimpbase
1982,7,93,"Csom, Istvan",HUN,2495,olimpbase
1982,7,94,"Olafsson, Fridrik",ISL,2495,olimpbase
1982,7,95,"Schussler, Harry",SWE,2495,olimpbase
1982,7,96,"Giorgadze, Tamaz",URS,2495,olimpbase
1982,7,97,"Kholmov, Ratmir D.",URS,2495,olimpbase
1982,7,98,"Mikhalchishin, Adrian",URS,2495,olimpbase
1982,7,99,"Ney, Iivo",URS,2495,olimpbase
1982,7,100,"Razuvaev, Yuri S.",URS,2495,olimpbase
1983,7,1,"Karpov, Anatoly",URS,2710,olimpbase
1983,7,2,"Kasparov, Garry",URS,2690,olimpbase
1983,7,3,"Ljubojevic, Ljubomir",YUG,2645,olimpbase
1983,7,4,"Andersson, Ulf",SWE,2640,olimpbase
1983,7,5,"Huebner, Robert",GER,2620,olimpbase
1983,7,6,"Polugaevsky, Lev",URS,2620,olimpbase
1983,7,7,"Tal, Mikhail N.",URS,2620,olimpbase
1983,7,8,"Vaganian, Rafael A.",URS,2620,olimpbase
1983,7,9,"Ribli, Zoltan",HUN,2615,olimpbase
1983,7,10,"Kortschnoj, Viktor",SUI,2610,olimpbase
1983,7,11,"Spassky, Boris V.",FRA,2605,olimpbase
1983,7,12,"Timman, Jan H.",NED,2605,olimpbase
1983,7,13,"Seirawan, Yasser",USA,2605,olimpbase
1983,7,14,"Portisch, Lajos",HUN,2600,olimpbase
1983,7,15,"Smyslov, Vassily",URS,2600,olimpbase
1983,7,16,"Hort, Vlastimil",CSR,2595,olimpbase
1983,7,17,"Nunn, John D. M.",ENG,2590,olimpbase
1983,7,18,"Tukmakov, Vladimir B.",URS,2590,olimpbase
1983,7,19,"Miles, Anthony J.",ENG,2585,olimpbase
1983,7,20,"Petrosian, Tigran",URS,2580,olimpbase
1983,7,21,"Sosonko, Gennadi",NED,2575,olimpbase
1983,7,22,"Romanishin, Oleg M.",URS,2575,olimpbase
1983,7,23,"Sax, Gyula",HUN,2570,olimpbase
1983,7,24,"Torre, Eugenio",PHI,2570,olimpbase
1983,7,25,"Alburt, Lev O.",USA,2570,olimpbase
1983,7,26,"Larsen, Bent",DEN,2565,olimpbase
1983,7,27,"Beliavsky, Alexander G.",URS,2565,olimpbase
1983,7,28,"Smejkal, Jan",CSR,2560,olimpbase
1983,7,29,"Browne, Walter S.",USA,2560,olimpbase
1983,7,30,"Kavalek, Lubomir",USA,2560,olimpbase
1983,7,31,"Suba, Mihai",ROM,2555,olimpbase
1983,7,32,"Dolmatov, Sergey",URS,2555,olimpbase
1983,7,33,"Yusupov, Artur",URS,2555,olimpbase
1983,7,34,"Geller, Efim P.",URS,2550,olimpbase
1983,7,35,"Balashov, Yuri S.",URS,2545,olimpbase
1983,7,36,"Dorfman, Josif D.",URS,2545,olimpbase
1983,7,37,"Kovacevic, Vladimir",YUG,2540,olimpbase
1983,7,38,"Nikolic, Predrag",YUG,2540,olimpbase
1983,7,39,"Ftacnik, Lubomir",CSR,2535,olimpbase
1983,7,40,"Speelman, Jonathan S.",ENG,2535,olimpbase
1983,7,41,"Adorjan, Andras",HUN,2535,olimpbase
1983,7,42,"Agzamov, Georgy T.",URS,2535,olimpbase
1983,7,43,"Tarjan, James E.",USA,2535,olimpbase
1983,7,44,"Schmid, Lothar",GER,2530,olimpbase
1983,7,45,"Chekhov, Valery A.",URS,2530,olimpbase
1983,7,46,"Lputian, Smbat G.",URS,2530,olimpbase
1983,7,47,"Hulak, Krunoslav",YUG,2530,olimpbase
1983,7,48,"Pinter, Jozsef",HUN,2525,olimpbase
1983,7,49,"Psakhis, Lev",URS,2525,olimpbase
1983,7,50,"Razuvaev, Yuri S.",URS,2525,olimpbase
1983,7,51,"Tseshkovsky, Vitaly",URS,2525,olimpbase
1983,7,52,"Henley, Ron W.",USA,2525,olimpbase
1983,7,53,"Kurajica, Bojan",YUG,2525,olimpbase
1983,7,54,"Kuzmin, Gennadi P.",URS,2520,olimpbase
1983,7,55,"De Firmian, Nick E.",USA,2520,olimpbase
1983,7,56,"Lombardy, William J.",USA,2520,olimpbase
1983,7,57,"Panno, Oscar",ARG,2515,olimpbase
1983,7,58,"Ivanov, Igor V.",CAN,2515,olimpbase
1983,7,59,"Van der Wiel, John T. H.",NED,2515,olimpbase
1983,7,60,"Sveshnikov, Evgeny",URS,2515,olimpbase
1983,7,61,"Taimanov, Mark E.",URS,2515,olimpbase
1983,7,62,"Vaiser, Anatoly V.",URS,2515,olimpbase
1983,7,63,"Byrne, Robert E.",USA,2515,olimpbase
1983,7,64,"Christiansen, Larry M.",USA,2515,olimpbase
1983,7,65,"Evans, Larry M.",USA,2515,olimpbase
1983,7,66,"Ivanovic, Bozidar",YUG,2515,olimpbase
1983,7,67,"Popovic, Petar",YUG,2515,olimpbase
1983,7,68,"Makarichev, Sergey",URS,2510,olimpbase
1983,7,69,"Gurevich, Dmitry",USA,2510,olimpbase
1983,7,70,"Kudrin, Sergey",USA,2510,olimpbase
1983,7,71,"Uhlmann, Wolfgang",GDR,2505,olimpbase
1983,7,72,"Pfleger, Helmut",GER,2505,olimpbase
1983,7,73,"Karlsson, Lars",SWE,2505,olimpbase
1983,7,74,"Bagirov, Vladimir",URS,2505,olimpbase
1983,7,75,"Rogoff, Kenneth S.",USA,2505,olimpbase
1983,7,76,"Gligoric, Svetozar",YUG,2505,olimpbase
1983,7,77,"Quinteros, Miguel A.",ARG,2500,olimpbase
1983,7,78,"Inkiov, Ventzislav",BUL,2500,olimpbase
1983,7,79,"Mestel, A. Jonathan",ENG,2500,olimpbase
1983,7,80,"Stean, Michael F.",ENG,2500,olimpbase
1983,7,81,"Kindermann, Stefan",GER,2500,olimpbase
1983,7,82,"Csom, Istvan",HUN,2500,olimpbase
1983,7,83,"Ree, Hans",NED,2500,olimpbase
1983,7,84,"Vladimirov, Evgeny",URS,2500,olimpbase
1983,7,85,"Peters, John A.",USA,2500,olimpbase
1983,7,86,"Djuric, Stefan",YUG,2500,olimpbase
1983,7,87,"Rajkovic, Dusan",YUG,2500,olimpbase
1983,7,88,"Najdorf, Miguel",ARG,2495,olimpbase
1983,7,89,"Hebden, Mark",ENG,2495,olimpbase
1983,7,90,"Keene, Raymond D.",ENG,2495,olimpbase
1983,7,91,"Farago, Ivan",HUN,2495,olimpbase
1983,7,92,"Olafsson, Fridrik",ISL,2495,olimpbase
1983,7,93,"Franco Ocampos, Zenon",PAR,2495,olimpbase
1983,7,94,"Wedberg, Tom",SWE,2495,olimpbase
1983,7,95,"Giorgadze, Tamaz",URS,2495,olimpbase
1983,7,96,"Lerner, Konstantin Z.",URS,2495,olimpbase
1983,7,97,"Rashkovsky, Nukhim N.",URS,2495,olimpbase
1983,7,98,"Sunye Neto, Jaime",BRA,2490,olimpbase
1983,7,99,"Radulov, Ivan",BUL,2490,olimpbase
1983,7,100,"Spraggett, Kevin",CAN,2490,olimpbase
1984,7,1,"Kasparov, Garry",URS,2715,olimpbase
1984,7,2,"Karpov, Anatoly",URS,2705,olimpbase
1984,7,3,"Timman, Jan H.",NED,2650,olimpbase
1984,7,4,"Portisch, Lajos",HUN,2640,olimpbase
1984,7,5,"Kortschnoj, Viktor",SUI,2635,olimpbase
1984,7,6,"Polugaevsky, Lev",URS,2625,olimpbase
1984,7,7,"Vaganian, Rafael A.",URS,2625,olimpbase
1984,7,8,"Ljubojevic, Ljubomir",YUG,2615,olimpbase
1984,7,9,"Huebner, Robert",GER,2610,olimpbase
1984,7,10,"Smyslov, Vassily",URS,2610,olimpbase
1984,7,11,"Hort, Vlastimil",CSR,2605,olimpbase
1984,7,12,"Tal, Mikhail N.",URS,2605,olimpbase
1984,7,13,"Ribli, Zoltan",HUN,2600,olimpbase
1984,7,14,"Beliavsky, Alexander G.",URS,2600,olimpbase
1984,7,15,"Ftacnik, Lubomir",CSR,2595,olimpbase
1984,7,16,"Andersson, Ulf",SWE,2595,olimpbase
1984,7,17,"Spassky, Boris V.",FRA,2590,olimpbase
1984,7,18,"Yusupov, Artur",URS,2590,olimpbase
1984,7,19,"Nikolic, Predrag",YUG,2585,olimpbase
1984,7,20,"Adorjan, Andras",HUN,2580,olimpbase
1984,7,21,"Petrosian, Tigran",URS,2580,olimpbase
1984,7,22,"Browne, Walter S.",USA,2580,olimpbase
1984,7,23,"Nunn, John D. M.",ENG,2575,olimpbase
1984,7,24,"Agzamov, Georgy T.",URS,2570,olimpbase
1984,7,25,"Miles, Anthony J.",ENG,2565,olimpbase
1984,7,26,"Sax, Gyula",HUN,2565,olimpbase
1984,7,27,"Sosonko, Gennadi",NED,2565,olimpbase
1984,7,28,"Psakhis, Lev",URS,2565,olimpbase
1984,7,29,"Kavalek, Lubomir",USA,2565,olimpbase
1984,7,30,"Seirawan, Yasser",USA,2565,olimpbase
1984,7,31,"Arkhipov, Sergey",URS,2560,olimpbase
1984,7,32,"Lputian, Smbat G.",URS,2550,olimpbase
1984,7,33,"Tukmakov, Vladimir B.",URS,2550,olimpbase
1984,7,34,"Kudrin, Sergey",USA,2550,olimpbase
1984,7,35,"Mestel, A. Jonathan",ENG,2545,olimpbase
1984,7,36,"Geller, Efim P.",URS,2545,olimpbase
1984,7,37,"Christiansen, Larry M.",USA,2545,olimpbase
1984,7,38,"Spraggett, Kevin",CAN,2540,olimpbase
1984,7,39,"Smejkal, Jan",CSR,2540,olimpbase
1984,7,40,"Chandler, Murray G.",ENG,2540,olimpbase
1984,7,41,"Dolmatov, Sergey",URS,2540,olimpbase
1984,7,42,"Dorfman, Josif D.",URS,2540,olimpbase
1984,7,43,"Larsen, Bent",DEN,2535,olimpbase
1984,7,44,"Van der Wiel, John T. H.",NED,2535,olimpbase
1984,7,45,"Knaak, Rainer",GDR,2530,olimpbase
1984,7,46,"Schmid, Lothar",GER,2530,olimpbase
1984,7,47,"Torre, Eugenio",PHI,2530,olimpbase
1984,7,48,"Romanishin, Oleg M.",URS,2530,olimpbase
1984,7,49,"Sveshnikov, Evgeny",URS,2530,olimpbase
1984,7,50,"Kurajica, Bojan",YUG,2530,olimpbase
1984,7,51,"Zapata, Alonso",COL,2525,olimpbase
1984,7,52,"Pinter, Jozsef",HUN,2525,olimpbase
1984,7,53,"Popovic, Petar",YUG,2525,olimpbase
1984,7,54,"Farago, Ivan",HUN,2520,olimpbase
1984,7,55,"Hjartarson, Johann",ISL,2520,olimpbase
1984,7,56,"Olafsson, Helgi",ISL,2520,olimpbase
1984,7,57,"Chekhov, Valery A.",URS,2520,olimpbase
1984,7,58,"Benjamin, Joel",USA,2520,olimpbase
1984,7,59,"Dzindzichashvili, Roman",USA,2520,olimpbase
1984,7,60,"Panno, Oscar",ARG,2515,olimpbase
1984,7,61,"Georgiev, Kiril",BUL,2515,olimpbase
1984,7,62,"Yrjola, Jouni",FIN,2515,olimpbase
1984,7,63,"Balashov, Yuri S.",URS,2515,olimpbase
1984,7,64,"Ivanovic, Bozidar",YUG,2515,olimpbase
1984,7,65,"Marjanovic, Slavoljub",YUG,2515,olimpbase
1984,7,66,"Nogueiras, Jesus",CUB,2510,olimpbase
1984,7,67,"Short, Nigel D.",ENG,2510,olimpbase
1984,7,68,"Petursson, Margeir",ISL,2510,olimpbase
1984,7,69,"Razuvaev, Yuri S.",URS,2510,olimpbase
1984,7,70,"Taimanov, Mark E.",URS,2510,olimpbase
1984,7,71,"Byrne, Robert E.",USA,2510,olimpbase
1984,7,72,"Kovacevic, Vladimir",YUG,2510,olimpbase
1984,7,73,"Donchev, Dimitar I.",BUL,2505,olimpbase
1984,7,74,"Ivanov, Igor V.",CAN,2505,olimpbase
1984,7,75,"Hansen, Curt",DEN,2505,olimpbase
1984,7,76,"Utasi, Tamas",HUN,2505,olimpbase
1984,7,77,"Arnason, Jon L.",ISL,2505,olimpbase
1984,7,78,"Gheorghiu, Florin",ROM,2505,olimpbase
1984,7,79,"Ehlvest, Jaan",URS,2505,olimpbase
1984,7,80,"Gavrikov, Viktor",URS,2505,olimpbase
1984,7,81,"Kuzmin, Gennadi P.",URS,2505,olimpbase
1984,7,82,"Sokolov, Andrei",URS,2505,olimpbase
1984,7,83,"Gurevich, Dmitry",USA,2505,olimpbase
1984,7,84,"Lombardy, William J.",USA,2505,olimpbase
1984,7,85,"Tarjan, James E.",USA,2505,olimpbase
1984,7,86,"Velimirovic, Dragoljub",YUG,2505,olimpbase
1984,7,87,"Garcia Palermo, Carlos",ARG,2500,olimpbase
1984,7,88,"Speelman, Jonathan S.",ENG,2500,olimpbase
1984,7,89,"Stean, Michael F.",ENG,2500,olimpbase
1984,7,90,"Rivas Pastor, Manuel",ESP,2500,olimpbase
1984,7,91,"Csom, Istvan",HUN,2500,olimpbase
1984,7,92,"Karlsson, Lars",SWE,2500,olimpbase
1984,7,93,"Giorgadze, Tamaz",URS,2500,olimpbase
1984,7,94,"Peters, John A.",USA,2500,olimpbase
1984,7,95,"Cebalo, Miso",YUG,2500,olimpbase
1984,7,96,"Najdorf, Miguel",ARG,2495,olimpbase
1984,7,97,"Quinteros, Miguel A.",ARG,2495,olimpbase
1984,7,98,"Lobron, Eric",GER,2495,olimpbase
1984,7,99,"Eingorn, Vereslav S.",URS,2495,olimpbase
1984,7,100,"Malaniuk, Vladimir P.",URS,2495,olimpbase
1985,7,1,"Karpov, Anatoly",URS,2720,olimpbase
1985,7,2,"Kasparov, Garry",URS,2700,olimpbase
1985,7,3,"Timman, Jan H.",NED,2640,olimpbase
1985,7,4,"Beliavsky, Alexander G.",URS,2640,olimpbase
1985,7,5,"Kortschnoj, Viktor",SUI,2630,olimpbase
1985,7,6,"Portisch, Lajos",HUN,2625,olimpbase
1985,7,7,"Vaganian, Rafael A.",URS,2625,olimpbase
1985,7,8,"Huebner, Robert",GER,2620,olimpbase
1985,7,9,"Ljubojevic, Ljubomir",YUG,2615,olimpbase
1985,7,10,"Ribli, Zoltan",HUN,2605,olimpbase
1985,7,11,"Nunn, John D. M.",ENG,2600,olimpbase
1985,7,12,"Yusupov, Artur",URS,2600,olimpbase
1985,7,13,"Polugaevsky, Lev",URS,2600,olimpbase
1985,7,14,"Smyslov, Vassily",URS,2595,olimpbase
1985,7,15,"Andersson, Ulf",SWE,2590,olimpbase
1985,7,16,"Romanishin, Oleg M.",URS,2590,olimpbase
1985,7,17,"Spassky, Boris V.",FRA,2590,olimpbase
1985,7,18,"Short, Nigel D.",ENG,2575,olimpbase
1985,7,19,"Gavrikov, Viktor",URS,2570,olimpbase
1985,7,20,"Seirawan, Yasser",USA,2570,olimpbase
1985,7,21,"Dzindzichashvili, Roman",USA,2570,olimpbase
1985,7,22,"Nikolic, Predrag",YUG,2565,olimpbase
1985,7,23,"Tukmakov, Vladimir B.",URS,2565,olimpbase
1985,7,24,"Larsen, Bent",DEN,2565,olimpbase
1985,7,25,"Pinter, Jozsef",HUN,2565,olimpbase
1985,7,26,"Smejkal, Jan",CSR,2565,olimpbase
1985,7,27,"Tal, Mikhail N.",URS,2565,olimpbase
1985,7,28,"Chernin, Alexander",URS,2560,olimpbase
1985,7,29,"Agzamov, Georgy T.",URS,2560,olimpbase
1985,7,30,"Miles, Anthony J.",ENG,2560,olimpbase
1985,7,31,"Christiansen, Larry M.",USA,2560,olimpbase
1985,7,32,"Nogueiras, Jesus",CUB,2555,olimpbase
1985,7,33,"Sokolov, Andrei",URS,2555,olimpbase
1985,7,34,"Kavalek, Lubomir",USA,2555,olimpbase
1985,7,35,"Cebalo, Miso",YUG,2550,olimpbase
1985,7,36,"Spraggett, Kevin",CAN,2550,olimpbase
1985,7,37,"Lputian, Smbat G.",URS,2550,olimpbase
1985,7,38,"Georgiev, Kiril",BUL,2550,olimpbase
1985,7,39,"Petursson, Margeir",ISL,2550,olimpbase
1985,7,40,"Sveshnikov, Evgeny",URS,2545,olimpbase
1985,7,41,"De Firmian, Nick E.",USA,2545,olimpbase
1985,7,42,"Hort, Vlastimil",CSR,2545,olimpbase
1985,7,43,"Arkhipov, Sergey",URS,2545,olimpbase
1985,7,44,"Marjanovic, Slavoljub",YUG,2540,olimpbase
1985,7,45,"Psakhis, Lev",URS,2540,olimpbase
1985,7,46,"Popovic, Petar",YUG,2535,olimpbase
1985,7,47,"Adorjan, Andras",HUN,2535,olimpbase
1985,7,48,"Sax, Gyula",HUN,2535,olimpbase
1985,7,49,"Benjamin, Joel",USA,2535,olimpbase
1985,7,50,"Torre, Eugenio",PHI,2535,olimpbase
1985,7,51,"Mestel, A. Jonathan",ENG,2535,olimpbase
1985,7,52,"Velimirovic, Dragoljub",YUG,2530,olimpbase
1985,7,53,"Eingorn, Vereslav S.",URS,2530,olimpbase
1985,7,54,"Speelman, Jonathan S.",ENG,2530,olimpbase
1985,7,55,"Sosonko, Gennadi",NED,2530,olimpbase
1985,7,56,"Karlsson, Lars",SWE,2530,olimpbase
1985,7,57,"Schmid, Lothar",GER,2530,olimpbase
1985,7,58,"Lobron, Eric",GER,2525,olimpbase
1985,7,59,"Chandler, Murray G.",ENG,2525,olimpbase
1985,7,60,"Quinteros, Miguel A.",ARG,2525,olimpbase
1985,7,61,"Knaak, Rainer",GDR,2525,olimpbase
1985,7,62,"Tarjan, James E.",USA,2525,olimpbase
1985,7,63,"Ermenkov, Evgenij",BUL,2520,olimpbase
1985,7,64,"Razuvaev, Yuri S.",URS,2520,olimpbase
1985,7,65,"Van der Wiel, John T. H.",NED,2520,olimpbase
1985,7,66,"Geller, Efim P.",URS,2520,olimpbase
1985,7,67,"Dorfman, Josif D.",URS,2520,olimpbase
1985,7,68,"Dolmatov, Sergey",URS,2520,olimpbase
1985,7,69,"Horvath, Jozsef",HUN,2520,olimpbase
1985,7,70,"Gligoric, Svetozar",YUG,2520,olimpbase
1985,7,71,"Garcia Palermo, Carlos",ARG,2515,olimpbase
1985,7,72,"Olafsson, Helgi",ISL,2515,olimpbase
1985,7,73,"Gheorghiu, Florin",ROM,2515,olimpbase
1985,7,74,"Vaiser, Anatoly V.",URS,2515,olimpbase
1985,7,75,"Uhlmann, Wolfgang",GDR,2515,olimpbase
1985,7,76,"Fedorowicz, John P.",USA,2515,olimpbase
1985,7,77,"Agdestein, Simen",NOR,2515,olimpbase
1985,7,78,"Farago, Ivan",HUN,2510,olimpbase
1985,7,79,"Zapata, Alonso",COL,2510,olimpbase
1985,7,80,"Ivkov, Borislav",YUG,2510,olimpbase
1985,7,81,"Rogers, Ian",AUS,2510,olimpbase
1985,7,82,"Rukavina, Josip",YUG,2510,olimpbase
1985,7,83,"Lerner, Konstantin Z.",URS,2510,olimpbase
1985,7,84,"Lombardy, William J.",USA,2510,olimpbase
1985,7,85,"Balashov, Yuri S.",URS,2510,olimpbase
1985,7,86,"Alburt, Lev O.",USA,2510,olimpbase
1985,7,87,"Browne, Walter S.",USA,2510,olimpbase
1985,7,88,"Kurajica, Bojan",YUG,2505,olimpbase
1985,7,89,"Suba, Mihai",ROM,2505,olimpbase
1985,7,90,"Mikhalchishin, Adrian",URS,2505,olimpbase
1985,7,91,"Hjartarson, Johann",ISL,2505,olimpbase
1985,7,92,"Rodriguez, Amador",CUB,2505,olimpbase
1985,7,93,"Kovacevic, Vladimir",YUG,2505,olimpbase
1985,7,94,"Giorgadze, Tamaz",URS,2505,olimpbase
1985,7,95,"Salov, Valery",URS,2505,olimpbase
1985,7,96,"Panno, Oscar",ARG,2505,olimpbase
1985,7,97,"Byrne, Robert E.",USA,2505,olimpbase
1985,7,98,"Henley, Ron W.",USA,2505,olimpbase
1985,7,99,"Ftacnik, Lubomir",CSR,2500,olimpbase
1985,7,100,"Hansen, Curt",DEN,2500,olimpbase
1986,7,1,"Kasparov, Garry",URS,2740,olimpbase
1986,7,2,"Karpov, Anatoly",URS,2705,olimpbase
1986,7,3,"Yusupov, Artur",URS,2660,olimpbase
1986,7,4,"Kortschnoj, Viktor",SUI,2650,olimpbase
1986,7,5,"Spassky, Boris V.",FRA,2620,olimpbase
1986,7,6,"Timman, Jan H.",NED,2620,olimpbase
1986,7,7,"Huebner, Robert",GER,2620,olimpbase
1986,7,8,"Sokolov, Andrei",URS,2620,olimpbase
1986,7,9,"Short, Nigel D.",ENG,2615,olimpbase
1986,7,10,"Portisch, Lajos",HUN,2605,olimpbase
1986,7,11,"Nikolic, Predrag",YUG,2600,olimpbase
1986,7,12,"Ljubojevic, Ljubomir",YUG,2600,olimpbase
1986,7,13,"Andersson, Ulf",SWE,2600,olimpbase
1986,7,14,"Vaganian, Rafael A.",URS,2600,olimpbase
1986,7,15,"Tal, Mikhail N.",URS,2600,olimpbase
1986,7,16,"Nunn, John D. M.",ENG,2590,olimpbase
1986,7,17,"Sax, Gyula",HUN,2585,olimpbase
1986,7,18,"Ribli, Zoltan",HUN,2585,olimpbase
1986,7,19,"Beliavsky, Alexander G.",URS,2585,olimpbase
1986,7,20,"Seirawan, Yasser",USA,2580,olimpbase
1986,7,21,"Suba, Mihai",ROM,2580,olimpbase
1986,7,22,"Tukmakov, Vladimir B.",URS,2575,olimpbase
1986,7,23,"Polugaevsky, Lev",URS,2575,olimpbase
1986,7,24,"Miles, Anthony J.",ENG,2570,olimpbase
1986,7,25,"Van der Wiel, John T. H.",NED,2570,olimpbase
1986,7,26,"Eingorn, Vereslav S.",URS,2570,olimpbase
1986,7,27,"Velimirovic, Dragoljub",YUG,2570,olimpbase
1986,7,28,"Nogueiras, Jesus",CUB,2570,olimpbase
1986,7,29,"Larsen, Bent",DEN,2565,olimpbase
1986,7,30,"Chandler, Murray G.",ENG,2565,olimpbase
1986,7,31,"Chernin, Alexander",URS,2565,olimpbase
1986,7,32,"Romanishin, Oleg M.",URS,2560,olimpbase
1986,7,33,"Christiansen, Larry M.",USA,2560,olimpbase
1986,7,34,"Olafsson, Helgi",ISL,2560,olimpbase
1986,7,35,"Adorjan, Andras",HUN,2560,olimpbase
1986,7,36,"Gheorghiu, Florin",ROM,2555,olimpbase
1986,7,37,"Ftacnik, Lubomir",CSR,2555,olimpbase
1986,7,38,"Pinter, Jozsef",HUN,2555,olimpbase
1986,7,39,"Psakhis, Lev",URS,2555,olimpbase
1986,7,40,"Smyslov, Vassily",URS,2555,olimpbase
1986,7,41,"Kavalek, Lubomir",USA,2555,olimpbase
1986,7,42,"Barlov, Dragan",YUG,2550,olimpbase
1986,7,43,"Gruenfeld, Yehuda",ISR,2550,olimpbase
1986,7,44,"Lerner, Konstantin Z.",URS,2550,olimpbase
1986,7,45,"Salov, Valery",URS,2550,olimpbase
1986,7,46,"Gavrikov, Viktor",URS,2550,olimpbase
1986,7,47,"Hort, Vlastimil",GER,2545,olimpbase
1986,7,48,"Agdestein, Simen",NOR,2545,olimpbase
1986,7,49,"Benjamin, Joel",USA,2540,olimpbase
1986,7,50,"Hulak, Krunoslav",YUG,2540,olimpbase
1986,7,51,"Gurevich, Mikhail",URS,2540,olimpbase
1986,7,52,"Smejkal, Jan",CSR,2540,olimpbase
1986,7,53,"Popovic, Petar",YUG,2540,olimpbase
1986,7,54,"Torre, Eugenio",PHI,2540,olimpbase
1986,7,55,"Arkhipov, Sergey",URS,2540,olimpbase
1986,7,56,"Boensch, Uwe",GDR,2535,olimpbase
1986,7,57,"Speelman, Jonathan S.",ENG,2535,olimpbase
1986,7,58,"Malaniuk, Vladimir P.",URS,2535,olimpbase
1986,7,59,"Razuvaev, Yuri S.",URS,2535,olimpbase
1986,7,60,"Sveshnikov, Evgeny",URS,2535,olimpbase
1986,7,61,"Georgiev, Kiril",BUL,2535,olimpbase
1986,7,62,"Sosonko, Gennadi",NED,2530,olimpbase
1986,7,63,"Balashov, Yuri S.",URS,2530,olimpbase
1986,7,64,"Hansen, Curt",DEN,2530,olimpbase
1986,7,65,"Fedorowicz, John P.",USA,2525,olimpbase
1986,7,66,"Mikhalchishin, Adrian",URS,2525,olimpbase
1986,7,67,"Alburt, Lev O.",USA,2525,olimpbase
1986,7,68,"Hjartarson, Johann",ISL,2525,olimpbase
1986,7,69,"Spraggett, Kevin",CAN,2525,olimpbase
1986,7,70,"Agzamov, Georgy T.",URS,2525,olimpbase
1986,7,71,"Tarjan, James E.",USA,2525,olimpbase
1986,7,72,"Mokry, Karel",CSR,2520,olimpbase
1986,7,73,"Farago, Ivan",HUN,2520,olimpbase
1986,7,74,"Lputian, Smbat G.",URS,2520,olimpbase
1986,7,75,"Gligoric, Svetozar",YUG,2520,olimpbase
1986,7,76,"Gulko, Boris F.",ISR,2520,olimpbase
1986,7,77,"Dorfman, Josif D.",URS,2520,olimpbase
1986,7,78,"Uhlmann, Wolfgang",GDR,2515,olimpbase
1986,7,79,"Marjanovic, Slavoljub",YUG,2515,olimpbase
1986,7,80,"Makarichev, Sergey",URS,2515,olimpbase
1986,7,81,"Ubilava, Elizbar",URS,2515,olimpbase
1986,7,82,"Garcia Palermo, Carlos",ARG,2515,olimpbase
1986,7,83,"Sunye Neto, Jaime",BRA,2515,olimpbase
1986,7,84,"Lobron, Eric",GER,2515,olimpbase
1986,7,85,"Rogers, Ian",AUS,2515,olimpbase
1986,7,86,"Morovic Fernandez, Ivan",CHI,2515,olimpbase
1986,7,87,"Campora, Daniel H.",ARG,2515,olimpbase
1986,7,88,"Panno, Oscar",ARG,2515,olimpbase
1986,7,89,"Petursson, Margeir",ISL,2510,olimpbase
1986,7,90,"Dolmatov, Sergey",URS,2510,olimpbase
1986,7,91,"Greenfeld, Alon",ISR,2510,olimpbase
1986,7,92,"Vasiukov, Evgeni",URS,2510,olimpbase
1986,7,93,"Arnason, Jon L.",ISL,2510,olimpbase
1986,7,94,"Flear, Glenn C.",ENG,2505,olimpbase
1986,7,95,"Gurevich, Dmitry",USA,2505,olimpbase
1986,7,96,"Knaak, Rainer",GDR,2505,olimpbase
1986,7,97,"Vogt, Lothar",GDR,2505,olimpbase
1986,7,98,"Giorgadze, Tamaz",URS,2505,olimpbase
1986,7,99,"Csom, Istvan",HUN,2505,olimpbase
1986,7,100,"Vaiser, Anatoly V.",URS,2505,olimpbase
1987,7,1,"Kasparov, Garry",URS,2740,olimpbase
1987,7,2,"Karpov, Anatoly",URS,2700,olimpbase
1987,7,3,"Yusupov, Artur",URS,2635,olimpbase
1987,7,4,"Sokolov, Andrei",URS,2635,olimpbase
1987,7,5,"Kortschnoj, Viktor",SUI,2630,olimpbase
1987,7,6,"Beliavsky, Alexander G.",URS,2630,olimpbase
1987,7,7,"Timman, Jan H.",NED,2630,olimpbase
1987,7,8,"Tal, Mikhail N.",URS,2625,olimpbase
1987,7,9,"Ljubojevic, Ljubomir",YUG,2625,olimpbase
1987,7,10,"Short, Nigel D.",ENG,2620,olimpbase
1987,7,11,"Nikolic, Predrag",YUG,2620,olimpbase
1987,7,12,"Speelman, Jonathan S.",ENG,2615,olimpbase
1987,7,13,"Portisch, Lajos",HUN,2615,olimpbase
1987,7,14,"Huebner, Robert",GER,2610,olimpbase
1987,7,15,"Georgiev, Kiril",BUL,2605,olimpbase
1987,7,16,"Andersson, Ulf",SWE,2600,olimpbase
1987,7,17,"Seirawan, Yasser",USA,2600,olimpbase
1987,7,18,"Ribli, Zoltan",HUN,2595,olimpbase
1987,7,19,"Vaganian, Rafael A.",URS,2595,olimpbase
1987,7,20,"Polugaevsky, Lev",URS,2595,olimpbase
1987,7,21,"Miles, Anthony J.",ENG,2585,olimpbase
1987,7,22,"Nunn, John D. M.",ENG,2585,olimpbase
1987,7,23,"Tukmakov, Vladimir B.",URS,2580,olimpbase
1987,7,24,"Chernin, Alexander",URS,2580,olimpbase
1987,7,25,"Psakhis, Lev",URS,2575,olimpbase
1987,7,26,"Eingorn, Vereslav S.",URS,2575,olimpbase
1987,7,27,"Chandler, Murray G.",ENG,2575,olimpbase
1987,7,28,"Salov, Valery",URS,2575,olimpbase
1987,7,29,"Benjamin, Joel",USA,2575,olimpbase
1987,7,30,"Pinter, Jozsef",HUN,2575,olimpbase
1987,7,31,"Christiansen, Larry M.",USA,2575,olimpbase
1987,7,32,"Hort, Vlastimil",GER,2570,olimpbase
1987,7,33,"Spassky, Boris V.",FRA,2570,olimpbase
1987,7,34,"Larsen, Bent",DEN,2570,olimpbase
1987,7,35,"Spraggett, Kevin",CAN,2570,olimpbase
1987,7,36,"Sax, Gyula",HUN,2570,olimpbase
1987,7,37,"Alburt, Lev O.",USA,2570,olimpbase
1987,7,38,"Agdestein, Simen",NOR,2565,olimpbase
1987,7,39,"Gulko, Boris F.",USA,2565,olimpbase
1987,7,40,"Kavalek, Lubomir",USA,2565,olimpbase
1987,7,41,"Popovic, Petar",YUG,2560,olimpbase
1987,7,42,"Smagin, Sergey",URS,2555,olimpbase
1987,7,43,"Barlov, Dragan",YUG,2555,olimpbase
1987,7,44,"Bareev, Evgeny",URS,2555,olimpbase
1987,7,45,"Nogueiras, Jesus",CUB,2555,olimpbase
1987,7,46,"Lau, Ralf",GER,2555,olimpbase
1987,7,47,"Romanishin, Oleg M.",URS,2555,olimpbase
1987,7,48,"Arnason, Jon L.",ISL,2555,olimpbase
1987,7,49,"Van der Wiel, John T. H.",NED,2550,olimpbase
1987,7,50,"Balashov, Yuri S.",URS,2550,olimpbase
1987,7,51,"Smyslov, Vassily",URS,2550,olimpbase
1987,7,52,"Rohde, Michael A.",USA,2550,olimpbase
1987,7,53,"Hjartarson, Johann",ISL,2550,olimpbase
1987,7,54,"Chiburdanidze, Maia                    w",URS,2550,olimpbase
1987,7,55,"Hansen, Curt",DEN,2550,olimpbase
1987,7,56,"Campora, Daniel H.",ARG,2545,olimpbase
1987,7,57,"Suba, Mihai",ROM,2545,olimpbase
1987,7,58,"Dlugy, Maxim",USA,2545,olimpbase
1987,7,59,"Malaniuk, Vladimir P.",URS,2545,olimpbase
1987,7,60,"Ftacnik, Lubomir",CSR,2545,olimpbase
1987,7,61,"Gurevich, Dmitry",USA,2545,olimpbase
1987,7,62,"Gruenfeld, Yehuda",ISR,2545,olimpbase
1987,7,63,"Ehlvest, Jaan",URS,2540,olimpbase
1987,7,64,"Lputian, Smbat G.",URS,2540,olimpbase
1987,7,65,"Dolmatov, Sergey",URS,2540,olimpbase
1987,7,66,"Azmaiparashvili, Zurab",URS,2540,olimpbase
1987,7,67,"Olafsson, Helgi",ISL,2540,olimpbase
1987,7,68,"Torre, Eugenio",PHI,2540,olimpbase
1987,7,69,"Morovic Fernandez, Ivan",CHI,2540,olimpbase
1987,7,70,"Adorjan, Andras",HUN,2540,olimpbase
1987,7,71,"Ivanovic, Bozidar",YUG,2535,olimpbase
1987,7,72,"Rogers, Ian",AUS,2535,olimpbase
1987,7,73,"Sosonko, Gennadi",NED,2535,olimpbase
1987,7,74,"Dzindzichashvili, Roman",USA,2535,olimpbase
1987,7,75,"Knaak, Rainer",GDR,2530,olimpbase
1987,7,76,"Watson, William N.",ENG,2530,olimpbase
1987,7,77,"Boensch, Uwe",GDR,2530,olimpbase
1987,7,78,"Lobron, Eric",GER,2530,olimpbase
1987,7,79,"Sokolov, Ivan",YUG,2525,olimpbase
1987,7,80,"Dokhoian, Yury",URS,2525,olimpbase
1987,7,81,"Gavrikov, Viktor",URS,2525,olimpbase
1987,7,82,"Gheorghiu, Florin",ROM,2525,olimpbase
1987,7,83,"Van der Sterren, Paul",NED,2525,olimpbase
1987,7,84,"Lerner, Konstantin Z.",URS,2525,olimpbase
1987,7,85,"Dorfman, Josif D.",URS,2525,olimpbase
1987,7,86,"Granda Zuniga, Julio E.",PER,2525,olimpbase
1987,7,87,"Gligoric, Svetozar",YUG,2525,olimpbase
1987,7,88,"Vladimirov, Evgeny",URS,2525,olimpbase
1987,7,89,"Tarjan, James E.",USA,2525,olimpbase
1987,7,90,"Lukacs, Peter",HUN,2520,olimpbase
1987,7,91,"Rajna, Gyorgy",HUN,2520,olimpbase
1987,7,92,"Velimirovic, Dragoljub",YUG,2520,olimpbase
1987,7,93,"Khalifman, Alexander",URS,2520,olimpbase
1987,7,94,"Garcia Palermo, Carlos",ARG,2520,olimpbase
1987,7,95,"Fedorowicz, John P.",USA,2520,olimpbase
1987,7,96,"Pigusov, Evgeny",URS,2520,olimpbase
1987,7,97,"Illescas Cordoba, Miguel",ESP,2520,olimpbase
1987,7,98,"Panno, Oscar",ARG,2520,olimpbase
1987,7,99,"Greenfeld, Alon",ISR,2520,olimpbase
1987,7,100,"Hebden, Mark",ENG,2515,olimpbase
1988,7,1,"Kasparov, Garry",URS,2760,olimpbase
1988,7,2,"Karpov, Anatoly",URS,2725,olimpbase
1988,7,3,"Short, Nigel D.",ENG,2665,olimpbase
1988,7,4,"Beliavsky, Alexander G.",URS,2655,olimpbase
1988,7,5,"Speelman, Jonathan S.",ENG,2645,olimpbase
1988,7,6,"Timman, Jan H.",NED,2640,olimpbase
1988,7,7,"Portisch, Lajos",HUN,2635,olimpbase
1988,7,8,"Gurevich, Mikhail",URS,2630,olimpbase
1988,7,9,"Ribli, Zoltan",HUN,2630,olimpbase
1988,7,10,"Ivanchuk, Vassily",URS,2625,olimpbase
1988,7,11,"Andersson, Ulf",SWE,2625,olimpbase
1988,7,12,"Nunn, John D. M.",ENG,2625,olimpbase
1988,7,13,"Salov, Valery",URS,2625,olimpbase
1988,7,14,"Hjartarson, Johann",ISL,2620,olimpbase
1988,7,15,"Yusupov, Artur",URS,2615,olimpbase
1988,7,16,"Nikolic, Predrag",YUG,2610,olimpbase
1988,7,17,"Seirawan, Yasser",USA,2610,olimpbase
1988,7,18,"Tal, Mikhail N.",URS,2610,olimpbase
1988,7,19,"Chandler, Murray G.",ENG,2605,olimpbase
1988,7,20,"Huebner, Robert",GER,2600,olimpbase
1988,7,21,"Sax, Gyula",HUN,2600,olimpbase
1988,7,22,"Sokolov, Andrei",URS,2600,olimpbase
1988,7,23,"Kortschnoj, Viktor",SUI,2595,olimpbase
1988,7,24,"Agdestein, Simen",NOR,2595,olimpbase
1988,7,25,"Hort, Vlastimil",GER,2595,olimpbase
1988,7,26,"Vaganian, Rafael A.",URS,2595,olimpbase
1988,7,27,"Georgiev, Kiril",BUL,2595,olimpbase
1988,7,28,"Tukmakov, Vladimir B.",URS,2590,olimpbase
1988,7,29,"Gulko, Boris F.",USA,2590,olimpbase
1988,7,30,"Ljubojevic, Ljubomir",YUG,2590,olimpbase
1988,7,31,"Ftacnik, Lubomir",CSR,2590,olimpbase
1988,7,32,"Polugaevsky, Lev",URS,2590,olimpbase
1988,7,33,"Gelfand, Boris",URS,2585,olimpbase
1988,7,34,"Ehlvest, Jaan",URS,2580,olimpbase
1988,7,35,"Spraggett, Kevin",CAN,2575,olimpbase
1988,7,36,"Sokolov, Ivan",YUG,2570,olimpbase
1988,7,37,"Damljanovic, Branko",YUG,2565,olimpbase
1988,7,38,"Chernin, Alexander",URS,2565,olimpbase
1988,7,39,"Vyzmanavin, Alexey",URS,2565,olimpbase
1988,7,40,"Rohde, Michael A.",USA,2565,olimpbase
1988,7,41,"Kavalek, Lubomir",USA,2565,olimpbase
1988,7,42,"Psakhis, Lev",URS,2560,olimpbase
1988,7,43,"Benjamin, Joel",USA,2560,olimpbase
1988,7,44,"Bareev, Evgeny",URS,2560,olimpbase
1988,7,45,"Larsen, Bent",DEN,2560,olimpbase
1988,7,46,"Eingorn, Vereslav S.",URS,2560,olimpbase
1988,7,47,"De Firmian, Nick E.",USA,2560,olimpbase
1988,7,48,"Spassky, Boris V.",FRA,2560,olimpbase
1988,7,49,"Anand, Viswanathan",IND,2555,olimpbase
1988,7,50,"Pinter, Jozsef",HUN,2555,olimpbase
1988,7,51,"Torre, Eugenio",PHI,2555,olimpbase
1988,7,52,"Chiburdanidze, Maia                    w",URS,2555,olimpbase
1988,7,53,"Kotronias, Vasilios",GRE,2550,olimpbase
1988,7,54,"Christiansen, Larry M.",USA,2550,olimpbase
1988,7,55,"Nogueiras, Jesus",CUB,2550,olimpbase
1988,7,56,"Greenfeld, Alon",ISR,2550,olimpbase
1988,7,57,"Romanishin, Oleg M.",URS,2550,olimpbase
1988,7,58,"Rodriguez, Amador",CUB,2550,olimpbase
1988,7,59,"Dolmatov, Sergey",URS,2550,olimpbase
1988,7,60,"Kharitonov, Andrei V.",URS,2550,olimpbase
1988,7,61,"Smagin, Sergey",URS,2550,olimpbase
1988,7,62,"Smyslov, Vassily",URS,2550,olimpbase
1988,7,63,"Kudrin, Sergey",USA,2545,olimpbase
1988,7,64,"Dlugy, Maxim",USA,2545,olimpbase
1988,7,65,"Murey, Jacob",FRA,2545,olimpbase
1988,7,66,"Gavrikov, Viktor",URS,2545,olimpbase
1988,7,67,"Morovic Fernandez, Ivan",CHI,2545,olimpbase
1988,7,68,"Lputian, Smbat G.",URS,2540,olimpbase
1988,7,69,"Balashov, Yuri S.",URS,2540,olimpbase
1988,7,70,"Ivanovic, Bozidar",YUG,2540,olimpbase
1988,7,71,"Csom, Istvan",HUN,2540,olimpbase
1988,7,72,"Van der Wiel, John T. H.",NED,2540,olimpbase
1988,7,73,"Velimirovic, Dragoljub",YUG,2540,olimpbase
1988,7,74,"Dorfman, Josif D.",URS,2540,olimpbase
1988,7,75,"Sosonko, Gennadi",NED,2540,olimpbase
1988,7,76,"Campora, Daniel H.",ARG,2540,olimpbase
1988,7,77,"Vladimirov, Evgeny",URS,2540,olimpbase
1988,7,78,"Azmaiparashvili, Zurab",URS,2540,olimpbase
1988,7,79,"Suba, Mihai",ROM,2535,olimpbase
1988,7,80,"Borges Mateos, Juan",CUB,2535,olimpbase
1988,7,81,"Kaidanov, Grigory S.",URS,2535,olimpbase
1988,7,82,"Granda Zuniga, Julio E.",PER,2535,olimpbase
1988,7,83,"Arnason, Jon L.",ISL,2535,olimpbase
1988,7,84,"Rogers, Ian",AUS,2535,olimpbase
1988,7,85,"Razuvaev, Yuri S.",URS,2535,olimpbase
1988,7,86,"Khalifman, Alexander",URS,2530,olimpbase
1988,7,87,"Lobron, Eric",GER,2530,olimpbase
1988,7,88,"Petursson, Margeir",ISL,2530,olimpbase
1988,7,89,"Pigusov, Evgeny",URS,2530,olimpbase
1988,7,90,"Popovic, Petar",YUG,2530,olimpbase
1988,7,91,"Vaiser, Anatoly V.",URS,2530,olimpbase
1988,7,92,"Goldin, Alexander",URS,2530,olimpbase
1988,7,93,"Milos, Gilberto",BRA,2530,olimpbase
1988,7,94,"Lerner, Konstantin Z.",URS,2530,olimpbase
1988,7,95,"Kindermann, Stefan",GER,2525,olimpbase
1988,7,96,"Hodgson, Julian M.",ENG,2525,olimpbase
1988,7,97,"Olafsson, Helgi",ISL,2525,olimpbase
1988,7,98,"Todorcevic, Miodrag",MNC,2525,olimpbase
1988,7,99,"Schussler, Harry",SWE,2525,olimpbase
1988,7,100,"Garcia Gonzales, Guillermo",CUB,2525,olimpbase
1989,7,1,"Kasparov, Garry",URS,2775,olimpbase
1989,7,2,"Karpov, Anatoly",URS,2755,olimpbase
1989,7,3,"Short, Nigel D.",ENG,2660,olimpbase
1989,7,4,"Ivanchuk, Vassily",URS,2660,olimpbase
1989,7,5,"Kortschnoj, Viktor",SUI,2655,olimpbase
1989,7,6,"Salov, Valery",URS,2645,olimpbase
1989,7,7,"Gurevich, Mikhail",URS,2640,olimpbase
1989,7,8,"Andersson, Ulf",SWE,2635,olimpbase
1989,7,9,"Timman, Jan H.",NED,2635,olimpbase
1989,7,10,"Ljubojevic, Ljubomir",YUG,2635,olimpbase
1989,7,11,"Beliavsky, Alexander G.",URS,2620,olimpbase
1989,7,12,"Ehlvest, Jaan",URS,2620,olimpbase
1989,7,13,"Speelman, Jonathan S.",ENG,2615,olimpbase
1989,7,14,"Dolmatov, Sergey",URS,2610,olimpbase
1989,7,15,"Yusupov, Artur",URS,2610,olimpbase
1989,7,16,"Ribli, Zoltan",HUN,2605,olimpbase
1989,7,17,"Huebner, Robert",GER,2605,olimpbase
1989,7,18,"Gulko, Boris F.",USA,2605,olimpbase
1989,7,19,"Agdestein, Simen",NOR,2605,olimpbase
1989,7,20,"Nikolic, Predrag",YUG,2600,olimpbase
1989,7,21,"Portisch, Lajos",HUN,2600,olimpbase
1989,7,22,"Sokolov, Andrei",URS,2595,olimpbase
1989,7,23,"Gelfand, Boris",URS,2590,olimpbase
1989,7,24,"Georgiev, Kiril",BUL,2590,olimpbase
1989,7,25,"Vaganian, Rafael A.",URS,2585,olimpbase
1989,7,26,"Dorfman, Josif D.",URS,2585,olimpbase
1989,7,27,"Seirawan, Yasser",USA,2585,olimpbase
1989,7,28,"Chandler, Murray G.",ENG,2585,olimpbase
1989,7,29,"De Firmian, Nick E.",USA,2585,olimpbase
1989,7,30,"Polugaevsky, Lev",URS,2585,olimpbase
1989,7,31,"Spraggett, Kevin",CAN,2585,olimpbase
1989,7,32,"Tal, Mikhail N.",URS,2585,olimpbase
1989,7,33,"Petursson, Margeir",ISL,2580,olimpbase
1989,7,34,"Sax, Gyula",HUN,2580,olimpbase
1989,7,35,"Spassky, Boris V.",FRA,2580,olimpbase
1989,7,36,"Chernin, Alexander",URS,2580,olimpbase
1989,7,37,"Bareev, Evgeny",URS,2580,olimpbase
1989,7,38,"Wilder, Michael",USA,2575,olimpbase
1989,7,39,"Nunn, John D. M.",ENG,2575,olimpbase
1989,7,40,"Azmaiparashvili, Zurab",URS,2575,olimpbase
1989,7,41,"Miles, Anthony J.",USA,2570,olimpbase
1989,7,42,"Dreev, Alexey",URS,2570,olimpbase
1989,7,43,"Dokhoian, Yury",URS,2570,olimpbase
1989,7,44,"Kudrin, Sergey",USA,2570,olimpbase
1989,7,45,"Hort, Vlastimil",GER,2570,olimpbase
1989,7,46,"Psakhis, Lev",URS,2565,olimpbase
1989,7,47,"Tukmakov, Vladimir B.",URS,2565,olimpbase
1989,7,48,"Smyslov, Vassily",URS,2565,olimpbase
1989,7,49,"Vladimirov, Evgeny",URS,2565,olimpbase
1989,7,50,"Kozul, Zdenko",YUG,2560,olimpbase
1989,7,51,"Malaniuk, Vladimir P.",URS,2560,olimpbase
1989,7,52,"Eingorn, Vereslav S.",URS,2560,olimpbase
1989,7,53,"Lobron, Eric",GER,2560,olimpbase
1989,7,54,"Pigusov, Evgeny",URS,2560,olimpbase
1989,7,55,"Hellers, Ferdinand",SWE,2560,olimpbase
1989,7,56,"Pinter, Jozsef",HUN,2560,olimpbase
1989,7,57,"Nogueiras, Jesus",CUB,2560,olimpbase
1989,7,58,"Torre, Eugenio",PHI,2560,olimpbase
1989,7,59,"Kavalek, Lubomir",USA,2560,olimpbase
1989,7,60,"Damljanovic, Branko",YUG,2555,olimpbase
1989,7,61,"Vaiser, Anatoly V.",URS,2555,olimpbase
1989,7,62,"Anand, Viswanathan",IND,2555,olimpbase
1989,7,63,"Gavrikov, Viktor",URS,2555,olimpbase
1989,7,64,"Hjartarson, Johann",ISL,2555,olimpbase
1989,7,65,"Yudasin, Leonid",URS,2555,olimpbase
1989,7,66,"Polgar, Judit                          w",HUN,2555,olimpbase
1989,7,67,"Browne, Walter S.",USA,2555,olimpbase
1989,7,68,"Vyzmanavin, Alexey",URS,2555,olimpbase
1989,7,69,"Oll, Lembit",URS,2550,olimpbase
1989,7,70,"Popovic, Petar",YUG,2550,olimpbase
1989,7,71,"Ftacnik, Lubomir",CSR,2550,olimpbase
1989,7,72,"Christiansen, Larry M.",USA,2550,olimpbase
1989,7,73,"Hulak, Krunoslav",YUG,2550,olimpbase
1989,7,74,"Wang, Zili",CHN,2550,olimpbase
1989,7,75,"Rohde, Michael A.",USA,2550,olimpbase
1989,7,76,"Ivanovic, Bozidar",YUG,2545,olimpbase
1989,7,77,"Van der Wiel, John T. H.",NED,2545,olimpbase
1989,7,78,"Olafsson, Helgi",ISL,2545,olimpbase
1989,7,79,"Razuvaev, Yuri S.",URS,2545,olimpbase
1989,7,80,"Khalifman, Alexander",URS,2545,olimpbase
1989,7,81,"Smejkal, Jan",CSR,2545,olimpbase
1989,7,82,"Piket, Jeroen",NED,2540,olimpbase
1989,7,83,"Lputian, Smbat G.",URS,2540,olimpbase
1989,7,84,"Dzindzichashvili, Roman",USA,2540,olimpbase
1989,7,85,"Sosonko, Gennadi",NED,2540,olimpbase
1989,7,86,"Schussler, Harry",SWE,2540,olimpbase
1989,7,87,"Hodgson, Julian M.",ENG,2535,olimpbase
1989,7,88,"Wahls, Matthias",GER,2535,olimpbase
1989,7,89,"Fedorowicz, John P.",USA,2535,olimpbase
1989,7,90,"Balashov, Yuri S.",URS,2535,olimpbase
1989,7,91,"Smagin, Sergey",URS,2535,olimpbase
1989,7,92,"Timoshenko, Georgy",URS,2535,olimpbase
1989,7,93,"Dautov, Rustem",URS,2535,olimpbase
1989,7,94,"Murrey, Jacob",FRA,2535,olimpbase
1989,7,95,"Velimirovic, Dragoljub",YUG,2535,olimpbase
1989,7,96,"Greenfeld, Alon",ISR,2535,olimpbase
1989,7,97,"Larsen, Bent",DEN,2530,olimpbase
1989,7,98,"Lerner, Konstantin Z.",URS,2530,olimpbase
1989,7,99,"Todorcevic, Miodrag",YUG,2530,olimpbase
1989,7,100,"Smirin, Ilia",URS,2530,olimpbase
1990,7,1,"Kasparov, Garry",URS,2800,olimpbase
1990,7,2,"Karpov, Anatoly",URS,2730,olimpbase
1990,7,3,"Gelfand, Boris",URS,2680,olimpbase
1990,7,4,"Ivanchuk, Vassily",URS,2680,olimpbase
1990,7,5,"Timman, Jan H.",NED,2660,olimpbase
1990,7,6,"Ehlvest, Jaan",URS,2655,olimpbase
1990,7,7,"Salov, Valery",URS,2655,olimpbase
1990,7,8,"Kamsky, Gata",USA,2650,olimpbase
1990,7,9,"Gurevich, Mikhail",URS,2640,olimpbase
1990,7,10,"Seirawan, Yasser",USA,2635,olimpbase
1990,7,11,"Andersson, Ulf",SWE,2630,olimpbase
1990,7,12,"Kortschnoj, Viktor",SUI,2630,olimpbase
1990,7,13,"Vaganian, Rafael A.",URS,2630,olimpbase
1990,7,14,"Dreev, Alexey",URS,2615,olimpbase
1990,7,15,"Dolmatov, Sergey",URS,2615,olimpbase
1990,7,16,"Khalifman, Alexander",URS,2615,olimpbase
1990,7,17,"Yudasin, Leonid",URS,2615,olimpbase
1990,7,18,"Mecking, Henrique",BRA,2615,olimpbase
1990,7,19,"Anand, Viswanathan",IND,2610,olimpbase
1990,7,20,"Short, Nigel D.",ENG,2610,olimpbase
1990,7,21,"Ribli, Zoltan",HUN,2610,olimpbase
1990,7,22,"Polugaevsky, Lev",URS,2610,olimpbase
1990,7,23,"Nunn, John D. M.",ENG,2610,olimpbase
1990,7,24,"Yusupov, Artur",URS,2605,olimpbase
1990,7,25,"Bareev, Evgeny",URS,2605,olimpbase
1990,7,26,"Beliavsky, Alexander G.",URS,2605,olimpbase
1990,7,27,"Speelman, Jonathan S.",ENG,2605,olimpbase
1990,7,28,"Gulko, Boris F.",USA,2600,olimpbase
1990,7,29,"Chernin, Alexander",URS,2600,olimpbase
1990,7,30,"Nikolic, Predrag",YUG,2600,olimpbase
1990,7,31,"Sax, Gyula",HUN,2600,olimpbase
1990,7,32,"Ljubojevic, Ljubomir",YUG,2600,olimpbase
1990,7,33,"Agdestein, Simen",NOR,2600,olimpbase
1990,7,34,"Miles, Anthony J.",USA,2595,olimpbase
1990,7,35,"Olafsson, Helgi",ISL,2595,olimpbase
1990,7,36,"Christiansen, Larry M.",USA,2595,olimpbase
1990,7,37,"Adams, Michael",ENG,2590,olimpbase
1990,7,38,"Epishin, Vladimir",URS,2590,olimpbase
1990,7,39,"Portisch, Lajos",HUN,2590,olimpbase
1990,7,40,"Vyzmanavin, Alexey",URS,2585,olimpbase
1990,7,41,"Huebner, Robert",GER,2585,olimpbase
1990,7,42,"Shirov, Alexei",URS,2580,olimpbase
1990,7,43,"Georgiev, Kiril",BUL,2580,olimpbase
1990,7,44,"Dorfman, Josif D.",URS,2580,olimpbase
1990,7,45,"Tal, Mikhail N.",URS,2580,olimpbase
1990,7,46,"Gavrikov, Viktor",URS,2580,olimpbase
1990,7,47,"Balashov, Yuri S.",URS,2575,olimpbase
1990,7,48,"Azmaiparashvili, Zurab",URS,2575,olimpbase
1990,7,49,"Vladimirov, Evgeny",URS,2575,olimpbase
1990,7,50,"Novikov, Igor A.",URS,2575,olimpbase
1990,7,51,"Aseev, Konstantin N.",URS,2575,olimpbase
1990,7,52,"Psakhis, Lev",ISR,2575,olimpbase
1990,7,53,"Lputian, Smbat G.",URS,2575,olimpbase
1990,7,54,"Smyslov, Vassily",URS,2570,olimpbase
1990,7,55,"Lautier, Joel",FRA,2570,olimpbase
1990,7,56,"Razuvaev, Yuri S.",URS,2570,olimpbase
1990,7,57,"Spassky, Boris V.",FRA,2570,olimpbase
1990,7,58,"Sokolov, Andrei",URS,2570,olimpbase
1990,7,59,"Dlugy, Maxim",USA,2565,olimpbase
1990,7,60,"Fedorowicz, John P.",USA,2565,olimpbase
1990,7,61,"Rosentalis, Eduard",URS,2565,olimpbase
1990,7,62,"Pinter, Jozsef",HUN,2565,olimpbase
1990,7,63,"Benjamin, Joel",USA,2560,olimpbase
1990,7,64,"Shneider, Aleksandr",URS,2560,olimpbase
1990,7,65,"King, Daniel J.",ENG,2560,olimpbase
1990,7,66,"De Firmian, Nick E.",USA,2560,olimpbase
1990,7,67,"Chandler, Murray G.",ENG,2560,olimpbase
1990,7,68,"Kozul, Zdenko",YUG,2560,olimpbase
1990,7,69,"Dzindzichashvili, Roman",USA,2560,olimpbase
1990,7,70,"Oll, Lembit",URS,2560,olimpbase
1990,7,71,"Hansen, Curt",DEN,2560,olimpbase
1990,7,72,"Arencibia, Walter",CUB,2555,olimpbase
1990,7,73,"Van der Wiel, John T. H.",NED,2555,olimpbase
1990,7,74,"Hodgson, Julian M.",ENG,2555,olimpbase
1990,7,75,"Ruban, Vadim",URS,2555,olimpbase
1990,7,76,"Smirin, Ilia",URS,2555,olimpbase
1990,7,77,"Dautov, Rustem",URS,2555,olimpbase
1990,7,78,"Groszpeter, Attila",HUN,2555,olimpbase
1990,7,79,"Dvoirys, Semen I.",URS,2555,olimpbase
1990,7,80,"Smagin, Sergey",URS,2550,olimpbase
1990,7,81,"Petursson, Margeir",ISL,2550,olimpbase
1990,7,82,"Ftacnik, Lubomir",CSR,2550,olimpbase
1990,7,83,"Machulsky, Anatoly D.",URS,2550,olimpbase
1990,7,84,"Sokolov, Ivan",YUG,2550,olimpbase
1990,7,85,"Eingorn, Vereslav S.",URS,2550,olimpbase
1990,7,86,"Nogueiras, Jesus",CUB,2550,olimpbase
1990,7,87,"Yermolinsky, Alexey",URS,2550,olimpbase
1990,7,88,"Kavalek, Lubomir",USA,2550,olimpbase
1990,7,89,"Zapata, Alonso",COL,2545,olimpbase
1990,7,90,"Kengis, Edwin",URS,2545,olimpbase
1990,7,91,"Larsen, Bent",DEN,2545,olimpbase
1990,7,92,"Lerner, Konstantin Z.",URS,2545,olimpbase
1990,7,93,"Hulak, Krunoslav",YUG,2545,olimpbase
1990,7,94,"Smejkal, Jan",CSR,2545,olimpbase
1990,7,95,"Hort, Vlastimil",GER,2545,olimpbase
1990,7,96,"Makarichev, Sergey",URS,2545,olimpbase
1990,7,97,"Wolff, Patrick G.",USA,2540,olimpbase
1990,7,98,"Spraggett, Kevin",CAN,2540,olimpbase
1990,7,99,"Kaidanov, Grigory S.",URS,2540,olimpbase
1990,7,100,"Todorcevic, Miodrag",YUG,2540,olimpbase
1991,7,1,"Kasparov, Garry",URS,2770,olimpbase
1991,7,2,"Ivanchuk, Vassily",URS,2735,olimpbase
1991,7,3,"Karpov, Anatoly",URS,2730,olimpbase
1991,7,4,"Bareev, Evgeny",URS,2680,olimpbase
1991,7,5,"Salov, Valery",URS,2665,olimpbase
1991,7,6,"Gelfand, Boris",URS,2665,olimpbase
1991,7,7,"Short, Nigel D.",ENG,2660,olimpbase
1991,7,8,"Beliavsky, Alexander G.",URS,2655,olimpbase
1991,7,9,"Anand, Viswanathan",IND,2650,olimpbase
1991,7,10,"Khalifman, Alexander",GER,2630,olimpbase
1991,7,11,"Gurevich, Mikhail",URS,2630,olimpbase
1991,7,12,"Speelman, Jonathan S.",ENG,2630,olimpbase
1991,7,13,"Timman, Jan H.",NED,2630,olimpbase
1991,7,14,"Polugaevsky, Lev",URS,2630,olimpbase
1991,7,15,"Yusupov, Artur",URS,2625,olimpbase
1991,7,16,"Nikolic, Predrag",YUG,2625,olimpbase
1991,7,17,"Andersson, Ulf",SWE,2625,olimpbase
1991,7,18,"Adams, Michael",ENG,2615,olimpbase
1991,7,19,"Epishin, Vladimir",URS,2615,olimpbase
1991,7,20,"Huebner, Robert",GER,2615,olimpbase
1991,7,21,"Azmaiparashvili, Zurab",URS,2615,olimpbase
1991,7,22,"Seirawan, Yasser",USA,2615,olimpbase
1991,7,23,"Nunn, John D. M.",ENG,2610,olimpbase
1991,7,24,"Shirov, Alexei",URS,2610,olimpbase
1991,7,25,"Kortschnoj, Viktor",SUI,2610,olimpbase
1991,7,26,"Dreev, Alexey",URS,2610,olimpbase
1991,7,27,"Mecking, Henrique",BRA,2610,olimpbase
1991,7,28,"Ehlvest, Jaan",URS,2605,olimpbase
1991,7,29,"Chernin, Alexander",URS,2605,olimpbase
1991,7,30,"Dolmatov, Sergey",URS,2605,olimpbase
1991,7,31,"Chandler, Murray G.",ENG,2605,olimpbase
1991,7,32,"Christiansen, Larry M.",USA,2600,olimpbase
1991,7,33,"Romanishin, Oleg M.",URS,2600,olimpbase
1991,7,34,"Ljubojevic, Ljubomir",YUG,2600,olimpbase
1991,7,35,"Hansen, Curt",DEN,2600,olimpbase
1991,7,36,"Oll, Lembit",URS,2600,olimpbase
1991,7,37,"Sax, Gyula",HUN,2600,olimpbase
1991,7,38,"Dorfman, Josif D.",URS,2600,olimpbase
1991,7,39,"Yudasin, Leonid",URS,2595,olimpbase
1991,7,40,"Kamsky, Gata",USA,2595,olimpbase
1991,7,41,"Granda Zuniga, Julio E.",PER,2595,olimpbase
1991,7,42,"Dautov, Rustem",URS,2595,olimpbase
1991,7,43,"Ribli, Zoltan",HUN,2595,olimpbase
1991,7,44,"Akopian, Vladimir",URS,2590,olimpbase
1991,7,45,"Vyzmanavin, Alexey",URS,2590,olimpbase
1991,7,46,"Razuvaev, Yuri S.",URS,2590,olimpbase
1991,7,47,"Piket, Jeroen",NED,2590,olimpbase
1991,7,48,"Balashov, Yuri S.",URS,2590,olimpbase
1991,7,49,"Georgiev, Kiril",BUL,2590,olimpbase
1991,7,50,"Agdestein, Simen",NOR,2590,olimpbase
1991,7,51,"Damljanovic, Branko",YUG,2585,olimpbase
1991,7,52,"Gavrikov, Viktor",URS,2585,olimpbase
1991,7,53,"Eingorn, Vereslav S.",URS,2585,olimpbase
1991,7,54,"Vaganian, Rafael A.",URS,2585,olimpbase
1991,7,55,"Vladimirov, Evgeny",URS,2580,olimpbase
1991,7,56,"Pinter, Jozsef",HUN,2580,olimpbase
1991,7,57,"Ftacnik, Lubomir",CSR,2575,olimpbase
1991,7,58,"Ruban, Vadim",URS,2575,olimpbase
1991,7,59,"Tal, Mikhail N.",URS,2575,olimpbase
1991,7,60,"Kengis, Edwin",URS,2575,olimpbase
1991,7,61,"Psakhis, Lev",ISR,2575,olimpbase
1991,7,62,"Yermolinsky, Alexey",USA,2575,olimpbase
1991,7,63,"Rosentalis, Eduard",URS,2575,olimpbase
1991,7,64,"Kurajica, Bojan",YUG,2570,olimpbase
1991,7,65,"Hodgson, Julian M.",ENG,2570,olimpbase
1991,7,66,"Sokolov, Ivan",YUG,2570,olimpbase
1991,7,67,"Goldin, Alexander",URS,2570,olimpbase
1991,7,68,"Lputian, Smbat G.",URS,2570,olimpbase
1991,7,69,"Portisch, Lajos",HUN,2570,olimpbase
1991,7,70,"De Firmian, Nick E.",USA,2570,olimpbase
1991,7,71,"Ivanov, Alexander",USA,2565,olimpbase
1991,7,72,"Ulibin, Mikhail",URS,2565,olimpbase
1991,7,73,"Vaiser, Anatoly V.",FRA,2565,olimpbase
1991,7,74,"Gulko, Boris F.",USA,2565,olimpbase
1991,7,75,"Rogers, Ian",AUS,2565,olimpbase
1991,7,76,"Arencibia, Walter",CUB,2560,olimpbase
1991,7,77,"Yakovich, Yuri",URS,2560,olimpbase
1991,7,78,"Wahls, Matthias",GER,2560,olimpbase
1991,7,79,"Boensch, Uwe",GER,2560,olimpbase
1991,7,80,"Magerramov, Elmar",URS,2560,olimpbase
1991,7,81,"Lautier, Joel",FRA,2560,olimpbase
1991,7,82,"Machulsky, Anatoly D.",URS,2560,olimpbase
1991,7,83,"Dlugy, Maxim",USA,2560,olimpbase
1991,7,84,"Kozul, Zdenko",YUG,2560,olimpbase
1991,7,85,"Miles, Anthony J.",USA,2555,olimpbase
1991,7,86,"Stohl, Igor",CSR,2555,olimpbase
1991,7,87,"Ubilava, Elizbar",URS,2555,olimpbase
1991,7,88,"Hertneck, Gerald",GER,2555,olimpbase
1991,7,89,"Torre, Eugenio",PHI,2555,olimpbase
1991,7,90,"Kaidanov, Grigory S.",URS,2555,olimpbase
1991,7,91,"Smejkal, Jan",CSR,2555,olimpbase
1991,7,92,"Dzindzichashvili, Roman",USA,2555,olimpbase
1991,7,93,"Popovic, Petar",YUG,2550,olimpbase
1991,7,94,"Polgar, Judit                          w",HUN,2550,olimpbase
1991,7,95,"Barua, Dibyendu",IND,2550,olimpbase
1991,7,96,"Kovalev, Andrei",URS,2550,olimpbase
1991,7,97,"Krasenkov, Mikhail",URS,2550,olimpbase
1991,7,98,"Novikov, Igor A.",URS,2550,olimpbase
1991,7,99,"Spassky, Boris V.",FRA,2550,olimpbase
1991,7,100,"Hjartarson, Johann",ISL,2550,olimpbase
1992,7,1,"Kasparov, Garry",RUS,2790,olimpbase
1992,7,2,"Ivanchuk, Vassily",UKR,2720,olimpbase
1992,7,3,"Karpov, Anatoly",RUS,2715,olimpbase
1992,7,4,"Shirov, Alexei",LAT,2710,olimpbase
1992,7,5,"Anand, Viswanathan",IND,2690,olimpbase
1992,7,6,"Gelfand, Boris",RUS,2685,olimpbase
1992,7,7,"Short, Nigel D.",ENG,2680,olimpbase
1992,7,8,"Bareev, Evgeny",RUS,2670,olimpbase
1992,7,9,"Timman, Jan H.",NED,2665,olimpbase
1992,7,10,"Salov, Valery",RUS,2655,olimpbase
1992,7,11,"Kamsky, Gata",USA,2655,olimpbase
1992,7,12,"Yusupov, Artur",RUS,2640,olimpbase
1992,7,13,"Polugaevsky, Lev",RUS,2640,olimpbase
1992,7,14,"Yudasin, Leonid",RUS,2635,olimpbase
1992,7,15,"Khalifman, Alexander",RUS,2635,olimpbase
1992,7,16,"Vaganian, Rafael A.",ARM,2635,olimpbase
1992,7,17,"Ehlvest, Jaan",EST,2635,olimpbase
1992,7,18,"Hansen, Curt",DEN,2635,olimpbase
1992,7,19,"Epishin, Vladimir",RUS,2630,olimpbase
1992,7,20,"Huebner, Robert",GER,2630,olimpbase
1992,7,21,"Gurevich, Mikhail",BEL,2625,olimpbase
1992,7,22,"Piket, Jeroen",NED,2625,olimpbase
1992,7,23,"Lobron, Eric",GER,2625,olimpbase
1992,7,24,"Christiansen, Larry M.",USA,2625,olimpbase
1992,7,25,"Kramnik, Vladimir",RUS,2625,olimpbase
1992,7,26,"Nikolic, Predrag",YUG,2625,olimpbase
1992,7,27,"Sokolov, Ivan",YUG,2625,olimpbase
1992,7,28,"Dautov, Rustem",RUS,2625,olimpbase
1992,7,29,"Agdestein, Simen",NOR,2620,olimpbase
1992,7,30,"Azmaiparashvili, Zurab",GEO,2620,olimpbase
1992,7,31,"Yermolinsky, Alexey",USA,2615,olimpbase
1992,7,32,"Dorfman, Josif D.",FRA,2610,olimpbase
1992,7,33,"Adams, Michael",ENG,2610,olimpbase
1992,7,34,"Gulko, Boris F.",USA,2610,olimpbase
1992,7,35,"Ribli, Zoltan",HUN,2610,olimpbase
1992,7,36,"Dolmatov, Sergey",RUS,2610,olimpbase
1992,7,37,"Georgiev, Kiril",BUL,2610,olimpbase
1992,7,38,"Sokolov, Andrei",RUS,2605,olimpbase
1992,7,39,"Seirawan, Yasser",USA,2605,olimpbase
1992,7,40,"Mecking, Henrique",BRA,2605,olimpbase
1992,7,41,"Andersson, Ulf",SWE,2605,olimpbase
1992,7,42,"Akopian, Vladimir",ARM,2600,olimpbase
1992,7,43,"Illescas Cordoba, Miguel",ESP,2600,olimpbase
1992,7,44,"Chernin, Alexander",HUN,2600,olimpbase
1992,7,45,"Oll, Lembit",EST,2600,olimpbase
1992,7,46,"Ljubojevic, Ljubomir",YUG,2600,olimpbase
1992,7,47,"Mozetic, Dejan",YUG,2595,olimpbase
1992,7,48,"Portisch, Lajos",HUN,2595,olimpbase
1992,7,49,"Nunn, John D. M.",ENG,2595,olimpbase
1992,7,50,"Damljanovic, Branko",YUG,2595,olimpbase
1992,7,51,"Beliavsky, Alexander G.",UKR,2595,olimpbase
1992,7,52,"Hjartarson, Johann",ISL,2595,olimpbase
1992,7,53,"Miles, Anthony J.",ENG,2595,olimpbase
1992,7,54,"Speelman, Jonathan S.",ENG,2590,olimpbase
1992,7,55,"Kengis, Edvins",LAT,2590,olimpbase
1992,7,56,"Dreev, Alexey",RUS,2590,olimpbase
1992,7,57,"Wolff, Patrick G.",USA,2590,olimpbase
1992,7,58,"Rozentalis, Eduardas",LTU,2590,olimpbase
1992,7,59,"Eingorn, Vereslav S.",UKR,2590,olimpbase
1992,7,60,"Kurajica, Bojan",YUG,2590,olimpbase
1992,7,61,"Pinter, Jozsef",HUN,2590,olimpbase
1992,7,62,"Tiviakov, Sergei",RUS,2585,olimpbase
1992,7,63,"Lputian, Smbat G.",ARM,2585,olimpbase
1992,7,64,"Novikov, Igor A.",UKR,2585,olimpbase
1992,7,65,"Vladimirov, Evgeny",KAZ,2585,olimpbase
1992,7,66,"Rohde, Michael A.",USA,2585,olimpbase
1992,7,67,"Vyzmanavin, Alexey",RUS,2580,olimpbase
1992,7,68,"Kudrin, Sergey",USA,2580,olimpbase
1992,7,69,"Kovalev, Andrei",RUS,2580,olimpbase
1992,7,70,"Hertneck, Gerald",GER,2580,olimpbase
1992,7,71,"Ruban, Vadim",RUS,2580,olimpbase
1992,7,72,"Lautier, Joel",FRA,2580,olimpbase
1992,7,73,"Kortschnoj, Viktor",SUI,2575,olimpbase
1992,7,74,"Polgar, Judit                          w",HUN,2575,olimpbase
1992,7,75,"Chandler, Murray G.",ENG,2575,olimpbase
1992,7,76,"Goldin, Alexander",RUS,2575,olimpbase
1992,7,77,"Serper, Grigory",RUS,2575,olimpbase
1992,7,78,"Ernst, Thomas",SWE,2570,olimpbase
1992,7,79,"Dvoirys, Semen I.",RUS,2570,olimpbase
1992,7,80,"Khenkin, Igor",RUS,2570,olimpbase
1992,7,81,"Tukmakov, Vladimir B.",UKR,2570,olimpbase
1992,7,82,"Psakhis, Lev",ISR,2570,olimpbase
1992,7,83,"Ulibin, Mikhail",RUS,2570,olimpbase
1992,7,84,"Benjamin, Joel",USA,2570,olimpbase
1992,7,85,"Morovic Fernandez, Ivan",CHI,2570,olimpbase
1992,7,86,"Ivanov, Alexey",RUS,2570,olimpbase
1992,7,87,"Nogueiras, Jesus",CUB,2570,olimpbase
1992,7,88,"De Firmian, Nick E.",USA,2570,olimpbase
1992,7,89,"Razuvaev, Yuri S.",RUS,2565,olimpbase
1992,7,90,"Petursson, Margeir",ISL,2565,olimpbase
1992,7,91,"Campora, Daniel H.",ARG,2565,olimpbase
1992,7,92,"Rogers, Ian",AUS,2565,olimpbase
1992,7,93,"Granda Zuniga, Julio E.",PER,2565,olimpbase
1992,7,94,"Dzindzichashvili, Roman",USA,2565,olimpbase
1992,7,95,"Sax, Gyula",HUN,2565,olimpbase
1992,7,96,"Pigusov, Evgeny",RUS,2565,olimpbase
1992,7,97,"Magerramov, Elmar",RUS,2565,olimpbase
1992,7,98,"Larsen, Bent",DEN,2565,olimpbase
1992,7,99,"Stohl, Igor",CSR,2560,olimpbase
1992,7,100,"Dlugy, Maxim",USA,2560,olimpbase
1993,7,1,"Kasparov, Garry",RUS,2815,olimpbase
1993,7,2,"Karpov, Anatoly",RUS,2760,olimpbase
1993,7,3,"Anand, Viswanathan",IND,2725,olimpbase
1993,7,4,"Kramnik, Vladimir",RUS,2710,olimpbase
1993,7,5,"Ivanchuk, Vassily",UKR,2705,olimpbase
1993,7,6,"Shirov, Alexei",LAT,2685,olimpbase
1993,7,7,"Salov, Valery",RUS,2685,olimpbase
1993,7,8,"Topalov, Veselin",BUL,2670,olimpbase
1993,7,9,"Gelfand, Boris",BLR,2670,olimpbase
1993,7,10,"Short, Nigel D.",ENG,2665,olimpbase
1993,7,11,"Bareev, Evgeny",RUS,2660,olimpbase
1993,7,12,"Georgiev, Kiril",BUL,2660,olimpbase
1993,7,13,"Epishin, Vladimir",RUS,2655,olimpbase
1993,7,14,"Khalifman, Alexander",RUS,2645,olimpbase
1993,7,15,"Kamsky, Gata",USA,2645,olimpbase
1993,7,16,"Smirin, Ilia",ISR,2640,olimpbase
1993,7,17,"Kaidanov, Grigory S.",RUS,2640,olimpbase
1993,7,18,"Tiviakov, Sergei",RUS,2635,olimpbase
1993,7,19,"Malaniuk, Vladimir P.",UKR,2635,olimpbase
1993,7,20,"Polgar, Judit                          w",HUN,2635,olimpbase
1993,7,21,"Gulko, Boris F.",USA,2635,olimpbase
1993,7,22,"Beliavsky, Alexander G.",UKR,2635,olimpbase
1993,7,23,"Yusupov, Artur",GER,2630,olimpbase
1993,7,24,"Adams, Michael",ENG,2630,olimpbase
1993,7,25,"Dolmatov, Sergey",RUS,2630,olimpbase
1993,7,26,"Azmaiparashvili, Zurab",GEO,2630,olimpbase
1993,7,27,"Hodgson, Julian M.",ENG,2625,olimpbase
1993,7,28,"Illescas Cordoba, Miguel",ESP,2625,olimpbase
1993,7,29,"Kortschnoj, Viktor",SUI,2625,olimpbase
1993,7,30,"Nikolic, Predrag",BIH,2625,olimpbase
1993,7,31,"Dautov, Rustem",RUS,2625,olimpbase
1993,7,32,"Andersson, Ulf",SWE,2625,olimpbase
1993,7,33,"Benjamin, Joel",USA,2620,olimpbase
1993,7,34,"Lautier, Joel",FRA,2620,olimpbase
1993,7,35,"Ehlvest, Jaan",EST,2620,olimpbase
1993,7,36,"Timman, Jan H.",NED,2620,olimpbase
1993,7,37,"Chernin, Alexander",HUN,2615,olimpbase
1993,7,38,"Vaganian, Rafael A.",ARM,2615,olimpbase
1993,7,39,"Romanishin, Oleg M.",UKR,2615,olimpbase
1993,7,40,"Ribli, Zoltan",HUN,2610,olimpbase
1993,7,41,"Sokolov, Ivan",BIH,2610,olimpbase
1993,7,42,"Agdestein, Simen",NOR,2610,olimpbase
1993,7,43,"Yermolinsky, Alexey",USA,2605,olimpbase
1993,7,44,"Lutz, Christopher",GER,2605,olimpbase
1993,7,45,"Vyzmanavin, Alexey",RUS,2605,olimpbase
1993,7,46,"Gurevich, Mikhail",BEL,2605,olimpbase
1993,7,47,"Yudasin, Leonid",ISR,2605,olimpbase
1993,7,48,"Huebner, Robert",GER,2605,olimpbase
1993,7,49,"Granda Zuniga, Julio E.",PER,2605,olimpbase
1993,7,50,"Speelman, Jonathan S.",ENG,2605,olimpbase
1993,7,51,"Hjartarson, Johann",ISL,2605,olimpbase
1993,7,52,"Polugaevsky, Lev",RUS,2605,olimpbase
1993,7,53,"Tukmakov, Vladimir B.",UKR,2600,olimpbase
1993,7,54,"Akopian, Vladimir",ARM,2600,olimpbase
1993,7,55,"Rozentalis, Eduardas",LTU,2600,olimpbase
1993,7,56,"Oll, Lembit",EST,2595,olimpbase
1993,7,57,"Kozul, Zdenko",BIH,2595,olimpbase
1993,7,58,"Krasenkov, Mikhail",RUS,2595,olimpbase
1993,7,59,"Rogers, Ian",AUS,2595,olimpbase
1993,7,60,"Ljubojevic, Ljubomir",YUG,2595,olimpbase
1993,7,61,"Van Wely, Loek",NED,2590,olimpbase
1993,7,62,"Shabalov, Alexander",LAT,2590,olimpbase
1993,7,63,"Kotronias, Vasilios",GRE,2590,olimpbase
1993,7,64,"Dvoirys, Semen I.",RUS,2590,olimpbase
1993,7,65,"Greenfeld, Alon",ISR,2590,olimpbase
1993,7,66,"Piket, Jeroen",NED,2590,olimpbase
1993,7,67,"Nunn, John D. M.",ENG,2590,olimpbase
1993,7,68,"Hansen, Curt",DEN,2590,olimpbase
1993,7,69,"Ruban, Vadim",RUS,2590,olimpbase
1993,7,70,"Psakhis, Lev",ISR,2585,olimpbase
1993,7,71,"Portisch, Lajos",HUN,2585,olimpbase
1993,7,72,"Wolff, Patrick G.",USA,2585,olimpbase
1993,7,73,"Pigusov, Evgeny",RUS,2585,olimpbase
1993,7,74,"Alterman, Boris",ISR,2585,olimpbase
1993,7,75,"Vladimirov, Evgeny",KAZ,2585,olimpbase
1993,7,76,"Almasi, Zoltan",HUN,2580,olimpbase
1993,7,77,"Vaiser, Anatoly V.",FRA,2580,olimpbase
1993,7,78,"Nenashev, Alexander",UZB,2580,olimpbase
1993,7,79,"Sherbakov, Ruslan",RUS,2580,olimpbase
1993,7,80,"Eingorn, Vereslav S.",UKR,2580,olimpbase
1993,7,81,"Nogueiras, Jesus",CUB,2580,olimpbase
1993,7,82,"Gavrikov, Viktor",SUI,2580,olimpbase
1993,7,83,"Mozetic, Dejan",YUG,2580,olimpbase
1993,7,84,"Lobron, Eric",GER,2575,olimpbase
1993,7,85,"Gurevich, Dmitry",USA,2575,olimpbase
1993,7,86,"Rausis, Igors",LAT,2575,olimpbase
1993,7,87,"Gurevich, Ilya",USA,2575,olimpbase
1993,7,88,"Morovic Fernandez, Ivan",CHI,2575,olimpbase
1993,7,89,"Seirawan, Yasser",USA,2575,olimpbase
1993,7,90,"Serper, Grigory",UZB,2575,olimpbase
1993,7,91,"Rohde, Michael A.",USA,2575,olimpbase
1993,7,92,"Pinter, Jozsef",HUN,2575,olimpbase
1993,7,93,"Mecking, Henrique",BRA,2575,olimpbase
1993,7,94,"Wojtkiewicz, Aleksander",POL,2570,olimpbase
1993,7,95,"Damljanovic, Branko",YUG,2570,olimpbase
1993,7,96,"Hickl, Joerg",GER,2570,olimpbase
1993,7,97,"Dreev, Alexey",RUS,2570,olimpbase
1993,7,98,"Sveshnikov, Evgeny",RUS,2570,olimpbase
1993,7,99,"Khenkin, Igor",ISR,2570,olimpbase
1993,7,100,"Lputian, Smbat G.",ARM,2565,olimpbase
1994,7,1,"Karpov, Anatoly",RUS,2780,olimpbase
1994,7,2,"Shirov, Alexei",LAT,2740,olimpbase
1994,7,3,"Kramnik, Vladimir",RUS,2725,olimpbase
1994,7,4,"Anand, Viswanathan",IND,2720,olimpbase
1994,7,5,"Salov, Valery",RUS,2710,olimpbase
1994,7,6,"Kamsky, Gata",USA,2695,olimpbase
1994,7,7,"Ivanchuk, Vassily",UKR,2695,olimpbase
1994,7,8,"Gelfand, Boris",BLR,2680,olimpbase
1994,7,9,"Bareev, Evgeny",RUS,2675,olimpbase
1994,7,10,"Yusupov, Artur",GER,2655,olimpbase
1994,7,11,"Nikolic, Predrag",BIH,2655,olimpbase
1994,7,12,"Dreev, Alexey",RUS,2650,olimpbase
1994,7,13,"Epishin, Vladimir",RUS,2650,olimpbase
1994,7,14,"Khalifman, Alexander",RUS,2645,olimpbase
1994,7,15,"Lautier, Joel",FRA,2645,olimpbase
1994,7,16,"Kaidanov, Gregory S.",USA,2645,olimpbase
1994,7,17,"Vaganian, Rafael A.",ARM,2645,olimpbase
1994,7,18,"Topalov, Veselin",BUL,2645,olimpbase
1994,7,19,"Tiviakov, Sergei",RUS,2640,olimpbase
1994,7,20,"Piket, Jeroen",NED,2640,olimpbase
1994,7,21,"Beliavsky, Alexander G.",UKR,2640,olimpbase
1994,7,22,"Adams, Michael",ENG,2640,olimpbase
1994,7,23,"Timman, Jan H.",NED,2635,olimpbase
1994,7,24,"Akopian, Vladimir",ARM,2630,olimpbase
1994,7,25,"Polgar, Judit                          w",HUN,2630,olimpbase
1994,7,26,"Dautov, Rustem",GER,2630,olimpbase
1994,7,27,"Sokolov, Ivan",BIH,2625,olimpbase
1994,7,28,"Nunn, John D. M.",ENG,2625,olimpbase
1994,7,29,"Yudasin, Leonid",ISR,2625,olimpbase
1994,7,30,"Azmaiparashvili, Zurab",GEO,2625,olimpbase
1994,7,31,"Almasi, Zoltan",HUN,2620,olimpbase
1994,7,32,"Gurevich, Mikhail",BEL,2620,olimpbase
1994,7,33,"Granda Zuniga, Julio E.",PER,2620,olimpbase
1994,7,34,"Andersson, Ulf",SWE,2620,olimpbase
1994,7,35,"Glek, Igor V.",RUS,2615,olimpbase
1994,7,36,"Smirin, Ilia",ISR,2615,olimpbase
1994,7,37,"Psakhis, Lev",ISR,2615,olimpbase
1994,7,38,"Chernin, Alexander",HUN,2615,olimpbase
1994,7,39,"Dolmatov, Sergey",RUS,2615,olimpbase
1994,7,40,"Oll, Lembit",EST,2615,olimpbase
1994,7,41,"Georgiev, Kiril",BUL,2615,olimpbase
1994,7,42,"Kortschnoj, Viktor",SUI,2615,olimpbase
1994,7,43,"Loginov, Valery A.",UZB,2610,olimpbase
1994,7,44,"Malaniuk, Vladimir P.",UKR,2610,olimpbase
1994,7,45,"Portisch, Lajos",HUN,2610,olimpbase
1994,7,46,"Benjamin, Joel",USA,2610,olimpbase
1994,7,47,"Vyzmanavin, Alexey",RUS,2610,olimpbase
1994,7,48,"Hansen, Curt",DEN,2605,olimpbase
1994,7,49,"Hertneck, Gerald",GER,2605,olimpbase
1994,7,50,"Van der Sterren, Paul",NED,2605,olimpbase
1994,7,51,"Romanishin, Oleg M.",UKR,2605,olimpbase
1994,7,52,"Ribli, Zoltan",HUN,2605,olimpbase
1994,7,53,"Huebner, Robert",GER,2605,olimpbase
1994,7,54,"Shabalov, Alexander",USA,2600,olimpbase
1994,7,55,"Ehlvest, Jaan",EST,2600,olimpbase
1994,7,56,"Miles, Anthony J.",ENG,2600,olimpbase
1994,7,57,"Bologan, Viorel",MDA,2600,olimpbase
1994,7,58,"Gavrikov, Viktor",SUI,2600,olimpbase
1994,7,59,"Greenfeld, Alon",ISR,2600,olimpbase
1994,7,60,"Agdestein, Simen",NOR,2600,olimpbase
1994,7,61,"Speelman, Jonathan S.",ENG,2600,olimpbase
1994,7,62,"Krasenkov, Mikhail",RUS,2595,olimpbase
1994,7,63,"Wolff, Patrick G.",USA,2595,olimpbase
1994,7,64,"Dorfman, Josif D.",FRA,2595,olimpbase
1994,7,65,"Rozentalis, Eduardas",LTU,2595,olimpbase
1994,7,66,"Hodgson, Julian M.",ENG,2590,olimpbase
1994,7,67,"Yermolinsky, Alex",USA,2590,olimpbase
1994,7,68,"Illescas Cordoba, Miguel",ESP,2590,olimpbase
1994,7,69,"Gulko, Boris F.",USA,2590,olimpbase
1994,7,70,"Goldin, Alexander",RUS,2590,olimpbase
1994,7,71,"Milov, Vadim",ISR,2590,olimpbase
1994,7,72,"Lputian, Smbat G.",ARM,2590,olimpbase
1994,7,73,"Cvitan, Ognjen",CRO,2585,olimpbase
1994,7,74,"Onischuk, Alexander",UKR,2585,olimpbase
1994,7,75,"Sveshnikov, Evgeny",RUS,2585,olimpbase
1994,7,76,"Hjartarson, Johann",ISL,2585,olimpbase
1994,7,77,"Zvjaginsev, Vadim",RUS,2585,olimpbase
1994,7,78,"Eingorn, Vereslav S.",UKR,2585,olimpbase
1994,7,79,"Morovic Fernandez, Ivan",CHI,2585,olimpbase
1994,7,80,"Alterman, Boris",ISR,2585,olimpbase
1994,7,81,"Polugaevsky, Lev",RUS,2585,olimpbase
1994,7,82,"Seirawan, Yasser",USA,2585,olimpbase
1994,7,83,"Sokolov, Andrei",RUS,2580,olimpbase
1994,7,84,"Khenkin, Igor",ISR,2580,olimpbase
1994,7,85,"Magerramov, Elmar",AZE,2580,olimpbase
1994,7,86,"Hansen, Lars Bo",DEN,2580,olimpbase
1994,7,87,"Lobron, Eric",GER,2580,olimpbase
1994,7,88,"Kengis, Edvins",LAT,2580,olimpbase
1994,7,89,"Dokhoian, Yury",RUS,2580,olimpbase
1994,7,90,"Lutz, Christopher",GER,2580,olimpbase
1994,7,91,"Ljubojevic, Ljubomir",YUG,2580,olimpbase
1994,7,92,"Vladimirov, Evgeny",KAZ,2580,olimpbase
1994,7,93,"Kozul, Zdenko",CRO,2575,olimpbase
1994,7,94,"Ivanov, Alexander",USA,2575,olimpbase
1994,7,95,"Ye, Jiangchuan",CHN,2575,olimpbase
1994,7,96,"Morozevich, Alexander",RUS,2575,olimpbase
1994,7,97,"Serper, Grigory",UZB,2575,olimpbase
1994,7,98,"Vaiser, Anatoly V.",FRA,2575,olimpbase
1994,7,99,"Christiansen, Larry M.",USA,2575,olimpbase
1994,7,100,"Milos, Gilberto",BRA,2575,olimpbase
1995,7,1,"Kasparov, Garry",RUS,2795,olimpbase
1995,7,2,"Karpov, Anatoly",RUS,2775,olimpbase
1995,7,3,"Ivanchuk, Vassily",UKR,2740,olimpbase
1995,7,4,"Kamsky, Gata",USA,2735,olimpbase
1995,7,5,"Kramnik, Vladimir",RUS,2730,olimpbase
1995,7,6,"Anand, Viswanathan",IND,2725,olimpbase
1995,7,7,"Shirov, Alexei",ESP,2695,olimpbase
1995,7,8,"Gelfand, Boris",BLR,2685,olimpbase
1995,7,9,"Salov, Valery",RUS,2685,olimpbase
1995,7,10,"Yusupov, Artur",GER,2680,olimpbase
1995,7,11,"Topalov, Veselin",BUL,2670,olimpbase
1995,7,12,"Dreev, Alexey",RUS,2670,olimpbase
1995,7,13,"Adams, Michael",ENG,2660,olimpbase
1995,7,14,"Tiviakov, Sergei",RUS,2655,olimpbase
1995,7,15,"Khalifman, Alexander",RUS,2655,olimpbase
1995,7,16,"Beliavsky, Alexander G.",UKR,2650,olimpbase
1995,7,17,"Bareev, Evgeny",RUS,2650,olimpbase
1995,7,18,"Almasi, Zoltan",HUN,2645,olimpbase
1995,7,19,"Short, Nigel D.",ENG,2645,olimpbase
1995,7,20,"Lautier, Joel",FRA,2645,olimpbase
1995,7,21,"Vaganian, Rafael A.",ARM,2645,olimpbase
1995,7,22,"Nikolic, Predrag",BIH,2645,olimpbase
1995,7,23,"Epishin, Vladimir",RUS,2640,olimpbase
1995,7,24,"Kortschnoj, Viktor",SUI,2635,olimpbase
1995,7,25,"Svidler, Peter",RUS,2635,olimpbase
1995,7,26,"Hracek, Zbynek",CZE,2635,olimpbase
1995,7,27,"Polgar, Judit                          w",HUN,2635,olimpbase
1995,7,28,"Hansen, Curt",DEN,2635,olimpbase
1995,7,29,"Sokolov, Ivan",BIH,2630,olimpbase
1995,7,30,"Smirin, Ilia",ISR,2630,olimpbase
1995,7,31,"Yudasin, Leonid",ISR,2630,olimpbase
1995,7,32,"Ehlvest, Jaan",EST,2630,olimpbase
1995,7,33,"Oll, Lembit",EST,2630,olimpbase
1995,7,34,"Huebner, Robert",GER,2630,olimpbase
1995,7,35,"Morozevich, Alexander",RUS,2630,olimpbase
1995,7,36,"Andersson, Ulf",SWE,2630,olimpbase
1995,7,37,"Piket, Jeroen",NED,2625,olimpbase
1995,7,38,"Akopian, Vladimir",ARM,2625,olimpbase
1995,7,39,"Seirawan, Yasser",USA,2625,olimpbase
1995,7,40,"Gulko, Boris F.",USA,2620,olimpbase
1995,7,41,"Illescas Cordoba, Miguel",ESP,2620,olimpbase
1995,7,42,"Azmaiparashvili, Zurab",BIH,2620,olimpbase
1995,7,43,"Speelman, Jonathan S.",ENG,2620,olimpbase
1995,7,44,"Dautov, Rustem",GER,2620,olimpbase
1995,7,45,"Nunn, John D. M.",ENG,2615,olimpbase
1995,7,46,"Portisch, Lajos",HUN,2615,olimpbase
1995,7,47,"Dolmatov, Sergey",RUS,2615,olimpbase
1995,7,48,"Psakhis, Lev",ISR,2610,olimpbase
1995,7,49,"Rozentalis, Eduardas",LTU,2610,olimpbase
1995,7,50,"Korneev, Oleg",RUS,2605,olimpbase
1995,7,51,"De Firmian, Nick E.",USA,2605,olimpbase
1995,7,52,"Tkachiev, Vladislav",KAZ,2605,olimpbase
1995,7,53,"Lerner, Konstantin Z.",UKR,2605,olimpbase
1995,7,54,"Giorgadze, Giorgi",GEO,2605,olimpbase
1995,7,55,"Leko, Peter",HUN,2605,olimpbase
1995,7,56,"Georgiev, Kiril",BUL,2605,olimpbase
1995,7,57,"Granda Zuniga, Julio E.",PER,2605,olimpbase
1995,7,58,"Gavrikov, Viktor",SUI,2605,olimpbase
1995,7,59,"Vyzmanavin, Alexey",RUS,2605,olimpbase
1995,7,60,"Miles, Anthony J.",ENG,2600,olimpbase
1995,7,61,"Tukmakov, Vladimir B.",UKR,2600,olimpbase
1995,7,62,"Chernin, Alexander",HUN,2600,olimpbase
1995,7,63,"Rogers, Ian",AUS,2600,olimpbase
1995,7,64,"Eingorn, Vereslav S.",UKR,2600,olimpbase
1995,7,65,"Zvjaginsev, Vadim",RUS,2600,olimpbase
1995,7,66,"Ljubojevic, Ljubomir",YUG,2600,olimpbase
1995,7,67,"Alterman, Boris",ISR,2595,olimpbase
1995,7,68,"Kurajica, Bojan",BIH,2595,olimpbase
1995,7,69,"Lobron, Eric",GER,2595,olimpbase
1995,7,70,"Rublevsky, Sergei",RUS,2595,olimpbase
1995,7,71,"Lalic, Bogdan",CRO,2590,olimpbase
1995,7,72,"Hodgson, Julian M.",ENG,2590,olimpbase
1995,7,73,"Kotronias, Vasilios",GRE,2590,olimpbase
1995,7,74,"Timman, Jan H.",NED,2590,olimpbase
1995,7,75,"Krasenkov, Mikhail",RUS,2590,olimpbase
1995,7,76,"Adianto, Utut",INA,2590,olimpbase
1995,7,77,"Ribli, Zoltan",HUN,2590,olimpbase
1995,7,78,"Christiansen, Larry M.",USA,2590,olimpbase
1995,7,79,"Savchenko, Stanislav",UKR,2590,olimpbase
1995,7,80,"Van Wely, Loek",NED,2585,olimpbase
1995,7,81,"Lputian, Smbat G.",ARM,2585,olimpbase
1995,7,82,"Nenashev, Alexander",UZB,2585,olimpbase
1995,7,83,"Kaidanov, Gregory S.",USA,2585,olimpbase
1995,7,84,"Razuvaev, Yuri S.",RUS,2585,olimpbase
1995,7,85,"Sokolov, Andrei",RUS,2585,olimpbase
1995,7,86,"Goldin, Alexander",RUS,2585,olimpbase
1995,7,87,"Gurevich, Mikhail",BEL,2585,olimpbase
1995,7,88,"Morovic Fernandez, Ivan",CHI,2585,olimpbase
1995,7,89,"Agdestein, Simen",NOR,2585,olimpbase
1995,7,90,"Vladimirov, Evgeny",KAZ,2585,olimpbase
1995,7,91,"Polugaevsky, Lev",RUS,2585,olimpbase
1995,7,92,"Hellers, Ferdinand",SWE,2585,olimpbase
1995,7,93,"Ibragimov, Ildar",RUS,2580,olimpbase
1995,7,94,"Kozul, Zdenko",CRO,2580,olimpbase
1995,7,95,"Romanishin, Oleg M.",UKR,2580,olimpbase
1995,7,96,"Malaniuk, Vladimir P.",UKR,2580,olimpbase
1995,7,97,"Ftacnik, Lubomir",SVK,2580,olimpbase
1995,7,98,"Sveshnikov, Evgeny",RUS,2580,olimpbase
1995,7,99,"Glek, Igor V.",RUS,2580,olimpbase
1995,7,100,"Novikov, Igor A.",UKR,2580,olimpbase
1996,7,1,"Kasparov, Garry",RUS,2785,olimpbase
1996,7,2,"Karpov, Anatoly",RUS,2775,olimpbase
1996,7,3,"Kramnik, Vladimir",RUS,2765,olimpbase
1996,7,4,"Topalov, Veselin",BUL,2750,olimpbase
1996,7,5,"Anand, Viswanathan",IND,2750,olimpbase
1996,7,6,"Kamsky, Gata",USA,2745,olimpbase
1996,7,7,"Ivanchuk, Vassily",UKR,2730,olimpbase
1996,7,8,"Short, Nigel D.",ENG,2695,olimpbase
1996,7,9,"Adams, Michael",ENG,2685,olimpbase
1996,7,10,"Shirov, Alexei",ESP,2685,olimpbase
1996,7,11,"Salov, Valery",RUS,2675,olimpbase
1996,7,12,"Glek, Igor V.",RUS,2670,olimpbase
1996,7,13,"Sokolov, Ivan",BIH,2670,olimpbase
1996,7,14,"Azmaiparashvili, Zurab",GEO,2670,olimpbase
1996,7,15,"Nikolic, Predrag",BIH,2670,olimpbase
1996,7,16,"Gelfand, Boris",BLR,2665,olimpbase
1996,7,17,"Jussupow, Artur",GER,2665,olimpbase
1996,7,18,"Polgar, Judit                          w",HUN,2665,olimpbase
1996,7,19,"Ehlvest, Jaan",EST,2660,olimpbase
1996,7,20,"Almasi, Zoltan",HUN,2655,olimpbase
1996,7,21,"Bareev, Evgeny",RUS,2655,olimpbase
1996,7,22,"Svidler, Peter",RUS,2650,olimpbase
1996,7,23,"Dreev, Alexey",RUS,2645,olimpbase
1996,7,24,"Rublevsky, Sergei",RUS,2645,olimpbase
1996,7,25,"Khalifman, Alexander",RUS,2640,olimpbase
1996,7,26,"Illescas Cordoba, Miguel",ESP,2640,olimpbase
1996,7,27,"Andersson, Ulf",SWE,2640,olimpbase
1996,7,28,"Movsesian, Sergei",ARM,2635,olimpbase
1996,7,29,"Kortschnoj, Viktor",SUI,2635,olimpbase
1996,7,30,"Miles, Anthony J.",ENG,2630,olimpbase
1996,7,31,"Leko, Peter",HUN,2630,olimpbase
1996,7,32,"Akopian, Vladimir",ARM,2630,olimpbase
1996,7,33,"Seirawan, Yasser",USA,2630,olimpbase
1996,7,34,"Hracek, Zbynek",CZE,2625,olimpbase
1996,7,35,"Smirin, Ilia",ISR,2625,olimpbase
1996,7,36,"Speelman, Jonathan S.",ENG,2625,olimpbase
1996,7,37,"Epishin, Vladimir",RUS,2620,olimpbase
1996,7,38,"Chernin, Alexander",HUN,2620,olimpbase
1996,7,39,"Beliavsky, Alexander G.",SLO,2620,olimpbase
1996,7,40,"Lautier, Joel",FRA,2620,olimpbase
1996,7,41,"Tkachiev, Vladislav",KAZ,2620,olimpbase
1996,7,42,"Georgiev, Kiril",BUL,2620,olimpbase
1996,7,43,"Oll, Lembit",EST,2620,olimpbase
1996,7,44,"Kotronias, Vasilios",GRE,2615,olimpbase
1996,7,45,"Tiviakov, Sergei",RUS,2615,olimpbase
1996,7,46,"Gulko, Boris F.",USA,2615,olimpbase
1996,7,47,"Rozentalis, Eduardas",LTU,2615,olimpbase
1996,7,48,"Sadler, Matthew",ENG,2615,olimpbase
1996,7,49,"Dautov, Rustem",GER,2615,olimpbase
1996,7,50,"Malaniuk, Vladimir P.",UKR,2610,olimpbase
1996,7,51,"Yermolinsky, Alex",USA,2610,olimpbase
1996,7,52,"Ftacnik, Lubomir",SVK,2610,olimpbase
1996,7,53,"Granda Zuniga, Julio E.",PER,2610,olimpbase
1996,7,54,"Morozevich, Alexander",RUS,2610,olimpbase
1996,7,55,"Kozul, Zdenko",CRO,2605,olimpbase
1996,7,56,"Van Wely, Loek",NED,2605,olimpbase
1996,7,57,"Gurevich, Mikhail",BEL,2605,olimpbase
1996,7,58,"Milos, Gilberto",BRA,2605,olimpbase
1996,7,59,"Kharlov, Andrei",RUS,2605,olimpbase
1996,7,60,"Onischuk, Alexander",UKR,2605,olimpbase
1996,7,61,"Krasenkow, Michal",POL,2605,olimpbase
1996,7,62,"Adianto, Utut",INA,2605,olimpbase
1996,7,63,"Nunn, John D. M.",ENG,2605,olimpbase
1996,7,64,"Gavrikov, Viktor",SUI,2605,olimpbase
1996,7,65,"Sakaev, Konstantin",RUS,2600,olimpbase
1996,7,66,"Bologan, Viorel",MDA,2600,olimpbase
1996,7,67,"Hickl, Joerg",GER,2600,olimpbase
1996,7,68,"Portisch, Lajos",HUN,2600,olimpbase
1996,7,69,"Agdestein, Simen",NOR,2600,olimpbase
1996,7,70,"Yudasin, Leonid",ISR,2595,olimpbase
1996,7,71,"Komarov, Dimitri",UKR,2595,olimpbase
1996,7,72,"Lputian, Smbat G.",ARM,2595,olimpbase
1996,7,73,"Vaganian, Rafael A.",ARM,2595,olimpbase
1996,7,74,"Huebner, Robert",GER,2595,olimpbase
1996,7,75,"Alterman, Boris",ISR,2595,olimpbase
1996,7,76,"Hansen, Curt",DEN,2595,olimpbase
1996,7,77,"Ljubojevic, Ljubomir",YUG,2595,olimpbase
1996,7,78,"Zvjaginsev, Vadim",RUS,2590,olimpbase
1996,7,79,"Dorfman, Josif D.",FRA,2590,olimpbase
1996,7,80,"Morovic Fernandez, Ivan",CHI,2590,olimpbase
1996,7,81,"Timman, Jan H.",NED,2590,olimpbase
1996,7,82,"Psakhis, Lev",ISR,2590,olimpbase
1996,7,83,"Nikolaidis, Ioannis",GRE,2585,olimpbase
1996,7,84,"Conquest, Stuart",ENG,2585,olimpbase
1996,7,85,"Lobron, Eric",GER,2585,olimpbase
1996,7,86,"Sokolov, Andrei",RUS,2585,olimpbase
1996,7,87,"Eingorn, Vereslav S.",UKR,2585,olimpbase
1996,7,88,"Ribli, Zoltan",HUN,2585,olimpbase
1996,7,89,"Novikov, Igor A.",UKR,2585,olimpbase
1996,7,90,"Vyzmanavin, Alexey",RUS,2585,olimpbase
1996,7,91,"Vladimirov, Evgeny",KAZ,2585,olimpbase
1996,7,92,"Hellers, Ferdinand",SWE,2585,olimpbase
1996,7,93,"Piket, Jeroen",NED,2580,olimpbase
1996,7,94,"Tukmakov, Vladimir B.",UKR,2580,olimpbase
1996,7,95,"Savchenko, Stanislav",UKR,2580,olimpbase
1996,7,96,"Kaidanov, Gregory S.",USA,2580,olimpbase
1996,7,97,"Nenashev, Alexander",UZB,2580,olimpbase
1996,7,98,"Giorgadze, Giorgi",GEO,2580,olimpbase
1996,7,99,"Lerner, Konstantin Z.",UKR,2580,olimpbase
1996,7,100,"Wolff, Patrick G.",USA,2580,olimpbase
1997,7,1,"Kasparov, Garry",RUS,2820,olimpbase
1997,7,2,"Kramnik, Vladimir",RUS,2770,olimpbase
1997,7,3,"Anand, Viswanathan",IND,2765,olimpbase
1997,7,4,"Topalov, Veselin",BUL,2745,olimpbase
1997,7,5,"Karpov, Anatoly",RUS,2745,olimpbase
1997,7,6,"Ivanchuk, Vassily",UKR,2725,olimpbase
1997,7,7,"Kamsky, Gata",USA,2720,olimpbase
1997,7,8,"Beliavsky, Alexander G.",SLO,2710,olimpbase
1997,7,9,"Shirov, Alexei",ESP,2700,olimpbase
1997,7,10,"Gelfand, Boris",BLR,2695,olimpbase
1997,7,11,"Adams, Michael",ENG,2680,olimpbase
1997,7,12,"Salov, Valery",RUS,2680,olimpbase
1997,7,13,"Georgiev, Kiril",BUL,2670,olimpbase
1997,7,14,"Polgar, Judit                          w",HUN,2670,olimpbase
1997,7,15,"Bareev, Evgeny",RUS,2670,olimpbase
1997,7,16,"Sadler, Matthew",ENG,2665,olimpbase
1997,7,17,"Akopian, Vladimir",ARM,2660,olimpbase
1997,7,18,"Aleksandrov, Aleksej",BLR,2660,olimpbase
1997,7,19,"Short, Nigel D.",ENG,2660,olimpbase
1997,7,20,"Svidler, Peter",RUS,2660,olimpbase
1997,7,21,"Lautier, Joel",FRA,2660,olimpbase
1997,7,22,"Van Wely, Loek",NED,2655,olimpbase
1997,7,23,"Khalifman, Alexander",RUS,2655,olimpbase
1997,7,24,"Yermolinsky, Alex",USA,2650,olimpbase
1997,7,25,"Rublevsky, Sergei",RUS,2650,olimpbase
1997,7,26,"Krasenkow, Michal",POL,2645,olimpbase
1997,7,27,"Rozentalis, Eduardas",LTU,2645,olimpbase
1997,7,28,"Oll, Lembit",EST,2645,olimpbase
1997,7,29,"Azmaiparashvili, Zurab",GEO,2645,olimpbase
1997,7,30,"Chernin, Alexander",HUN,2640,olimpbase
1997,7,31,"Jussupow, Artur",GER,2640,olimpbase
1997,7,32,"Vaganian, Rafael A.",ARM,2640,olimpbase
1997,7,33,"Andersson, Ulf",SWE,2640,olimpbase
1997,7,34,"Dreev, Alexey",RUS,2640,olimpbase
1997,7,35,"Sokolov, Ivan",BIH,2635,olimpbase
1997,7,36,"Leko, Peter",HUN,2635,olimpbase
1997,7,37,"Zvjaginsev, Vadim",RUS,2635,olimpbase
1997,7,38,"Milov, Vadim",SUI,2635,olimpbase
1997,7,39,"Piket, Jeroen",NED,2630,olimpbase
1997,7,40,"Speelman, Jonathan S.",ENG,2630,olimpbase
1997,7,41,"Nikolic, Predrag",BIH,2630,olimpbase
1997,7,42,"Seirawan, Yasser",USA,2630,olimpbase
1997,7,43,"Onischuk, Alexander",UKR,2625,olimpbase
1997,7,44,"Giorgadze, Giorgi",GEO,2625,olimpbase
1997,7,45,"Timman, Jan H.",NED,2625,olimpbase
1997,7,46,"Granda Zuniga, Julio E.",PER,2625,olimpbase
1997,7,47,"Gurevich, Mikhail",BEL,2620,olimpbase
1997,7,48,"Nunn, John D. M.",ENG,2620,olimpbase
1997,7,49,"Malaniuk, Vladimir P.",UKR,2615,olimpbase
1997,7,50,"Almasi, Zoltan",HUN,2615,olimpbase
1997,7,51,"Dvoirys, Semen I.",RUS,2615,olimpbase
1997,7,52,"Alterman, Boris",ISR,2615,olimpbase
1997,7,53,"Tkachiev, Vladislav",KAZ,2615,olimpbase
1997,7,54,"Kortschnoj, Viktor",SUI,2610,olimpbase
1997,7,55,"Yakovich, Yuri",RUS,2610,olimpbase
1997,7,56,"Ehlvest, Jaan",EST,2610,olimpbase
1997,7,57,"Yudasin, Leonid",ISR,2610,olimpbase
1997,7,58,"Huzman, Alexander",ISR,2610,olimpbase
1997,7,59,"Portisch, Lajos",HUN,2610,olimpbase
1997,7,60,"Adianto, Utut",INA,2610,olimpbase
1997,7,61,"Kozul, Zdenko",CRO,2605,olimpbase
1997,7,62,"Nijboer, Friso",NED,2605,olimpbase
1997,7,63,"Hjartarson, Johann",ISL,2605,olimpbase
1997,7,64,"Hracek, Zbynek",CZE,2605,olimpbase
1997,7,65,"Miles, Anthony J.",ENG,2600,olimpbase
1997,7,66,"Lalic, Bogdan",CRO,2600,olimpbase
1997,7,67,"Nisipeanu, Liviu-Dieter",ROM,2600,olimpbase
1997,7,68,"Fedorov, Alexei",BLR,2600,olimpbase
1997,7,69,"Smirin, Ilia",ISR,2600,olimpbase
1997,7,70,"Morovic Fernandez, Ivan",CHI,2600,olimpbase
1997,7,71,"Kaidanov, Gregory S.",USA,2600,olimpbase
1997,7,72,"Hansen, Curt",DEN,2600,olimpbase
1997,7,73,"Dorfman, Josif D.",FRA,2600,olimpbase
1997,7,74,"Komarov, Dimitri",UKR,2600,olimpbase
1997,7,75,"Spasov, Vasil",BUL,2600,olimpbase
1997,7,76,"Dautov, Rustem",GER,2595,olimpbase
1997,7,77,"Wahls, Matthias",GER,2595,olimpbase
1997,7,78,"Goldin, Alexander",RUS,2595,olimpbase
1997,7,79,"Vyzmanavin, Alexey",RUS,2595,olimpbase
1997,7,80,"Atalik, Suat",TUR,2590,olimpbase
1997,7,81,"Hodgson, Julian M.",ENG,2590,olimpbase
1997,7,82,"Sutovsky, Emil",ISR,2590,olimpbase
1997,7,83,"Eingorn, Vereslav S.",UKR,2590,olimpbase
1997,7,84,"Pinter, Jozsef",HUN,2590,olimpbase
1997,7,85,"Lutz, Christopher",GER,2590,olimpbase
1997,7,86,"Novikov, Igor A.",UKR,2590,olimpbase
1997,7,87,"Kengis, Edvins",LAT,2590,olimpbase
1997,7,88,"Sakaev, Konstantin",RUS,2590,olimpbase
1997,7,89,"Morozevich, Alexander",RUS,2590,olimpbase
1997,7,90,"Tiviakov, Sergei",RUS,2590,olimpbase
1997,7,91,"Milos, Gilberto",BRA,2590,olimpbase
1997,7,92,"Ibragimov, Ildar",RUS,2585,olimpbase
1997,7,93,"Bologan, Viorel",MDA,2585,olimpbase
1997,7,94,"Ftacnik, Lubomir",SVK,2585,olimpbase
1997,7,95,"Kotronias, Vasilios",GRE,2585,olimpbase
1997,7,96,"Shabalov, Alexander",USA,2585,olimpbase
1997,7,97,"Illescas Cordoba, Miguel",ESP,2585,olimpbase
1997,7,98,"Nenashev, Alexander",UZB,2585,olimpbase
1997,7,99,"Sokolov, Andrei",RUS,2585,olimpbase
1997,7,100,"Sturua, Zurab",GEO,2585,olimpbase
1998,7,1,"Kasparov, Garry",RUS,2815,olimpbase
1998,7,2,"Anand, Viswanathan",IND,2795,olimpbase
1998,7,3,"Kramnik, Vladimir",RUS,2780,olimpbase
1998,7,4,"Ivanchuk, Vassily",UKR,2730,olimpbase
1998,7,5,"Karpov, Anatoly",RUS,2725,olimpbase
1998,7,6,"Shirov, Alexei",ESP,2720,olimpbase
1998,7,7,"Kamsky, Gata",USA,2720,olimpbase
1998,7,8,"Adams, Michael",ENG,2715,olimpbase
1998,7,9,"Svidler, Peter",RUS,2710,olimpbase
1998,7,10,"Topalov, Veselin",BUL,2700,olimpbase
1998,7,11,"Bareev, Evgeny",RUS,2690,olimpbase
1998,7,12,"Rublevsky, Sergei",RUS,2685,olimpbase
1998,7,13,"Gelfand, Boris",BLR,2675,olimpbase
1998,7,14,"Short, Nigel D.",ENG,2670,olimpbase
1998,7,15,"Salov, Valery",RUS,2670,olimpbase
1998,7,16,"Leko, Peter",HUN,2665,olimpbase
1998,7,17,"Polgar, Judit                          w",HUN,2665,olimpbase
1998,7,18,"Georgiev, Kiril",BUL,2660,olimpbase
1998,7,19,"Sadler, Matthew",ENG,2660,olimpbase
1998,7,20,"Tiviakov, Sergei",RUS,2655,olimpbase
1998,7,21,"Krasenkow, Michal",POL,2655,olimpbase
1998,7,22,"Timman, Jan H.",NED,2655,olimpbase
1998,7,23,"Akopian, Vladimir",ARM,2655,olimpbase
1998,7,24,"Azmaiparashvili, Zurab",GEO,2655,olimpbase
1998,7,25,"Almasi, Zoltan",HUN,2650,olimpbase
1998,7,26,"Zvjaginsev, Vadim",RUS,2650,olimpbase
1998,7,27,"Oll, Lembit",EST,2650,olimpbase
1998,7,28,"Khalifman, Alexander",RUS,2645,olimpbase
1998,7,29,"Shabalov, Alexander",USA,2645,olimpbase
1998,7,30,"Beliavsky, Alexander G.",SLO,2645,olimpbase
1998,7,31,"Andersson, Ulf",SWE,2645,olimpbase
1998,7,32,"Tkachiev, Vladislav",FRA,2645,olimpbase
1998,7,33,"Dreev, Alexey",RUS,2645,olimpbase
1998,7,34,"Movsesian, Sergei",CZE,2640,olimpbase
1998,7,35,"Milov, Vadim",SUI,2640,olimpbase
1998,7,36,"Jussupow, Artur",GER,2640,olimpbase
1998,7,37,"Nikolic, Predrag",BIH,2640,olimpbase
1998,7,38,"Van Wely, Loek",NED,2635,olimpbase
1998,7,39,"Sakaev, Konstantin",RUS,2635,olimpbase
1998,7,40,"Shipov, Sergei",RUS,2635,olimpbase
1998,7,41,"Vaganian, Rafael A.",ARM,2630,olimpbase
1998,7,42,"Onischuk, Alexander",UKR,2630,olimpbase
1998,7,43,"Seirawan, Yasser",USA,2630,olimpbase
1998,7,44,"Hjartarson, Johann",ISL,2630,olimpbase
1998,7,45,"Nenashev, Alexander",UZB,2625,olimpbase
1998,7,46,"Yermolinsky, Alex",USA,2625,olimpbase
1998,7,47,"Dautov, Rustem",GER,2625,olimpbase
1998,7,48,"Kortschnoj, Viktor",SUI,2625,olimpbase
1998,7,49,"Morozevich, Alexander",RUS,2625,olimpbase
1998,7,50,"Lautier, Joel",FRA,2625,olimpbase
1998,7,51,"Kaidanov, Gregory S.",USA,2625,olimpbase
1998,7,52,"Ehlvest, Jaan",EST,2620,olimpbase
1998,7,53,"Sokolov, Ivan",BIH,2620,olimpbase
1998,7,54,"Minasian, Artashes",ARM,2620,olimpbase
1998,7,55,"Smirin, Ilia",ISR,2615,olimpbase
1998,7,56,"Hracek, Zbynek",CZE,2615,olimpbase
1998,7,57,"Lputian, Smbat G.",ARM,2615,olimpbase
1998,7,58,"Gurevich, Mikhail",BEL,2610,olimpbase
1998,7,59,"Giorgadze, Giorgi",GEO,2610,olimpbase
1998,7,60,"Ibragimov, Ildar",RUS,2610,olimpbase
1998,7,61,"Chernin, Alexander",HUN,2610,olimpbase
1998,7,62,"Adianto, Utut",INA,2610,olimpbase
1998,7,63,"Hansen, Curt",DEN,2610,olimpbase
1998,7,64,"Eingorn, Vereslav S.",UKR,2610,olimpbase
1998,7,65,"Christiansen, Larry M.",USA,2610,olimpbase
1998,7,66,"Volkov, Sergey",RUS,2605,olimpbase
1998,7,67,"Rogers, Ian",AUS,2605,olimpbase
1998,7,68,"Piket, Jeroen",NED,2605,olimpbase
1998,7,69,"Granda Zuniga, Julio E.",PER,2605,olimpbase
1998,7,70,"Illescas Cordoba, Miguel",ESP,2605,olimpbase
1998,7,71,"Wahls, Matthias",GER,2605,olimpbase
1998,7,72,"Tukmakov, Vladimir B.",UKR,2605,olimpbase
1998,7,73,"Pigusov, Evgeny",RUS,2605,olimpbase
1998,7,74,"De Firmian, Nick E.",USA,2605,olimpbase
1998,7,75,"Morovic Fernandez, Ivan",CHI,2605,olimpbase
1998,7,76,"Hellers, Ferdinand",SWE,2605,olimpbase
1998,7,77,"Korneev, Oleg",RUS,2600,olimpbase
1998,7,78,"Asrian, Karen",ARM,2600,olimpbase
1998,7,79,"Khenkin, Igor",RUS,2600,olimpbase
1998,7,80,"Romanishin, Oleg M.",UKR,2600,olimpbase
1998,7,81,"Alterman, Boris",ISR,2600,olimpbase
1998,7,82,"Lutz, Christopher",GER,2600,olimpbase
1998,7,83,"Speelman, Jonathan S.",ENG,2600,olimpbase
1998,7,84,"Fedorov, Alexei",BLR,2600,olimpbase
1998,7,85,"Annakov, Babakuli",TKM,2600,olimpbase
1998,7,86,"Nunn, John D. M.",ENG,2600,olimpbase
1998,7,87,"Sturua, Zurab",GEO,2600,olimpbase
1998,7,88,"Wojtkiewicz, Aleksander",POL,2595,olimpbase
1998,7,89,"Aleksandrov, Aleksej",BLR,2595,olimpbase
1998,7,90,"Filippov, Valerij",RUS,2595,olimpbase
1998,7,91,"Benjamin, Joel",USA,2595,olimpbase
1998,7,92,"Timoshenko, Georgy",UKR,2595,olimpbase
1998,7,93,"Pinter, Jozsef",HUN,2595,olimpbase
1998,7,94,"Spasov, Vasil",BUL,2595,olimpbase
1998,7,95,"Portisch, Lajos",HUN,2595,olimpbase
1998,7,96,"Miles, Anthony J.",ENG,2590,olimpbase
1998,7,97,"Malaniuk, Vladimir P.",UKR,2590,olimpbase
1998,7,98,"Hebden, Mark",ENG,2590,olimpbase
1998,7,99,"Ribli, Zoltan",HUN,2590,olimpbase
1998,7,100,"Baburin, Alexander",IRL,2590,olimpbase
1999,7,1,"Kasparov, Garry",RUS,2851,olimpbase
1999,7,2,"Anand, Viswanathan",IND,2771,olimpbase
1999,7,3,"Kramnik, Vladimir",RUS,2760,olimpbase
1999,7,4,"Morozevich, Alexander",RUS,2758,olimpbase
1999,7,5,"Shirov, Alexei",ESP,2734,olimpbase
1999,7,6,"Kamsky, Gata",USA,2720,olimpbase
1999,7,7,"Gelfand, Boris",ISR,2713,olimpbase
1999,7,8,"Karpov, Anatoly",RUS,2709,olimpbase
1999,7,9,"Adams, Michael",ENG,2708,olimpbase
1999,7,10,"Ivanchuk, Vassily",UKR,2702,olimpbase
1999,7,11,"Leko, Peter",HUN,2701,olimpbase
1999,7,12,"Bareev, Evgeny",RUS,2698,olimpbase
1999,7,13,"Topalov, Veselin",BUL,2690,olimpbase
1999,7,14,"Svidler, Peter",RUS,2684,olimpbase
1999,7,15,"Azmaiparashvili, Zurab",GEO,2681,olimpbase
1999,7,16,"Dreev, Alexey",RUS,2679,olimpbase
1999,7,17,"Kortschnoj, Viktor",SUI,2676,olimpbase
1999,7,18,"Short, Nigel D.",ENG,2675,olimpbase
1999,7,19,"Smirin, Ilia",ISR,2671,olimpbase
1999,7,20,"Polgar, Judit                          w",HUN,2671,olimpbase
1999,7,21,"Almasi, Zoltan",HUN,2663,olimpbase
1999,7,22,"Rublevsky, Sergei",RUS,2660,olimpbase
1999,7,23,"Movsesian, Sergei",CZE,2659,olimpbase
1999,7,24,"Fedorov, Alexei",BLR,2659,olimpbase
1999,7,25,"Shipov, Sergei",RUS,2658,olimpbase
1999,7,26,"Epishin, Vladimir",RUS,2657,olimpbase
1999,7,27,"Onischuk, Alexander",UKR,2657,olimpbase
1999,7,28,"Sokolov, Ivan",BIH,2656,olimpbase
1999,7,29,"Salov, Valery",RUS,2656,olimpbase
1999,7,30,"Seirawan, Yasser",USA,2653,olimpbase
1999,7,31,"Zvjaginsev, Vadim",RUS,2652,olimpbase
1999,7,32,"Timman, Jan H.",NED,2650,olimpbase
1999,7,33,"Georgiev, Kiril",BUL,2650,olimpbase
1999,7,34,"Tkachiev, Vladislav",FRA,2648,olimpbase
1999,7,35,"Sakaev, Konstantin",RUS,2648,olimpbase
1999,7,36,"Krasenkow, Michal",POL,2647,olimpbase
1999,7,37,"Akopian, Vladimir",ARM,2646,olimpbase
1999,7,38,"Gurevich, Mikhail",BEL,2643,olimpbase
1999,7,39,"Nikolic, Predrag",BIH,2641,olimpbase
1999,7,40,"Lautier, Joel",FRA,2638,olimpbase
1999,7,41,"Jussupow, Artur",GER,2636,olimpbase
1999,7,42,"Khenkin, Igor",GER,2633,olimpbase
1999,7,43,"Hjartarson, Johann",ISL,2630,olimpbase
1999,7,44,"Van Wely, Loek",NED,2629,olimpbase
1999,7,45,"Hracek, Zbynek",CZE,2629,olimpbase
1999,7,46,"Khalifman, Alexander",RUS,2628,olimpbase
1999,7,47,"Sadler, Matthew",ENG,2626,olimpbase
1999,7,48,"Milov, Vadim",SUI,2626,olimpbase
1999,7,49,"Piket, Jeroen",NED,2625,olimpbase
1999,7,50,"Lputian, Smbat G.",ARM,2625,olimpbase
1999,7,51,"Andersson, Ulf",SWE,2623,olimpbase
1999,7,52,"Bologan, Viorel",MDA,2620,olimpbase
1999,7,53,"Chernin, Alexander",HUN,2619,olimpbase
1999,7,54,"Aleksandrov, Aleksej",BLR,2619,olimpbase
1999,7,55,"Beliavsky, Alexander G.",SLO,2618,olimpbase
1999,7,56,"Gulko, Boris F.",USA,2618,olimpbase
1999,7,57,"Vaganian, Rafael A.",ARM,2617,olimpbase
1999,7,58,"Ponomariov, Ruslan",UKR,2616,olimpbase
1999,7,59,"Kharlov, Andrei",RUS,2615,olimpbase
1999,7,60,"Korneev, Oleg",RUS,2615,olimpbase
1999,7,61,"Novikov, Igor A.",UKR,2614,olimpbase
1999,7,62,"Kozul, Zdenko",CRO,2612,olimpbase
1999,7,63,"Tiviakov, Sergei",RUS,2611,olimpbase
1999,7,64,"Kaidanov, Gregory S.",USA,2611,olimpbase
1999,7,65,"Palac, Mladen",CRO,2610,olimpbase
1999,7,66,"Christiansen, Larry M.",USA,2610,olimpbase
1999,7,67,"Tregubov, Pavel V.",RUS,2609,olimpbase
1999,7,68,"Pigusov, Evgeny",RUS,2609,olimpbase
1999,7,69,"Morovic Fernandez, Ivan",CHI,2608,olimpbase
1999,7,70,"Hansen, Curt",DEN,2607,olimpbase
1999,7,71,"Adianto, Utut",INA,2607,olimpbase
1999,7,72,"Filippov, Valerij",RUS,2605,olimpbase
1999,7,73,"Hodgson, Julian M.",ENG,2605,olimpbase
1999,7,74,"Granda Zuniga, Julio E.",PER,2605,olimpbase
1999,7,75,"Hellers, Ferdinand",SWE,2605,olimpbase
1999,7,76,"Magomedov, Magaram (2)",TJK,2604,olimpbase
1999,7,77,"Kruppa, Yuri",UKR,2603,olimpbase
1999,7,78,"Kasimdzhanov, Rustam",UZB,2603,olimpbase
1999,7,79,"Goldin, Alexander",ISR,2602,olimpbase
1999,7,80,"Giorgadze, Giorgi",GEO,2602,olimpbase
1999,7,81,"Sturua, Zurab",GEO,2602,olimpbase
1999,7,82,"Stohl, Igor",SVK,2600,olimpbase
1999,7,83,"Minasian, Artashes",ARM,2600,olimpbase
1999,7,84,"Dolmatov, Sergey",RUS,2600,olimpbase
1999,7,85,"Illescas Cordoba, Miguel",ESP,2600,olimpbase
1999,7,86,"Annakov, Babakuli",TKM,2600,olimpbase
1999,7,87,"Huebner, Robert",GER,2599,olimpbase
1999,7,88,"Atalik, Suat",TUR,2598,olimpbase
1999,7,89,"De Firmian, Nick E.",USA,2598,olimpbase
1999,7,90,"Nunn, John D. M.",ENG,2598,olimpbase
1999,7,91,"Speelman, Jonathan S.",ENG,2597,olimpbase
1999,7,92,"Dautov, Rustem",GER,2597,olimpbase
1999,7,93,"Bunzmann, Dimitrij",GER,2596,olimpbase
1999,7,94,"Dorfman, Josif D.",FRA,2596,olimpbase
1999,7,95,"Baburin, Alexander",IRL,2593,olimpbase
1999,7,96,"Ye, Jiangchuan",CHN,2593,olimpbase
1999,7,97,"Yakovich, Yuri",RUS,2592,olimpbase
1999,7,98,"Ehlvest, Jaan",EST,2592,olimpbase
1999,7,99,"Bacrot, Etienne",FRA,2592,olimpbase
1999,7,100,"Landa, Konstantin",RUS,2591,olimpbase
2000,7,1,"Kasparov, Garry",RUS,2849,olimpbase
2000,7,2,"Kramnik, Vladimir",RUS,2770,olimpbase
2000,7,3,"Anand, Viswanathan",IND,2762,olimpbase
2000,7,4,"Morozevich, Alexander",RUS,2756,olimpbase
2000,7,5,"Adams, Michael",ENG,2755,olimpbase
2000,7,6,"Shirov, Alexei",ESP,2746,olimpbase
2000,7,7,"Leko, Peter",HUN,2743,olimpbase
2000,7,8,"Ivanchuk, Vassily",UKR,2719,olimpbase
2000,7,9,"Topalov, Veselin",BUL,2707,olimpbase
2000,7,10,"Krasenkow, Michal",POL,2702,olimpbase
2000,7,11,"Bareev, Evgeny",RUS,2702,olimpbase
2000,7,12,"Karpov, Anatoly",RUS,2699,olimpbase
2000,7,13,"Kasimdzhanov, Rustam",UZB,2690,olimpbase
2000,7,14,"Svidler, Peter",RUS,2689,olimpbase
2000,7,15,"Gelfand, Boris",ISR,2681,olimpbase
2000,7,16,"Short, Nigel D.",ENG,2677,olimpbase
2000,7,17,"Smirin, Ilia",ISR,2677,olimpbase
2000,7,18,"Dreev, Alexey",RUS,2676,olimpbase
2000,7,19,"Azmaiparashvili, Zurab",GEO,2673,olimpbase
2000,7,20,"Ye, Jiangchuan",CHN,2670,olimpbase
2000,7,21,"Rublevsky, Sergei",RUS,2670,olimpbase
2000,7,22,"Xu, Jun",CHN,2668,olimpbase
2000,7,23,"Almasi, Zoltan",HUN,2668,olimpbase
2000,7,24,"Gurevich, Mikhail",BEL,2667,olimpbase
2000,7,25,"Khalifman, Alexander",RUS,2667,olimpbase
2000,7,26,"Movsesian, Sergei",CZE,2666,olimpbase
2000,7,27,"Georgiev, Kiril",BUL,2661,olimpbase
2000,7,28,"Akopian, Vladimir",ARM,2660,olimpbase
2000,7,29,"Peng, Xiaomin",CHN,2657,olimpbase
2000,7,30,"Nikolic, Predrag",BIH,2657,olimpbase
2000,7,31,"Tkachiev, Vladislav",FRA,2657,olimpbase
2000,7,32,"Polgar, Judit                          w",HUN,2656,olimpbase
2000,7,33,"Beliavsky, Alexander G.",SLO,2654,olimpbase
2000,7,34,"Piket, Jeroen",NED,2649,olimpbase
2000,7,35,"Lautier, Joel",FRA,2648,olimpbase
2000,7,36,"Seirawan, Yasser",USA,2647,olimpbase
2000,7,37,"Fedorov, Alexei",BLR,2646,olimpbase
2000,7,38,"Salov, Valery",RUS,2644,olimpbase
2000,7,39,"Van Wely, Loek",NED,2643,olimpbase
2000,7,40,"Gulko, Boris F.",USA,2643,olimpbase
2000,7,41,"Nenashev, Alexander",UZB,2642,olimpbase
2000,7,42,"Bologan, Viorel",MDA,2641,olimpbase
2000,7,43,"Andersson, Ulf",SWE,2641,olimpbase
2000,7,44,"Hodgson, Julian M.",ENG,2640,olimpbase
2000,7,45,"Shipov, Sergei",RUS,2640,olimpbase
2000,7,46,"Timman, Jan H.",NED,2639,olimpbase
2000,7,47,"Zhang, Zhong",CHN,2636,olimpbase
2000,7,48,"Zvjaginsev, Vadim",RUS,2634,olimpbase
2000,7,49,"Khenkin, Igor",GER,2633,olimpbase
2000,7,50,"Milos, Gilberto",BRA,2633,olimpbase
2000,7,51,"Hjartarson, Johann",ISL,2633,olimpbase
2000,7,52,"Ponomariov, Ruslan",UKR,2630,olimpbase
2000,7,53,"Sadler, Matthew",ENG,2628,olimpbase
2000,7,54,"Sakaev, Konstantin",RUS,2627,olimpbase
2000,7,55,"Ehlvest, Jaan",EST,2627,olimpbase
2000,7,56,"Onischuk, Alexander",UKR,2627,olimpbase
2000,7,57,"Kharlov, Andrei",RUS,2627,olimpbase
2000,7,58,"Milov, Vadim",SUI,2626,olimpbase
2000,7,59,"Avrukh, Boris",ISR,2625,olimpbase
2000,7,60,"Kaidanov, Gregory S.",USA,2624,olimpbase
2000,7,61,"Vaganian, Rafael A.",ARM,2623,olimpbase
2000,7,62,"Speelman, Jonathan S.",ENG,2623,olimpbase
2000,7,63,"Tregubov, Pavel V.",RUS,2620,olimpbase
2000,7,64,"Kortschnoj, Viktor",SUI,2620,olimpbase
2000,7,65,"Korneev, Oleg",RUS,2619,olimpbase
2000,7,66,"Huebner, Robert",GER,2615,olimpbase
2000,7,67,"Hansen, Curt",DEN,2613,olimpbase
2000,7,68,"Bacrot, Etienne",FRA,2613,olimpbase
2000,7,69,"Hracek, Zbynek",CZE,2612,olimpbase
2000,7,70,"Kozul, Zdenko",CRO,2611,olimpbase
2000,7,71,"Sokolov, Ivan",BIH,2611,olimpbase
2000,7,72,"Novikov, Igor A.",UKR,2611,olimpbase
2000,7,73,"Psakhis, Lev",ISR,2611,olimpbase
2000,7,74,"Jussupow, Artur",GER,2610,olimpbase
2000,7,75,"Landa, Konstantin",RUS,2610,olimpbase
2000,7,76,"Sutovsky, Emil",ISR,2609,olimpbase
2000,7,77,"Tiviakov, Sergei",NED,2608,olimpbase
2000,7,78,"Ftacnik, Lubomir",SVK,2608,olimpbase
2000,7,79,"Dolmatov, Sergey",RUS,2608,olimpbase
2000,7,80,"Morovic Fernandez, Ivan",CRO,2608,olimpbase
2000,7,81,"Magomedov, Magaram (2)",RUS,2608,olimpbase
2000,7,82,"Grischuk, Alexander",RUS,2606,olimpbase
2000,7,83,"Dautov, Rustem",GER,2606,olimpbase
2000,7,84,"Malakhov, Vladimir",RUS,2605,olimpbase
2000,7,85,"Smagin, Sergey",RUS,2605,olimpbase
2000,7,86,"Granda Zuniga, Julio E.",PER,2605,olimpbase
2000,7,87,"Hellers, Ferdinand",SWE,2605,olimpbase
2000,7,88,"Wang, Zili",CHN,2603,olimpbase
2000,7,89,"Shabalov, Alexander",USA,2601,olimpbase
2000,7,90,"Wu, Wenjin",CHN,2601,olimpbase
2000,7,91,"Dorfman, Josif D.",FRA,2600,olimpbase
2000,7,92,"Baklan, Vladimir",UKR,2599,olimpbase
2000,7,93,"Giorgadze, Giorgi",GEO,2599,olimpbase
2000,7,94,"Vladimirov, Evgeny",KAZ,2598,olimpbase
2000,7,95,"Lputian, Smbat G.",ARM,2598,olimpbase
2000,7,96,"Najer, Evgeniy",RUS,2597,olimpbase
2000,7,97,"Yermolinsky, Alex",USA,2596,olimpbase
2000,7,98,"Kuzmin, Alexey",RUS,2596,olimpbase
2000,7,99,"Lutz, Christopher",GER,2595,olimpbase
2000,7,100,"Minasian, Artashes",ARM,2595,olimpbase
2001,7,1,"Kasparov, Garry",Russia,2838,fide_github
2001,7,2,"Kramnik, Vladimir",Russia,2802,fide_github
2001,7,3,"Anand, Viswanathan",India,2794,fide_github
2001,7,4,"Fischer, Robert J",United States of America,2780,fide_github
2001,7,5,"Morozevich, Alexander",Russia,2749,fide_github
2001,7,6,"Adams, Michael",England,2744,fide_github
2001,7,7,"Ivanchuk, Vassily",Ukraine,2731,fide_github
2001,7,8,"Leko, Peter",Hungary,2730,fide_github
2001,7,9,"Bareev, Evgeny",Russia,2719,fide_github
2001,7,10,"Kamsky, Gata",United States of America,2717,fide_github
2001,7,11,"Topalov, Veselin",Bulgaria,2711,fide_github
2001,7,12,"Shirov, Alexei",Spain,2706,fide_github
2001,7,13,"Gelfand, Boris",Israel,2704,fide_github
2001,7,14,"Kasimdzhanov, Rustam",Uzbekistan,2704,fide_github
2001,7,15,"Smirin, Ilia",Israel,2702,fide_github
2001,7,16,"Khalifman, Alexander",Russia,2700,fide_github
2001,7,17,"Georgiev, Kiril",Bulgaria,2695,fide_github
2001,7,18,"Svidler, Peter",Russia,2695,fide_github
2001,7,19,"Van Wely, Loek",Netherlands,2695,fide_github
2001,7,20,"Karpov, Anatoly",Russia,2692,fide_github
2001,7,21,"Dreev, Alexey",Russia,2690,fide_github
2001,7,22,"Polgar, Judit (GM)",Hungary,2686,fide_github
2001,7,23,"Ponomariov, Ruslan",Ukraine,2684,fide_github
2001,7,24,"Ye, Jiangchuan",China,2677,fide_github
2001,7,25,"Lautier, Joel",France,2675,fide_github
2001,7,26,"Azmaiparashvili, Zurab",Georgia,2674,fide_github
2001,7,27,"Grischuk, Alexander",Russia,2669,fide_github
2001,7,28,"Onischuk, Alexander",Ukraine,2667,fide_github
2001,7,29,"Zhang, Zhong",China,2667,fide_github
2001,7,30,"Short, Nigel D.",England,2664,fide_github
2001,7,31,"Akopian, Vladimir",Armenia,2660,fide_github
2001,7,32,"Beliavsky, Alexander G",Slovenia,2659,fide_github
2001,7,33,"Sokolov, Ivan",Bosnia & Herzegovina,2659,fide_github
2001,7,34,"Kharlov, Andrei",Russia,2656,fide_github
2001,7,35,"Bologan, Viktor",Moldova,2655,fide_github
2001,7,36,"Bacrot, Etienne",France,2653,fide_github
2001,7,37,"Nikolic, Predrag",Bosnia & Herzegovina,2652,fide_github
2001,7,38,"Sutovsky, Emil",Israel,2651,fide_github
2001,7,39,"Vaganian, Rafael A",Armenia,2650,fide_github
2001,7,40,"Aleksandrov, Aleksej",Belarus,2646,fide_github
2001,7,41,"Xu, Jun",China,2646,fide_github
2001,7,42,"Salov, Valery",Russia,2644,fide_github
2001,7,43,"Seirawan, Yasser",United States of America,2644,fide_github
2001,7,44,"Lutz, Christopher",Germany,2643,fide_github
2001,7,45,"Tkachiev, Vladislav",France,2642,fide_github
2001,7,46,"Rublevsky, Sergei",Russia,2639,fide_github
2001,7,47,"Zvjaginsev, Vadim",Russia,2638,fide_github
2001,7,48,"Malakhov, Vladimir",Russia,2637,fide_github
2001,7,49,"Crisan, Alexandru",Romania,2635,fide_github
2001,7,50,"Gurevich, Mikhail",Belgium,2633,fide_github
2001,7,51,"Hjartarson, Johann",Iceland,2633,fide_github
2001,7,52,"Jussupow, Artur",Germany,2633,fide_github
2001,7,53,"Sadler, Matthew",England,2631,fide_github
2001,7,54,"Almasi, Zoltan",Hungary,2630,fide_github
2001,7,55,"Dautov, Rustem",Germany,2630,fide_github
2001,7,56,"Piket, Jeroen",Netherlands,2630,fide_github
2001,7,57,"Sakaev, Konstantin",Russia,2630,fide_github
2001,7,58,"Vallejo Pons, Francisco",Spain,2630,fide_github
2001,7,59,"Delchev, Aleksander",Bulgaria,2629,fide_github
2001,7,60,"Peng, Xiaomin",China,2629,fide_github
2001,7,61,"Lastin, Alexander",Russia,2628,fide_github
2001,7,62,"Ehlvest, Jaan",Estonia,2627,fide_github
2001,7,63,"Motylev, Alexander",Russia,2627,fide_github
2001,7,64,"Movsesian, Sergei",Czech Republic,2627,fide_github
2001,7,65,"Hansen, Curt",Denmark,2626,fide_github
2001,7,66,"Shipov, Sergei",Russia,2625,fide_github
2001,7,67,"Landa, Konstantin",Russia,2619,fide_github
2001,7,68,"Tiviakov, Sergei",Netherlands,2618,fide_github
2001,7,69,"Filippov, Valerij",Russia,2617,fide_github
2001,7,70,"Korchnoi, Viktor",Switzerland,2617,fide_github
2001,7,71,"Tregubov, Pavel V.",Russia,2617,fide_github
2001,7,72,"Milos, Gilberto",Brazil,2614,fide_github
2001,7,73,"Milov, Vadim",Switzerland,2614,fide_github
2001,7,74,"Pigusov, Evgeny",Russia,2613,fide_github
2001,7,75,"Huebner, Robert Dr.",Germany,2612,fide_github
2001,7,76,"Vladimirov, Evgeny",Kazakhstan,2612,fide_github
2001,7,77,"Graf, Alexander",Germany,2610,fide_github
2001,7,78,"Hracek, Zbynek",Czech Republic,2610,fide_github
2001,7,79,"Nisipeanu, Liviu-Dieter",Romania,2609,fide_github
2001,7,80,"Lputian, Smbat G",Armenia,2608,fide_github
2001,7,81,"Magomedov, Magaram",Russia,2608,fide_github
2001,7,82,"Chuchelov, Vladimir",Belgium,2607,fide_github
2001,7,83,"Rustemov, Alexander",Russia,2607,fide_github
2001,7,84,"Van Den Doel, Erik",Netherlands,2607,fide_github
2001,7,85,"Fressinet, Laurent",France,2606,fide_github
2001,7,86,"Granda Zuniga, Julio E",Peru,2605,fide_github
2001,7,87,"Hellers, Ferdinand",Sweden,2605,fide_github
2001,7,88,"Kaidanov, Gregory S",United States of America,2605,fide_github
2001,7,89,"Asrian, Karen",Armenia,2604,fide_github
2001,7,90,"Luther, Thomas",Germany,2604,fide_github
2001,7,91,"Sokolov, Andrei",France,2604,fide_github
2001,7,92,"Tukmakov, Vladimir B",Ukraine,2604,fide_github
2001,7,93,"Speelman, Jonathan S.",England,2603,fide_github
2001,7,94,"Degraeve, Jean-Marc",France,2602,fide_github
2001,7,95,"Dorfman, Josif D",France,2602,fide_github
2001,7,96,"Gulko, Boris F",United States of America,2602,fide_github
2001,7,97,"Gyimesi, Zoltan",Hungary,2602,fide_github
2001,7,98,"Andersson, Ulf",Sweden,2601,fide_github
2001,7,99,"Chernin, Alexander",Hungary,2601,fide_github
2001,7,100,"Hickl, Joerg",Germany,2600,fide_github
2002,7,1,"Kasparov, Garry",Russia,2838,fide_github
2002,7,2,"Kramnik, Vladimir",Russia,2807,fide_github
2002,7,3,"Fischer, Robert J",United States of America,2780,fide_github
2002,7,4,"Anand, Viswanathan",India,2755,fide_github
2002,7,5,"Adams, Michael",England,2752,fide_github
2002,7,6,"Topalov, Veselin",Bulgaria,2745,fide_github
2002,7,7,"Ponomariov, Ruslan",Ukraine,2743,fide_github
2002,7,8,"Bareev, Evgeny",Russia,2726,fide_github
2002,7,9,"Leko, Peter",Hungary,2722,fide_github
2002,7,10,"Kamsky, Gata",United States of America,2717,fide_github
2002,7,11,"Morozevich, Alexander",Russia,2716,fide_github
2002,7,12,"Ivanchuk, Vassily",Ukraine,2711,fide_github
2002,7,13,"Gelfand, Boris",Israel,2710,fide_github
2002,7,14,"Grischuk, Alexander",Russia,2702,fide_github
2002,7,15,"Shirov, Alexei",Spain,2697,fide_github
2002,7,16,"Khalifman, Alexander",Russia,2690,fide_github
2002,7,17,"Svidler, Peter",Russia,2690,fide_github
2002,7,18,"Karpov, Anatoly",Russia,2687,fide_github
2002,7,19,"Short, Nigel D.",England,2682,fide_github
2002,7,20,"Polgar, Judit (GM)",Hungary,2681,fide_github
2002,7,21,"Sokolov, Ivan",Netherlands,2677,fide_github
2002,7,22,"Azmaiparashvili, Zurab",Georgia,2676,fide_github
2002,7,23,"Dreev, Alexey",Russia,2676,fide_github
2002,7,24,"Smirin, Ilia",Israel,2676,fide_github
2002,7,25,"Ye, Jiangchuan",China,2676,fide_github
2002,7,26,"Zvjaginsev, Vadim",Russia,2673,fide_github
2002,7,27,"Almasi, Zoltan",Hungary,2672,fide_github
2002,7,28,"Malakhov, Vladimir",Russia,2668,fide_github
2002,7,29,"Lautier, Joel",France,2665,fide_github
2002,7,30,"Krasenkow, Michal",Poland,2662,fide_github
2002,7,31,"Nikolic, Predrag",Bosnia & Herzegovina,2661,fide_github
2002,7,32,"Rublevsky, Sergei",Russia,2658,fide_github
2002,7,33,"Sutovsky, Emil",Israel,2658,fide_github
2002,7,34,"Lutz, Christopher",Germany,2655,fide_github
2002,7,35,"Movsesian, Sergei",Slovakia,2654,fide_github
2002,7,36,"Xu, Jun",China,2654,fide_github
2002,7,37,"Bacrot, Etienne",France,2653,fide_github
2002,7,38,"Beliavsky, Alexander G",Slovenia,2652,fide_github
2002,7,39,"Vallejo Pons, Francisco",Spain,2652,fide_github
2002,7,40,"Sasikiran, Krishnan",India,2650,fide_github
2002,7,41,"Gurevich, Mikhail",Belgium,2649,fide_github
2002,7,42,"Sakaev, Konstantin",Russia,2647,fide_github
2002,7,43,"Aleksandrov, Aleksej",Belarus,2646,fide_github
2002,7,44,"Piket, Jeroen",Netherlands,2646,fide_github
2002,7,45,"Van Wely, Loek",Netherlands,2645,fide_github
2002,7,46,"Onischuk, Alexander",United States of America,2644,fide_github
2002,7,47,"Salov, Valery",Russia,2644,fide_github
2002,7,48,"Epishin, Vladimir",Russia,2643,fide_github
2002,7,49,"Kaidanov, Gregory S",United States of America,2638,fide_github
2002,7,50,"Zhang, Zhong",China,2637,fide_github
2002,7,51,"Volkov, Sergey",Russia,2636,fide_github
2002,7,52,"Hjartarson, Johann",Iceland,2634,fide_github
2002,7,53,"Huebner, Robert Dr.",Germany,2634,fide_github
2002,7,54,"Motylev, Alexander",Russia,2634,fide_github
2002,7,55,"Bologan, Viktor",Moldova,2631,fide_github
2002,7,56,"Tiviakov, Sergei",Netherlands,2628,fide_github
2002,7,57,"Korchnoi, Viktor",Switzerland,2626,fide_github
2002,7,58,"Nielsen, Peter Heine",Denmark,2626,fide_github
2002,7,59,"Hansen, Curt",Denmark,2625,fide_github
2002,7,60,"Kobalia, Mikhail",Russia,2625,fide_github
2002,7,61,"Lastin, Alexander",Russia,2625,fide_github
2002,7,62,"Tkachiev, Vladislav",France,2625,fide_github
2002,7,63,"Graf, Alexander",Germany,2624,fide_github
2002,7,64,"Sadler, Matthew",England,2624,fide_github
2002,7,65,"Shabalov, Alexander",United States of America,2624,fide_github
2002,7,66,"Timman, Jan H",Netherlands,2623,fide_github
2002,7,67,"Istratescu, Andrei",Romania,2622,fide_github
2002,7,68,"Pigusov, Evgeny",Russia,2622,fide_github
2002,7,69,"Landa, Konstantin",Russia,2621,fide_github
2002,7,70,"Fressinet, Laurent",France,2619,fide_github
2002,7,71,"Jussupow, Artur",Germany,2618,fide_github
2002,7,72,"Radjabov, Teimour",Azerbaijan,2618,fide_github
2002,7,73,"Seirawan, Yasser",United States of America,2618,fide_github
2002,7,74,"Dautov, Rustem",Germany,2617,fide_github
2002,7,75,"Dorfman, Josif D",France,2617,fide_github
2002,7,76,"Filippov, Valerij",Russia,2615,fide_github
2002,7,77,"Baklan, Vladimir",Ukraine,2614,fide_github
2002,7,78,"Dominguez, Lenier",Cuba,2613,fide_github
2002,7,79,"Nisipeanu, Liviu-Dieter",Romania,2613,fide_github
2002,7,80,"Shipov, Sergei",Russia,2613,fide_github
2002,7,81,"Nunn, John D.M.",England,2611,fide_github
2002,7,82,"Vescovi, Giovanni",Brazil,2611,fide_github
2002,7,83,"Goldin, Alexander",United States of America,2609,fide_github
2002,7,84,"Kharlov, Andrei",Russia,2609,fide_github
2002,7,85,"Benjamin, Joel",United States of America,2608,fide_github
2002,7,86,"Hodgson, Julian M.",England,2608,fide_github
2002,7,87,"Macieja, Bartlomiej",Poland,2607,fide_github
2002,7,88,"Granda Zuniga, Julio E",Peru,2605,fide_github
2002,7,89,"Hellers, Ferdinand",Sweden,2605,fide_github
2002,7,90,"Eingorn, Vereslav S",Ukraine,2604,fide_github
2002,7,91,"Kazhgaleyev, Murtas",Kazakhstan,2604,fide_github
2002,7,92,"Sermek, Drazen",Slovenia,2603,fide_github
2002,7,93,"Bu, Xiangzhi",China,2602,fide_github
2002,7,94,"Ftacnik, Lubomir",Slovakia,2602,fide_github
2002,7,95,"Hickl, Joerg",Germany,2602,fide_github
2002,7,96,"Milov, Vadim",Switzerland,2602,fide_github
2002,7,97,"Peng, Xiaomin",China,2602,fide_github
2002,7,98,"Van Den Doel, Erik",Netherlands,2602,fide_github
2002,7,99,"Novikov, Igor A",United States of America,2601,fide_github
2002,7,100,"Ehlvest, Jaan",Estonia,2600,fide_github
2003,7,1,"Kasparov, Garry",Russia,2830,fide_github
2003,7,2,"Kramnik, Vladimir",Russia,2785,fide_github
2003,7,3,"Fischer, Robert J",United States of America,2780,fide_github
2003,7,4,"Anand, Viswanathan",India,2774,fide_github
2003,7,5,"Leko, Peter",Hungary,2739,fide_github
2003,7,6,"Topalov, Veselin",Bulgaria,2735,fide_github
2003,7,7,"Grischuk, Alexander",Russia,2732,fide_github
2003,7,8,"Shirov, Alexei",Spain,2732,fide_github
2003,7,9,"Svidler, Peter",Russia,2723,fide_github
2003,7,10,"Bareev, Evgeny",Russia,2721,fide_github
2003,7,11,"Adams, Michael",England,2719,fide_github
2003,7,12,"Polgar, Judit (GM)",Hungary,2718,fide_github
2003,7,13,"Ponomariov, Ruslan",Ukraine,2718,fide_github
2003,7,14,"Kamsky, Gata",United States of America,2717,fide_github
2003,7,15,"Ivanchuk, Vassily",Ukraine,2710,fide_github
2003,7,16,"Akopian, Vladimir",Armenia,2703,fide_github
2003,7,17,"Azmaiparashvili, Zurab",Georgia,2702,fide_github
2003,7,18,"Short, Nigel D.",England,2701,fide_github
2003,7,19,"Dreev, Alexey",Russia,2698,fide_github
2003,7,20,"Malakhov, Vladimir",Russia,2696,fide_github
2003,7,21,"Gelfand, Boris",Israel,2695,fide_github
2003,7,22,"Karpov, Anatoly",Russia,2693,fide_github
2003,7,23,"Sokolov, Ivan",Netherlands,2693,fide_github
2003,7,24,"Ye, Jiangchuan",China,2683,fide_github
2003,7,25,"Morozevich, Alexander",Russia,2679,fide_github
2003,7,26,"Khalifman, Alexander",Russia,2678,fide_github
2003,7,27,"Lautier, Joel",France,2677,fide_github
2003,7,28,"Rublevsky, Sergei",Russia,2672,fide_github
2003,7,29,"Beliavsky, Alexander G",Slovenia,2668,fide_github
2003,7,30,"Nisipeanu, Liviu-Dieter",Romania,2666,fide_github
2003,7,31,"Kasimdzhanov, Rustam",Uzbekistan,2664,fide_github
2003,7,32,"Vallejo Pons, Francisco",Spain,2662,fide_github
2003,7,33,"Van Wely, Loek",Netherlands,2661,fide_github
2003,7,34,"Aleksandrov, Aleksej",Belarus,2659,fide_github
2003,7,35,"Zhang, Zhong",China,2658,fide_github
2003,7,36,"Onischuk, Alexander",United States of America,2657,fide_github
2003,7,37,"Kobalia, Mikhail",Russia,2656,fide_github
2003,7,38,"Smirin, Ilia",Israel,2656,fide_github
2003,7,39,"Almasi, Zoltan",Hungary,2655,fide_github
2003,7,40,"Sakaev, Konstantin",Russia,2655,fide_github
2003,7,41,"Sasikiran, Krishnan",India,2654,fide_github
2003,7,42,"Tkachiev, Vladislav",France,2654,fide_github
2003,7,43,"Zvjaginsev, Vadim",Russia,2653,fide_github
2003,7,44,"Bologan, Viktor",Moldova,2650,fide_github
2003,7,45,"Aronian, Levon",Armenia,2649,fide_github
2003,7,46,"Nikolic, Predrag",Bosnia & Herzegovina,2649,fide_github
2003,7,47,"Radjabov, Teimour",Azerbaijan,2648,fide_github
2003,7,48,"Movsesian, Sergei",Slovakia,2647,fide_github
2003,7,49,"Bacrot, Etienne",France,2645,fide_github
2003,7,50,"Gurevich, Mikhail",Belgium,2644,fide_github
2003,7,51,"Salov, Valery",Russia,2644,fide_github
2003,7,52,"Graf, Alexander",Germany,2643,fide_github
2003,7,53,"Epishin, Vladimir",Russia,2642,fide_github
2003,7,54,"Granda Zuniga, Julio E",Peru,2641,fide_github
2003,7,55,"Fressinet, Laurent",France,2640,fide_github
2003,7,56,"Hjartarson, Johann",Iceland,2640,fide_github
2003,7,57,"Sutovsky, Emil",Israel,2639,fide_github
2003,7,58,"Kaidanov, Gregory S",United States of America,2638,fide_github
2003,7,59,"Khenkin, Igor",Germany,2638,fide_github
2003,7,60,"Georgiev, Kiril",FYR Macedonia,2637,fide_github
2003,7,61,"Nielsen, Peter Heine",Denmark,2636,fide_github
2003,7,62,"Tregubov, Pavel V.",Russia,2635,fide_github
2003,7,63,"Lastin, Alexander",Russia,2634,fide_github
2003,7,64,"Motylev, Alexander",Russia,2634,fide_github
2003,7,65,"Piket, Jeroen",Netherlands,2632,fide_github
2003,7,66,"Lutz, Christopher",Germany,2631,fide_github
2003,7,67,"Filippov, Valerij",Russia,2630,fide_github
2003,7,68,"Smirnov, Pavel",Russia,2629,fide_github
2003,7,69,"Korchnoi, Viktor",Switzerland,2628,fide_github
2003,7,70,"Macieja, Bartlomiej",Poland,2627,fide_github
2003,7,71,"Sadler, Matthew",England,2626,fide_github
2003,7,72,"Seirawan, Yasser",United States of America,2626,fide_github
2003,7,73,"Xu, Jun",China,2626,fide_github
2003,7,74,"Lputian, Smbat G",Armenia,2623,fide_github
2003,7,75,"Vaganian, Rafael A",Armenia,2623,fide_github
2003,7,76,"Volkov, Sergey",Russia,2620,fide_github
2003,7,77,"McShane, Luke J.",England,2619,fide_github
2003,7,78,"Hansen, Curt",Denmark,2618,fide_github
2003,7,79,"Moiseenko, Alexander",Ukraine,2618,fide_github
2003,7,80,"Vescovi, Giovanni",Brazil,2618,fide_github
2003,7,81,"Nunn, John D.M.",England,2617,fide_github
2003,7,82,"Rozentalis, Eduardas",Lithuania,2616,fide_github
2003,7,83,"Van Den Doel, Erik",Netherlands,2615,fide_github
2003,7,84,"Bruzon, Lazaro",Cuba,2614,fide_github
2003,7,85,"Landa, Konstantin",Russia,2614,fide_github
2003,7,86,"Alekseev, Evgeny",Russia,2613,fide_github
2003,7,87,"Tiviakov, Sergei",Netherlands,2613,fide_github
2003,7,88,"Giorgadze, Giorgi",Georgia,2612,fide_github
2003,7,89,"Eingorn, Vereslav S",Ukraine,2611,fide_github
2003,7,90,"Dautov, Rustem",Germany,2610,fide_github
2003,7,91,"Dominguez, Lenier",Cuba,2610,fide_github
2003,7,92,"Kazhgaleyev, Murtas",Kazakhstan,2610,fide_github
2003,7,93,"Markowski, Tomasz",Poland,2610,fide_github
2003,7,94,"Hodgson, Julian M.",England,2609,fide_github
2003,7,95,"Miladinovic, Igor",Greece,2609,fide_github
2003,7,96,"Chuchelov, Vladimir",Belgium,2608,fide_github
2003,7,97,"Goldin, Alexander",United States of America,2608,fide_github
2003,7,98,"Najer, Evgeniy",Russia,2608,fide_github
2003,7,99,"Navara, David",Czech Republic,2608,fide_github
2003,7,100,"Dorfman, Josif D",France,2607,fide_github
2004,7,1,"Kasparov, Garry",Russia,2817,fide_github
2004,7,2,"Anand, Viswanathan",India,2782,fide_github
2004,7,3,"Fischer, Robert J",United States of America,2780,fide_github
2004,7,4,"Kramnik, Vladimir",Russia,2770,fide_github
2004,7,5,"Morozevich, Alexander",Russia,2743,fide_github
2004,7,6,"Leko, Peter",Hungary,2741,fide_github
2004,7,7,"Adams, Michael",England,2738,fide_github
2004,7,8,"Topalov, Veselin",Bulgaria,2737,fide_github
2004,7,9,"Polgar, Judit",Hungary,2728,fide_github
2004,7,10,"Svidler, Peter",Russia,2727,fide_github
2004,7,11,"Shirov, Alexei",Spain,2725,fide_github
2004,7,12,"Ponomariov, Ruslan",Ukraine,2722,fide_github
2004,7,13,"Kamsky, Gata",United States of America,2717,fide_github
2004,7,14,"Bareev, Evgeny",Russia,2715,fide_github
2004,7,15,"Ivanchuk, Vassily",Ukraine,2715,fide_github
2004,7,16,"Bacrot, Etienne",France,2712,fide_github
2004,7,17,"Gelfand, Boris",Israel,2709,fide_github
2004,7,18,"Grischuk, Alexander",Russia,2705,fide_github
2004,7,19,"Akopian, Vladimir",Armenia,2692,fide_github
2004,7,20,"Dreev, Alexey",Russia,2690,fide_github
2004,7,21,"Nisipeanu, Liviu-Dieter",Romania,2686,fide_github
2004,7,22,"Rublevsky, Sergei",Russia,2686,fide_github
2004,7,23,"Short, Nigel D.",England,2684,fide_github
2004,7,24,"Milov, Vadim",Switzerland,2683,fide_github
2004,7,25,"Karpov, Anatoly",Russia,2682,fide_github
2004,7,26,"Ye, Jiangchuan",China,2681,fide_github
2004,7,27,"Van Wely, Loek",Netherlands,2680,fide_github
2004,7,28,"Azmaiparashvili, Zurab",Georgia,2679,fide_github
2004,7,29,"Beliavsky, Alexander G",Slovenia,2679,fide_github
2004,7,30,"Sokolov, Ivan",Netherlands,2679,fide_github
2004,7,31,"Sutovsky, Emil",Israel,2679,fide_github
2004,7,32,"Vallejo Pons, Francisco",Spain,2679,fide_github
2004,7,33,"Malakhov, Vladimir",Russia,2674,fide_github
2004,7,34,"Aronian, Levon",Armenia,2671,fide_github
2004,7,35,"Nikolic, Predrag",Bosnia & Herzegovina,2671,fide_github
2004,7,36,"Smirin, Ilia",Israel,2671,fide_github
2004,7,37,"Khalifman, Alexander",Russia,2669,fide_github
2004,7,38,"Gurevich, Mikhail",Belgium,2667,fide_github
2004,7,39,"Aleksandrov, Aleksej",Belarus,2666,fide_github
2004,7,40,"Lautier, Joel",France,2666,fide_github
2004,7,41,"Sasikiran, Krishnan",India,2666,fide_github
2004,7,42,"Radjabov, Teimour",Azerbaijan,2664,fide_github
2004,7,43,"Sakaev, Konstantin",Russia,2664,fide_github
2004,7,44,"Bologan, Viktor",Moldova,2663,fide_github
2004,7,45,"Mamedyarov, Shakhriyar",Azerbaijan,2662,fide_github
2004,7,46,"Graf, Alexander",Germany,2661,fide_github
2004,7,47,"Motylev, Alexander",Russia,2658,fide_github
2004,7,48,"Onischuk, Alexander",United States of America,2655,fide_github
2004,7,49,"Nielsen, Peter Heine",Denmark,2652,fide_github
2004,7,50,"Zvjaginsev, Vadim",Russia,2650,fide_github
2004,7,51,"Vescovi, Giovanni",Brazil,2648,fide_github
2004,7,52,"Movsesian, Sergei",Slovakia,2646,fide_github
2004,7,53,"Almasi, Zoltan",Hungary,2644,fide_github
2004,7,54,"Salov, Valery",Russia,2644,fide_github
2004,7,55,"McShane, Luke J.",England,2643,fide_github
2004,7,56,"Vaganian, Rafael A",Armenia,2642,fide_github
2004,7,57,"Kasimdzhanov, Rustam",Uzbekistan,2640,fide_github
2004,7,58,"Moiseenko, Alexander",Ukraine,2640,fide_github
2004,7,59,"Volokitin, Andrei",Ukraine,2638,fide_github
2004,7,60,"Fressinet, Laurent",France,2637,fide_github
2004,7,61,"Epishin, Vladimir",Russia,2635,fide_github
2004,7,62,"Hansen, Curt",Denmark,2635,fide_github
2004,7,63,"Lputian, Smbat G",Armenia,2634,fide_github
2004,7,64,"Iordachescu, Viorel",Moldova,2633,fide_github
2004,7,65,"Macieja, Bartlomiej",Poland,2633,fide_github
2004,7,66,"Krasenkow, Michal",Poland,2632,fide_github
2004,7,67,"Seirawan, Yasser",United States of America,2631,fide_github
2004,7,68,"Kozul, Zdenko",Croatia,2630,fide_github
2004,7,69,"Miladinovic, Igor",Greece,2630,fide_github
2004,7,70,"Dominguez, Lenier",Cuba,2629,fide_github
2004,7,71,"Bruzon, Lazaro",Cuba,2628,fide_github
2004,7,72,"Hjartarson, Johann",Iceland,2628,fide_github
2004,7,73,"Tregubov, Pavel V.",Russia,2628,fide_github
2004,7,74,"Vladimirov, Evgeny",Kazakhstan,2628,fide_github
2004,7,75,"Filippov, Valerij",Russia,2627,fide_github
2004,7,76,"Georgiev, Kiril",FYR Macedonia,2626,fide_github
2004,7,77,"Sadvakasov, Darmen",Kazakhstan,2626,fide_github
2004,7,78,"Volkov, Sergey",Russia,2625,fide_github
2004,7,79,"Dautov, Rustem",Germany,2624,fide_github
2004,7,80,"Goldin, Alexander",United States of America,2624,fide_github
2004,7,81,"Huebner, Robert Dr.",Germany,2624,fide_github
2004,7,82,"Piket, Jeroen",Netherlands,2624,fide_github
2004,7,83,"Kaidanov, Gregory S",United States of America,2621,fide_github
2004,7,84,"Bu, Xiangzhi",China,2620,fide_github
2004,7,85,"Fedorov, Alexei",Belarus,2620,fide_github
2004,7,86,"Smirnov, Pavel",Russia,2620,fide_github
2004,7,87,"Rozentalis, Eduardas",Lithuania,2619,fide_github
2004,7,88,"Gyimesi, Zoltan",Hungary,2618,fide_github
2004,7,89,"Illescas Cordoba, Miguel",Spain,2618,fide_github
2004,7,90,"Kobalia, Mikhail",Russia,2618,fide_github
2004,7,91,"Nunn, John D.M.",England,2617,fide_github
2004,7,92,"Sadler, Matthew",England,2617,fide_github
2004,7,93,"Sargissian, Gabriel",Armenia,2617,fide_github
2004,7,94,"Xu, Jun",China,2617,fide_github
2004,7,95,"Navara, David",Czech Republic,2616,fide_github
2004,7,96,"Jobava, Baadur",Georgia,2615,fide_github
2004,7,97,"Miroshnichenko, Evgenij",Ukraine,2615,fide_github
2004,7,98,"Tkachiev, Vladislav",France,2615,fide_github
2004,7,99,"Berkes, Ferenc",Hungary,2614,fide_github
2004,7,100,"Eljanov, Pavel",Ukraine,2613,fide_github
2005,7,1,"Kasparov, Garry",Russia,2812,fide_github
2005,7,2,"Anand, Viswanathan",India,2788,fide_github
2005,7,3,"Topalov, Veselin",Bulgaria,2788,fide_github
2005,7,4,"Fischer, Robert J",United States of America,2780,fide_github
2005,7,5,"Leko, Peter",Hungary,2763,fide_github
2005,7,6,"Ivanchuk, Vassily",Ukraine,2752,fide_github
2005,7,7,"Kramnik, Vladimir",Russia,2744,fide_github
2005,7,8,"Svidler, Peter",Russia,2738,fide_github
2005,7,9,"Polgar, Judit",Hungary,2735,fide_github
2005,7,10,"Bacrot, Etienne",France,2729,fide_github
2005,7,11,"Aronian, Levon",Armenia,2724,fide_github
2005,7,12,"Gelfand, Boris",Israel,2724,fide_github
2005,7,13,"Grischuk, Alexander",Russia,2720,fide_github
2005,7,14,"Adams, Michael",England,2719,fide_github
2005,7,15,"Morozevich, Alexander",Russia,2707,fide_github
2005,7,16,"Akopian, Vladimir",Armenia,2705,fide_github
2005,7,17,"Shirov, Alexei",Spain,2705,fide_github
2005,7,18,"Ponomariov, Ruslan",Ukraine,2704,fide_github
2005,7,19,"Bologan, Viktor",Moldova,2700,fide_github
2005,7,20,"Kamsky, Gata",United States of America,2700,fide_github
2005,7,21,"Dreev, Alexey",Russia,2698,fide_github
2005,7,22,"Sokolov, Ivan",Netherlands,2691,fide_github
2005,7,23,"Bareev, Evgeny",Russia,2688,fide_github
2005,7,24,"Radjabov, Teimour",Azerbaijan,2682,fide_github
2005,7,25,"Vallejo Pons, Francisco",Spain,2681,fide_github
2005,7,26,"Nisipeanu, Liviu-Dieter",Romania,2679,fide_github
2005,7,27,"Tiviakov, Sergei",Netherlands,2678,fide_github
2005,7,28,"Motylev, Alexander",Russia,2675,fide_github
2005,7,29,"Sutovsky, Emil",Israel,2674,fide_github
2005,7,30,"Malakhov, Vladimir",Russia,2673,fide_github
2005,7,31,"Short, Nigel D.",England,2673,fide_github
2005,7,32,"Azmaiparashvili, Zurab",Georgia,2672,fide_github
2005,7,33,"Karpov, Anatoly",Russia,2672,fide_github
2005,7,34,"Lautier, Joel",France,2672,fide_github
2005,7,35,"Volokitin, Andrei",Ukraine,2671,fide_github
2005,7,36,"Kasimdzhanov, Rustam",Uzbekistan,2670,fide_github
2005,7,37,"Gurevich, Mikhail",Belgium,2669,fide_github
2005,7,38,"Sakaev, Konstantin",Russia,2669,fide_github
2005,7,39,"Nielsen, Peter Heine",Denmark,2668,fide_github
2005,7,40,"Georgiev, Kiril",Bulgaria,2666,fide_github
2005,7,41,"Moiseenko, Alexander",Ukraine,2664,fide_github
2005,7,42,"Krasenkow, Michal",Poland,2663,fide_github
2005,7,43,"Navara, David",Czech Republic,2663,fide_github
2005,7,44,"Bruzon, Lazaro",Cuba,2662,fide_github
2005,7,45,"Timofeev, Artyom",Russia,2661,fide_github
2005,7,46,"Nakamura, Hikaru",United States of America,2660,fide_github
2005,7,47,"Zvjaginsev, Vadim",Russia,2659,fide_github
2005,7,48,"Delchev, Aleksander",Bulgaria,2656,fide_github
2005,7,49,"Van Wely, Loek",Netherlands,2655,fide_github
2005,7,50,"Khalifman, Alexander",Russia,2653,fide_github
2005,7,51,"Avrukh, Boris",Israel,2652,fide_github
2005,7,52,"Sasikiran, Krishnan",India,2652,fide_github
2005,7,53,"Smirin, Ilia",Israel,2652,fide_github
2005,7,54,"Ye, Jiangchuan",China,2648,fide_github
2005,7,55,"Mamedyarov, Shakhriyar",Azerbaijan,2646,fide_github
2005,7,56,"Harikrishna, P.",India,2645,fide_github
2005,7,57,"Karjakin, Sergey",Ukraine,2645,fide_github
2005,7,58,"Milov, Vadim",Switzerland,2645,fide_github
2005,7,59,"Movsesian, Sergei",Slovakia,2645,fide_github
2005,7,60,"Rublevsky, Sergei",Russia,2645,fide_github
2005,7,61,"Salov, Valery",Russia,2644,fide_github
2005,7,62,"Efimenko, Zahar",Ukraine,2643,fide_github
2005,7,63,"Bauer, Christian",France,2641,fide_github
2005,7,64,"Vescovi, Giovanni",Brazil,2640,fide_github
2005,7,65,"Dominguez, Lenier",Cuba,2639,fide_github
2005,7,66,"Eljanov, Pavel",Ukraine,2639,fide_github
2005,7,67,"Huebner, Robert Dr.",Germany,2636,fide_github
2005,7,68,"Seirawan, Yasser",United States of America,2635,fide_github
2005,7,69,"Smirnov, Pavel",Russia,2635,fide_github
2005,7,70,"Cheparinov, Ivan",Bulgaria,2634,fide_github
2005,7,71,"Miroshnichenko, Evgenij",Ukraine,2634,fide_github
2005,7,72,"Aleksandrov, Aleksej",Belarus,2633,fide_github
2005,7,73,"Bu, Xiangzhi",China,2632,fide_github
2005,7,74,"Lputian, Smbat G",Armenia,2629,fide_github
2005,7,75,"Ni, Hua",China,2629,fide_github
2005,7,76,"Gyimesi, Zoltan",Hungary,2628,fide_github
2005,7,77,"Onischuk, Alexander",United States of America,2628,fide_github
2005,7,78,"Fressinet, Laurent",France,2627,fide_github
2005,7,79,"Jakovenko, Dmitry",Russia,2627,fide_github
2005,7,80,"Alekseev, Evgeny",Russia,2625,fide_github
2005,7,81,"Areshchenko, Alexander",Ukraine,2625,fide_github
2005,7,82,"McShane, Luke J.",England,2625,fide_github
2005,7,83,"Timman, Jan H",Netherlands,2625,fide_github
2005,7,84,"Tkachiev, Vladislav",France,2625,fide_github
2005,7,85,"Illescas Cordoba, Miguel",Spain,2624,fide_github
2005,7,86,"Istratescu, Andrei",Romania,2624,fide_github
2005,7,87,"Piket, Jeroen",Netherlands,2624,fide_github
2005,7,88,"Volkov, Sergey",Russia,2622,fide_github
2005,7,89,"Filippov, Valerij",Russia,2621,fide_github
2005,7,90,"Hjartarson, Johann",Iceland,2621,fide_github
2005,7,91,"Jobava, Baadur",Georgia,2621,fide_github
2005,7,92,"Almasi, Zoltan",Hungary,2619,fide_github
2005,7,93,"Berkes, Ferenc",Hungary,2619,fide_github
2005,7,94,"Kazhgaleyev, Murtas",Kazakhstan,2619,fide_github
2005,7,95,"Kempinski, Robert",Poland,2619,fide_github
2005,7,96,"Kharlov, Andrei",Russia,2619,fide_github
2005,7,97,"Felgaer, Ruben",Argentina,2618,fide_github
2005,7,98,"Inarkiev, Ernesto",Russia,2618,fide_github
2005,7,99,"Nunn, John D.M.",England,2617,fide_github
2005,7,100,"Sadler, Matthew",England,2617,fide_github
2006,7,1,"Topalov, Veselin",Bulgaria,2813,fide_github
2006,7,2,"Kasparov, Garry",Russia,2812,fide_github
2006,7,3,"Fischer, Robert J",United States of America,2780,fide_github
2006,7,4,"Anand, Viswanathan",India,2779,fide_github
2006,7,5,"Aronian, Levon",Armenia,2761,fide_github
2006,7,6,"Kramnik, Vladimir",Russia,2743,fide_github
2006,7,7,"Svidler, Peter",Russia,2742,fide_github
2006,7,8,"Leko, Peter",Hungary,2738,fide_github
2006,7,9,"Ivanchuk, Vassily",Ukraine,2734,fide_github
2006,7,10,"Adams, Michael",England,2732,fide_github
2006,7,11,"Morozevich, Alexander",Russia,2731,fide_github
2006,7,12,"Gelfand, Boris",Israel,2729,fide_github
2006,7,13,"Radjabov, Teimour",Azerbaijan,2728,fide_github
2006,7,14,"Mamedyarov, Shakhriyar",Azerbaijan,2722,fide_github
2006,7,15,"Ponomariov, Ruslan",Ukraine,2721,fide_github
2006,7,16,"Navara, David",Czech Republic,2719,fide_github
2006,7,17,"Shirov, Alexei",Spain,2716,fide_github
2006,7,18,"Akopian, Vladimir",Armenia,2713,fide_github
2006,7,19,"Polgar, Judit",Hungary,2710,fide_github
2006,7,20,"Grischuk, Alexander",Russia,2709,fide_github
2006,7,21,"Bacrot, Etienne",France,2707,fide_github
2006,7,22,"Kamsky, Gata",United States of America,2697,fide_github
2006,7,23,"Nisipeanu, Liviu-Dieter",Romania,2696,fide_github
2006,7,24,"Malakhov, Vladimir",Russia,2690,fide_github
2006,7,25,"Georgiev, Kiril",Bulgaria,2685,fide_github
2006,7,26,"Bareev, Evgeny",Russia,2683,fide_github
2006,7,27,"Harikrishna, P.",India,2682,fide_github
2006,7,28,"Karjakin, Sergey",Ukraine,2679,fide_github
2006,7,29,"Najer, Evgeniy",Russia,2677,fide_github
2006,7,30,"Short, Nigel D.",England,2676,fide_github
2006,7,31,"Carlsen, Magnus",Norway,2675,fide_github
2006,7,32,"Lautier, Joel",France,2675,fide_github
2006,7,33,"Sasikiran, Krishnan",India,2675,fide_github
2006,7,34,"Van Wely, Loek",Netherlands,2675,fide_github
2006,7,35,"Zvjaginsev, Vadim",Russia,2675,fide_github
2006,7,36,"Vallejo Pons, Francisco",Spain,2674,fide_github
2006,7,37,"Almasi, Zoltan",Hungary,2672,fide_github
2006,7,38,"Kasimdzhanov, Rustam",Uzbekistan,2672,fide_github
2006,7,39,"Azmaiparashvili, Zurab",Georgia,2669,fide_github
2006,7,40,"Karpov, Anatoly",Russia,2668,fide_github
2006,7,41,"Onischuk, Alexander",United States of America,2668,fide_github
2006,7,42,"Tiviakov, Sergei",Netherlands,2668,fide_github
2006,7,43,"Bruzon, Lazaro",Cuba,2667,fide_github
2006,7,44,"Jakovenko, Dmitry",Russia,2667,fide_github
2006,7,45,"Rublevsky, Sergei",Russia,2667,fide_github
2006,7,46,"Sargissian, Gabriel",Armenia,2667,fide_github
2006,7,47,"Dreev, Alexey",Russia,2666,fide_github
2006,7,48,"Bu, Xiangzhi",China,2664,fide_github
2006,7,49,"Naiditsch, Arkadij",Germany,2664,fide_github
2006,7,50,"Motylev, Alexander",Russia,2662,fide_github
2006,7,51,"Volokitin, Andrei",Ukraine,2662,fide_github
2006,7,52,"Izoria, Zviad",Georgia,2660,fide_github
2006,7,53,"Smirin, Ilia",Israel,2659,fide_github
2006,7,54,"Dominguez, Lenier",Cuba,2658,fide_github
2006,7,55,"Timofeev, Artyom",Russia,2657,fide_github
2006,7,56,"Sokolov, Ivan",Netherlands,2652,fide_github
2006,7,57,"Eljanov, Pavel",Ukraine,2651,fide_github
2006,7,58,"Jobava, Baadur",Georgia,2651,fide_github
2006,7,59,"Moiseenko, Alexander",Ukraine,2649,fide_github
2006,7,60,"Kobalia, Mikhail",Russia,2647,fide_github
2006,7,61,"Bologan, Viktor",Moldova,2645,fide_github
2006,7,62,"Tkachiev, Vladislav",France,2645,fide_github
2006,7,63,"Alekseev, Evgeny",Russia,2644,fide_github
2006,7,64,"Gashimov, Vugar",Azerbaijan,2644,fide_github
2006,7,65,"Salov, Valery",Russia,2644,fide_github
2006,7,66,"Gurevich, Mikhail",Turkey,2643,fide_github
2006,7,67,"Sakaev, Konstantin",Russia,2642,fide_github
2006,7,68,"Areshchenko, Alexander",Ukraine,2641,fide_github
2006,7,69,"Avrukh, Boris",Israel,2641,fide_github
2006,7,70,"Ye, Jiangchuan",China,2641,fide_github
2006,7,71,"Nielsen, Peter Heine",Denmark,2640,fide_github
2006,7,72,"Zhang, Zhong",China,2639,fide_github
2006,7,73,"Korneev, Oleg",Russia,2638,fide_github
2006,7,74,"Miton, Kamil",Poland,2638,fide_github
2006,7,75,"Seirawan, Yasser",United States of America,2638,fide_github
2006,7,76,"Delchev, Aleksander",Bulgaria,2637,fide_github
2006,7,77,"Movsesian, Sergei",Slovakia,2637,fide_github
2006,7,78,"Asrian, Karen",Armenia,2635,fide_github
2006,7,79,"Krasenkow, Michal",Poland,2635,fide_github
2006,7,80,"Granda Zuniga, Julio E",Peru,2634,fide_github
2006,7,81,"Lputian, Smbat G",Armenia,2634,fide_github
2006,7,82,"Cheparinov, Ivan",Bulgaria,2632,fide_github
2006,7,83,"Efimenko, Zahar",Ukraine,2632,fide_github
2006,7,84,"Nakamura, Hikaru",United States of America,2632,fide_github
2006,7,85,"Volkov, Sergey",Russia,2628,fide_github
2006,7,86,"Aleksandrov, Aleksej",Belarus,2627,fide_github
2006,7,87,"Fressinet, Laurent",France,2626,fide_github
2006,7,88,"Nikolic, Predrag",Bosnia & Herzegovina,2626,fide_github
2006,7,89,"Wang, Yue",China,2626,fide_github
2006,7,90,"Beliavsky, Alexander G",Slovenia,2625,fide_github
2006,7,91,"Damljanovic, Branko",Serbia and Montenegro,2625,fide_github
2006,7,92,"Hansen, Curt",Denmark,2625,fide_github
2006,7,93,"Inarkiev, Ernesto",Russia,2625,fide_github
2006,7,94,"Ibragimov, Ildar",United States of America,2624,fide_github
2006,7,95,"Piket, Jeroen",Netherlands,2624,fide_github
2006,7,96,"Khalifman, Alexander",Russia,2622,fide_github
2006,7,97,"Riazantsev, Alexander",Russia,2622,fide_github
2006,7,98,"Wojtaszek, Radoslaw",Poland,2622,fide_github
2006,7,99,"Zhang, Pengxiang",China,2622,fide_github
2006,7,100,"Baklan, Vladimir",Ukraine,2621,fide_github
2007,7,1,"Kasparov, Garry",Russia,2812,fide_github
2007,7,2,"Anand, Viswanathan",India,2792,fide_github
2007,7,3,"Fischer, Robert J",United States of America,2780,fide_github
2007,7,4,"Kramnik, Vladimir",Russia,2769,fide_github
2007,7,5,"Topalov, Veselin",Bulgaria,2769,fide_github
2007,7,6,"Ivanchuk, Vassily",Ukraine,2762,fide_github
2007,7,7,"Morozevich, Alexander",Russia,2758,fide_github
2007,7,8,"Mamedyarov, Shakhriyar",Azerbaijan,2757,fide_github
2007,7,9,"Leko, Peter",Hungary,2751,fide_github
2007,7,10,"Aronian, Levon",Armenia,2750,fide_github
2007,7,11,"Radjabov, Teimour",Azerbaijan,2746,fide_github
2007,7,12,"Jakovenko, Dmitry",Russia,2735,fide_github
2007,7,13,"Shirov, Alexei",Spain,2735,fide_github
2007,7,14,"Svidler, Peter",Russia,2735,fide_github
2007,7,15,"Gelfand, Boris",Israel,2733,fide_github
2007,7,16,"Grischuk, Alexander",Russia,2726,fide_github
2007,7,17,"Adams, Michael",England,2724,fide_github
2007,7,18,"Kamsky, Gata",United States of America,2718,fide_github
2007,7,19,"Carlsen, Magnus",Norway,2710,fide_github
2007,7,20,"Akopian, Vladimir",Armenia,2708,fide_github
2007,7,21,"Polgar, Judit",Hungary,2707,fide_github
2007,7,22,"Ponomariov, Ruslan",Ukraine,2706,fide_github
2007,7,23,"Eljanov, Pavel",Ukraine,2701,fide_github
2007,7,24,"Wang, Yue",China,2696,fide_github
2007,7,25,"Bacrot, Etienne",France,2695,fide_github
2007,7,26,"Alekseev, Evgeny",Russia,2689,fide_github
2007,7,27,"Bu, Xiangzhi",China,2685,fide_github
2007,7,28,"Kasimdzhanov, Rustam",Uzbekistan,2683,fide_github
2007,7,29,"Nisipeanu, Liviu-Dieter",Romania,2683,fide_github
2007,7,30,"Short, Nigel D",England,2683,fide_github
2007,7,31,"Almasi, Zoltan",Hungary,2682,fide_github
2007,7,32,"Ni, Hua",China,2681,fide_github
2007,7,33,"Volokitin, Andrei",Ukraine,2681,fide_github
2007,7,34,"Dominguez Perez, Lenier",Cuba,2680,fide_github
2007,7,35,"Van Wely, Loek",Netherlands,2680,fide_github
2007,7,36,"Rublevsky, Sergei",Russia,2679,fide_github
2007,7,37,"Karjakin, Sergey",Ukraine,2678,fide_github
2007,7,38,"Milov, Vadim",Switzerland,2678,fide_github
2007,7,39,"Malakhov, Vladimir",Russia,2676,fide_github
2007,7,40,"Sasikiran, Krishnan",India,2676,fide_github
2007,7,41,"Miroshnichenko, Evgenij",Ukraine,2671,fide_github
2007,7,42,"Landa, Konstantin",Russia,2669,fide_github
2007,7,43,"Karpov, Anatoly",Russia,2668,fide_github
2007,7,44,"Movsesian, Sergei",Slovakia,2667,fide_github
2007,7,45,"Sargissian, Gabriel",Armenia,2667,fide_github
2007,7,46,"Sokolov, Ivan",Netherlands,2666,fide_github
2007,7,47,"Vallejo Pons, Francisco",Spain,2666,fide_github
2007,7,48,"Harikrishna, P.",India,2664,fide_github
2007,7,49,"Georgiev, Kiril",Bulgaria,2663,fide_github
2007,7,50,"Inarkiev, Ernesto",Russia,2663,fide_github
2007,7,51,"Krasenkow, Michal",Poland,2660,fide_github
2007,7,52,"Socko, Bartosz",Poland,2660,fide_github
2007,7,53,"Volkov, Sergey",Russia,2659,fide_github
2007,7,54,"Zvjaginsev, Vadim",Russia,2658,fide_github
2007,7,55,"Cheparinov, Ivan",Bulgaria,2657,fide_github
2007,7,56,"Navara, David",Czech Republic,2656,fide_github
2007,7,57,"Sutovsky, Emil",Israel,2656,fide_github
2007,7,58,"Gashimov, Vugar",Azerbaijan,2655,fide_github
2007,7,59,"Tkachiev, Vladislav",France,2655,fide_github
2007,7,60,"Lautier, Joel",France,2654,fide_github
2007,7,61,"Tomashevsky, Evgeny",Russia,2654,fide_github
2007,7,62,"Bareev, Evgeny",Russia,2653,fide_github
2007,7,63,"Beliavsky, Alexander G",Slovenia,2653,fide_github
2007,7,64,"Naiditsch, Arkadij",Germany,2652,fide_github
2007,7,65,"Bologan, Viktor",Moldova,2650,fide_github
2007,7,66,"Onischuk, Alexander",United States of America,2650,fide_github
2007,7,67,"Timofeev, Artyom",Russia,2650,fide_github
2007,7,68,"Smirin, Ilia",Israel,2649,fide_github
2007,7,69,"Zhang, Pengxiang",China,2649,fide_github
2007,7,70,"Baklan, Vladimir",Ukraine,2648,fide_github
2007,7,71,"Miton, Kamil",Poland,2648,fide_github
2007,7,72,"Motylev, Alexander",Russia,2648,fide_github
2007,7,73,"Tiviakov, Sergei",Netherlands,2648,fide_github
2007,7,74,"Nakamura, Hikaru",United States of America,2647,fide_github
2007,7,75,"Fressinet, Laurent",France,2646,fide_github
2007,7,76,"Izoria, Zviad",Georgia,2646,fide_github
2007,7,77,"Nikolic, Predrag",Bosnia & Herzegovina,2646,fide_github
2007,7,78,"Areshchenko, Alexander",Ukraine,2645,fide_github
2007,7,79,"Avrukh, Boris",Israel,2645,fide_github
2007,7,80,"Jobava, Baadur",Georgia,2644,fide_github
2007,7,81,"Salov, Valery",Russia,2644,fide_github
2007,7,82,"Afromeev, Vladimir",Russia,2642,fide_github
2007,7,83,"Moiseenko, Alexander",Ukraine,2641,fide_github
2007,7,84,"Nielsen, Peter Heine",Denmark,2637,fide_github
2007,7,85,"Shabalov, Alexander",United States of America,2637,fide_github
2007,7,86,"Wojtaszek, Radoslaw",Poland,2637,fide_github
2007,7,87,"Smirnov, Pavel",Russia,2636,fide_github
2007,7,88,"Kobalia, Mikhail",Russia,2634,fide_github
2007,7,89,"Sakaev, Konstantin",Russia,2634,fide_github
2007,7,90,"Seirawan, Yasser",United States of America,2634,fide_github
2007,7,91,"Zhang, Zhong",Singapore,2634,fide_github
2007,7,92,"Gurevich, Mikhail",Turkey,2633,fide_github
2007,7,93,"Lputian, Smbat G",Armenia,2633,fide_github
2007,7,94,"Khalifman, Alexander",Russia,2632,fide_github
2007,7,95,"Ye, Jiangchuan",China,2632,fide_github
2007,7,96,"Stellwagen, Daniel",Netherlands,2631,fide_github
2007,7,97,"Roiz, Michael",Israel,2630,fide_github
2007,7,98,"Ehlvest, Jaan",United States of America,2629,fide_github
2007,7,99,"Istratescu, Andrei",Romania,2629,fide_github
2007,7,100,"Sadvakasov, Darmen",Kazakhstan,2629,fide_github
2008,7,1,"Kasparov, Garry",Russia,2812,fide_github
2008,7,2,"Anand, Viswanathan",India,2798,fide_github
2008,7,3,"Kramnik, Vladimir",Russia,2788,fide_github
2008,7,4,"Morozevich, Alexander",Russia,2788,fide_github
2008,7,5,"Ivanchuk, Vassily",Ukraine,2781,fide_github
2008,7,6,"Topalov, Veselin",Bulgaria,2777,fide_github
2008,7,7,"Carlsen, Magnus",Norway,2775,fide_github
2008,7,8,"Radjabov, Teimour",Azerbaijan,2744,fide_github
2008,7,9,"Mamedyarov, Shakhriyar",Azerbaijan,2742,fide_github
2008,7,10,"Leko, Peter",Hungary,2741,fide_github
2008,7,11,"Shirov, Alexei",Spain,2741,fide_github
2008,7,12,"Svidler, Peter",Russia,2738,fide_github
2008,7,13,"Aronian, Levon",Armenia,2737,fide_github
2008,7,14,"Adams, Michael",England,2735,fide_github
2008,7,15,"Grischuk, Alexander",Russia,2728,fide_github
2008,7,16,"Karjakin, Sergey",Ukraine,2727,fide_github
2008,7,17,"Kamsky, Gata",United States of America,2723,fide_github
2008,7,18,"Movsesian, Sergei",Slovakia,2723,fide_github
2008,7,19,"Gelfand, Boris",Israel,2720,fide_github
2008,7,20,"Ponomariov, Ruslan",Ukraine,2718,fide_github
2008,7,21,"Gashimov, Vugar",Azerbaijan,2717,fide_github
2008,7,22,"Eljanov, Pavel",Ukraine,2716,fide_github
2008,7,23,"Polgar, Judit",Hungary,2711,fide_github
2008,7,24,"Bu, Xiangzhi",China,2710,fide_github
2008,7,25,"Jakovenko, Dmitry",Russia,2709,fide_github
2008,7,26,"Alekseev, Evgeny",Russia,2708,fide_github
2008,7,27,"Dominguez Perez, Leinier",Cuba,2708,fide_github
2008,7,28,"Milov, Vadim",Switzerland,2705,fide_github
2008,7,29,"Ni, Hua",China,2705,fide_github
2008,7,30,"Wang, Yue",China,2704,fide_github
2008,7,31,"Rublevsky, Sergei",Russia,2699,fide_github
2008,7,32,"Nakamura, Hikaru",United States of America,2697,fide_github
2008,7,33,"Nisipeanu, Liviu-Dieter",Romania,2692,fide_github
2008,7,34,"Bacrot, Etienne",France,2691,fide_github
2008,7,35,"Wang, Hao",China,2691,fide_github
2008,7,36,"Malakhov, Vladimir",Russia,2689,fide_github
2008,7,37,"Cheparinov, Ivan",Bulgaria,2687,fide_github
2008,7,38,"Bologan, Viktor",Moldova,2686,fide_github
2008,7,39,"Sasikiran, Krishnan",India,2684,fide_github
2008,7,40,"Vachier-Lagrave, Maxime",France,2681,fide_github
2008,7,41,"Roiz, Michael",Israel,2680,fide_github
2008,7,42,"Kasimdzhanov, Rustam",Uzbekistan,2679,fide_github
2008,7,43,"Inarkiev, Ernesto",Russia,2675,fide_github
2008,7,44,"Motylev, Alexander",Russia,2674,fide_github
2008,7,45,"Akopian, Vladimir",Armenia,2673,fide_github
2008,7,46,"Fressinet, Laurent",France,2673,fide_github
2008,7,47,"Georgiev, Kiril",Bulgaria,2671,fide_github
2008,7,48,"Volokitin, Andrei",Ukraine,2671,fide_github
2008,7,49,"Efimenko, Zahar",Ukraine,2670,fide_github
2008,7,50,"Najer, Evgeniy",Russia,2670,fide_github
2008,7,51,"Onischuk, Alexander",United States of America,2670,fide_github
2008,7,52,"Nikolic, Predrag",Bosnia & Herzegovina,2669,fide_github
2008,7,53,"Almasi, Zoltan",Hungary,2668,fide_github
2008,7,54,"Harikrishna, P.",India,2668,fide_github
2008,7,55,"Jobava, Baadur",Georgia,2665,fide_github
2008,7,56,"Naiditsch, Arkadij",Germany,2665,fide_github
2008,7,57,"Areshchenko, Alexander",Ukraine,2664,fide_github
2008,7,58,"Ivanisevic, Ivan",Serbia,2664,fide_github
2008,7,59,"Tkachiev, Vladislav",France,2664,fide_github
2008,7,60,"Zvjaginsev, Vadim",Russia,2663,fide_github
2008,7,61,"Postny, Evgeny",Israel,2661,fide_github
2008,7,62,"Sargissian, Gabriel",Armenia,2660,fide_github
2008,7,63,"Sokolov, Ivan",Netherlands,2658,fide_github
2008,7,64,"Tregubov, Pavel V.",Russia,2658,fide_github
2008,7,65,"Dreev, Alexey",Russia,2657,fide_github
2008,7,66,"Lautier, Joel",France,2657,fide_github
2008,7,67,"Avrukh, Boris",Israel,2656,fide_github
2008,7,68,"Bareev, Evgeny",Russia,2655,fide_github
2008,7,69,"Khenkin, Igor",Germany,2655,fide_github
2008,7,70,"Short, Nigel D",England,2655,fide_github
2008,7,71,"Sutovsky, Emil",Israel,2654,fide_github
2008,7,72,"Nielsen, Peter Heine",Denmark,2652,fide_github
2008,7,73,"Karpov, Anatoly",Russia,2651,fide_github
2008,7,74,"Amonatov, Farrukh",Tajikistan,2650,fide_github
2008,7,75,"Timofeev, Artyom",Russia,2650,fide_github
2008,7,76,"Vallejo Pons, Francisco",Spain,2650,fide_github
2008,7,77,"Afromeev, Vladimir",Russia,2646,fide_github
2008,7,78,"Navara, David",Czech Republic,2646,fide_github
2008,7,79,"Tomashevsky, Evgeny",Russia,2646,fide_github
2008,7,80,"Berkes, Ferenc",Hungary,2645,fide_github
2008,7,81,"Tiviakov, Sergei",Netherlands,2645,fide_github
2008,7,82,"Salov, Valery",Russia,2644,fide_github
2008,7,83,"Van Wely, Loek",Netherlands,2644,fide_github
2008,7,84,"Guseinov, Gadir",Azerbaijan,2643,fide_github
2008,7,85,"Zhang, Pengxiang",China,2643,fide_github
2008,7,86,"Kazhgaleyev, Murtas",Kazakhstan,2641,fide_github
2008,7,87,"Grachev, Boris",Russia,2640,fide_github
2008,7,88,"Krasenkow, Michal",Poland,2639,fide_github
2008,7,89,"Lastin, Alexander",Russia,2639,fide_github
2008,7,90,"Nyback, Tomi",Finland,2639,fide_github
2008,7,91,"Fridman, Daniel",Germany,2637,fide_github
2008,7,92,"Smirin, Ilia",Israel,2637,fide_github
2008,7,93,"Istratescu, Andrei",Romania,2636,fide_github
2008,7,94,"Volkov, Sergey",Russia,2636,fide_github
2008,7,95,"Khalifman, Alexander",Russia,2634,fide_github
2008,7,96,"Predojevic, Borki",Bosnia & Herzegovina,2634,fide_github
2008,7,97,"Sakaev, Konstantin",Russia,2634,fide_github
2008,7,98,"Seirawan, Yasser",United States of America,2634,fide_github
2008,7,99,"Moiseenko, Alexander",Ukraine,2632,fide_github
2008,7,100,"Sadvakasov, Darmen",Kazakhstan,2632,fide_github
2009,7,1,"Topalov, Veselin",Bulgaria,2813,fide_github
2009,7,2,"Kasparov, Garry",Russia,2812,fide_github
2009,7,3,"Anand, Viswanathan",India,2788,fide_github
2009,7,4,"Carlsen, Magnus",Norway,2772,fide_github
2009,7,5,"Aronian, Levon",Armenia,2768,fide_github
2009,7,6,"Jakovenko, Dmitry",Russia,2760,fide_github
2009,7,7,"Kramnik, Vladimir",Russia,2759,fide_github
2009,7,8,"Leko, Peter",Hungary,2756,fide_github
2009,7,9,"Radjabov, Teimour",Azerbaijan,2756,fide_github
2009,7,10,"Gelfand, Boris",Israel,2755,fide_github
2009,7,11,"Morozevich, Alexander",Russia,2751,fide_github
2009,7,12,"Gashimov, Vugar",Azerbaijan,2740,fide_github
2009,7,13,"Svidler, Peter",Russia,2739,fide_github
2009,7,14,"Wang, Yue",China,2736,fide_github
2009,7,15,"Grischuk, Alexander",Russia,2733,fide_github
2009,7,16,"Shirov, Alexei",Spain,2732,fide_github
2009,7,17,"Ponomariov, Ruslan",Ukraine,2727,fide_github
2009,7,18,"Bacrot, Etienne",France,2721,fide_github
2009,7,19,"Kamsky, Gata",United States of America,2717,fide_github
2009,7,20,"Karjakin, Sergey",Ukraine,2717,fide_github
2009,7,21,"Mamedyarov, Shakhriyar",Azerbaijan,2717,fide_github
2009,7,22,"Dominguez Perez, Leinier",Cuba,2716,fide_github
2009,7,23,"Eljanov, Pavel",Ukraine,2716,fide_github
2009,7,24,"Movsesian, Sergei",Slovakia,2716,fide_github
2009,7,25,"Alekseev, Evgeny",Russia,2714,fide_github
2009,7,26,"Akopian, Vladimir",Armenia,2712,fide_github
2009,7,27,"Motylev, Alexander",Russia,2710,fide_github
2009,7,28,"Nakamura, Hikaru",United States of America,2710,fide_github
2009,7,29,"Malakhov, Vladimir",Russia,2707,fide_github
2009,7,30,"Ivanchuk, Vassily",Ukraine,2703,fide_github
2009,7,31,"Rublevsky, Sergei",Russia,2703,fide_github
2009,7,32,"Vachier-Lagrave, Maxime",France,2703,fide_github
2009,7,33,"Bu, Xiangzhi",China,2702,fide_github
2009,7,34,"Ni, Hua",China,2701,fide_github
2009,7,35,"Adams, Michael",England,2699,fide_github
2009,7,36,"Onischuk, Alexander",United States of America,2699,fide_github
2009,7,37,"Naiditsch, Arkadij",Germany,2697,fide_github
2009,7,38,"Miroshnichenko, Evgenij",Ukraine,2696,fide_github
2009,7,39,"Vallejo Pons, Francisco",Spain,2693,fide_github
2009,7,40,"Wang, Hao",China,2690,fide_github
2009,7,41,"Bologan, Viktor",Moldova,2689,fide_github
2009,7,42,"Tomashevsky, Evgeny",Russia,2689,fide_github
2009,7,43,"Navara, David",Czech Republic,2687,fide_github
2009,7,44,"Polgar, Judit",Hungary,2687,fide_github
2009,7,45,"Almasi, Zoltan",Hungary,2684,fide_github
2009,7,46,"Jobava, Baadur",Georgia,2684,fide_github
2009,7,47,"Short, Nigel D",England,2684,fide_github
2009,7,48,"Moiseenko, Alexander",Ukraine,2682,fide_github
2009,7,49,"Timofeev, Artyom",Russia,2681,fide_github
2009,7,50,"Vitiugov, Nikita",Russia,2681,fide_github
2009,7,51,"Nielsen, Peter Heine",Denmark,2680,fide_github
2009,7,52,"Harikrishna, P.",India,2679,fide_github
2009,7,53,"Cheparinov, Ivan",Bulgaria,2678,fide_github
2009,7,54,"Volokitin, Andrei",Ukraine,2678,fide_github
2009,7,55,"Inarkiev, Ernesto",Russia,2675,fide_github
2009,7,56,"Nisipeanu, Liviu-Dieter",Romania,2675,fide_github
2009,7,57,"Sutovsky, Emil",Israel,2675,fide_github
2009,7,58,"Tiviakov, Sergei",Netherlands,2674,fide_github
2009,7,59,"Kasimdzhanov, Rustam",Uzbekistan,2672,fide_github
2009,7,60,"Caruana, Fabiano",Italy,2670,fide_github
2009,7,61,"Grachev, Boris",Russia,2669,fide_github
2009,7,62,"Kurnosov, Igor",Russia,2669,fide_github
2009,7,63,"Sasikiran, Krishnan",India,2669,fide_github
2009,7,64,"Fressinet, Laurent",France,2667,fide_github
2009,7,65,"Sargissian, Gabriel",Armenia,2667,fide_github
2009,7,66,"Fridman, Daniel",Germany,2665,fide_github
2009,7,67,"Guseinov, Gadir",Azerbaijan,2664,fide_github
2009,7,68,"Najer, Evgeniy",Russia,2663,fide_github
2009,7,69,"Beliavsky, Alexander G",Slovenia,2662,fide_github
2009,7,70,"Dreev, Alexey",Russia,2660,fide_github
2009,7,71,"Milov, Vadim",Switzerland,2659,fide_github
2009,7,72,"Lautier, Joel",France,2658,fide_github
2009,7,73,"Meier, Georg",Germany,2658,fide_github
2009,7,74,"Roiz, Michael",Israel,2658,fide_github
2009,7,75,"Socko, Bartosz",Poland,2656,fide_github
2009,7,76,"Fedorchuk, Sergey A.",Ukraine,2655,fide_github
2009,7,77,"Landa, Konstantin",Russia,2655,fide_github
2009,7,78,"Sokolov, Ivan",Bosnia & Herzegovina,2655,fide_github
2009,7,79,"Van Wely, Loek",Netherlands,2655,fide_github
2009,7,80,"Efimenko, Zahar",Ukraine,2654,fide_github
2009,7,81,"Tregubov, Pavel V.",Russia,2652,fide_github
2009,7,82,"Areshchenko, Alexander",Ukraine,2651,fide_github
2009,7,83,"Pashikian, Arman",Armenia,2650,fide_github
2009,7,84,"Savchenko, Boris",Russia,2650,fide_github
2009,7,85,"Smirin, Ilia",Israel,2650,fide_github
2009,7,86,"Tkachiev, Vladislav",France,2650,fide_github
2009,7,87,"Andreikin, Dmitry",Russia,2648,fide_github
2009,7,88,"Lastin, Alexander",Russia,2648,fide_github
2009,7,89,"Shulman, Yuri",United States of America,2648,fide_github
2009,7,90,"Berkes, Ferenc",Hungary,2647,fide_github
2009,7,91,"Granda Zuniga, Julio E",Peru,2647,fide_github
2009,7,92,"Postny, Evgeny",Israel,2647,fide_github
2009,7,93,"Riazantsev, Alexander",Russia,2647,fide_github
2009,7,94,"Afromeev, Vladimir",Russia,2646,fide_github
2009,7,95,"Seirawan, Yasser",United States of America,2646,fide_github
2009,7,96,"So, Wesley",Philippines,2646,fide_github
2009,7,97,"Georgiev, Kiril",Bulgaria,2645,fide_github
2009,7,98,"Kobalia, Mikhail",Russia,2645,fide_github
2009,7,99,"Mamedov, Rauf",Azerbaijan,2645,fide_github
2009,7,100,"Karpov, Anatoly",Russia,2644,fide_github
2010,7,1,"Carlsen, Magnus",Norway,2826,fide_github
2010,7,2,"Kasparov, Garry",Russia,2812,fide_github
2010,7,3,"Topalov, Veselin",Bulgaria,2803,fide_github
2010,7,4,"Anand, Viswanathan",India,2800,fide_github
2010,7,5,"Kramnik, Vladimir",Russia,2790,fide_github
2010,7,6,"Aronian, Levon",Armenia,2783,fide_github
2010,7,7,"Mamedyarov, Shakhriyar",Azerbaijan,2761,fide_github
2010,7,8,"Grischuk, Alexander",Russia,2760,fide_github
2010,7,9,"Eljanov, Pavel",Ukraine,2755,fide_github
2010,7,10,"Shirov, Alexei",Spain,2749,fide_github
2010,7,11,"Radjabov, Teimour",Azerbaijan,2748,fide_github
2010,7,12,"Karjakin, Sergey",Russia,2747,fide_github
2010,7,13,"Gelfand, Boris",Israel,2739,fide_github
2010,7,14,"Ivanchuk, Vassily",Ukraine,2739,fide_github
2010,7,15,"Leko, Peter",Hungary,2734,fide_github
2010,7,16,"Ponomariov, Ruslan",Ukraine,2734,fide_github
2010,7,17,"Svidler, Peter",Russia,2734,fide_github
2010,7,18,"Malakhov, Vladimir",Russia,2732,fide_github
2010,7,19,"Navara, David",Czech Republic,2731,fide_github
2010,7,20,"Nakamura, Hikaru",United States of America,2729,fide_github
2010,7,21,"Jakovenko, Dmitry",Russia,2726,fide_github
2010,7,22,"Wang, Hao",China,2724,fide_github
2010,7,23,"Movsesian, Sergei",Slovakia,2723,fide_github
2010,7,24,"Vachier-Lagrave, Maxime",France,2723,fide_github
2010,7,25,"Vitiugov, Nikita",Russia,2722,fide_github
2010,7,26,"Bacrot, Etienne",France,2720,fide_github
2010,7,27,"Gashimov, Vugar",Azerbaijan,2719,fide_github
2010,7,28,"Almasi, Zoltan",Hungary,2717,fide_github
2010,7,29,"Dominguez Perez, Leinier",Cuba,2716,fide_github
2010,7,30,"Wang, Yue",China,2716,fide_github
2010,7,31,"Morozevich, Alexander",Russia,2715,fide_github
2010,7,32,"Kamsky, Gata",United States of America,2713,fide_github
2010,7,33,"Jobava, Baadur",Georgia,2710,fide_github
2010,7,34,"Tomashevsky, Evgeny",Russia,2708,fide_github
2010,7,35,"Adams, Michael",England,2706,fide_github
2010,7,36,"Nepomniachtchi, Ian",Russia,2706,fide_github
2010,7,37,"Onischuk, Alexander",United States of America,2701,fide_github
2010,7,38,"Nielsen, Peter Heine",Denmark,2700,fide_github
2010,7,39,"Kasimdzhanov, Rustam",Uzbekistan,2699,fide_github
2010,7,40,"Caruana, Fabiano",Italy,2697,fide_github
2010,7,41,"Fressinet, Laurent",France,2697,fide_github
2010,7,42,"Vallejo Pons, Francisco",Spain,2697,fide_github
2010,7,43,"Bologan, Viktor",Moldova,2695,fide_github
2010,7,44,"Akopian, Vladimir",Armenia,2691,fide_github
2010,7,45,"Alekseev, Evgeny",Russia,2691,fide_github
2010,7,46,"Short, Nigel D",England,2690,fide_github
2010,7,47,"Timofeev, Artyom",Russia,2690,fide_github
2010,7,48,"Efimenko, Zahar",Ukraine,2689,fide_github
2010,7,49,"Rublevsky, Sergei",Russia,2688,fide_github
2010,7,50,"Miroshnichenko, Evgenij",Ukraine,2686,fide_github
2010,7,51,"Motylev, Alexander",Russia,2685,fide_github
2010,7,52,"Naiditsch, Arkadij",Germany,2684,fide_github
2010,7,53,"Nisipeanu, Liviu-Dieter",Romania,2683,fide_github
2010,7,54,"Polgar, Judit",Hungary,2682,fide_github
2010,7,55,"Riazantsev, Alexander",Russia,2682,fide_github
2010,7,56,"Le, Quang Liem",Vietnam,2681,fide_github
2010,7,57,"Sasikiran, Krishnan",India,2679,fide_github
2010,7,58,"Van Wely, Loek",Netherlands,2677,fide_github
2010,7,59,"Bu, Xiangzhi",China,2676,fide_github
2010,7,60,"Georgiev, Kiril",Bulgaria,2675,fide_github
2010,7,61,"So, Wesley",Philippines,2674,fide_github
2010,7,62,"Sargissian, Gabriel",Armenia,2673,fide_github
2010,7,63,"Giri, Anish",Netherlands,2672,fide_github
2010,7,64,"Najer, Evgeniy",Russia,2672,fide_github
2010,7,65,"Inarkiev, Ernesto",Russia,2671,fide_github
2010,7,66,"Berkes, Ferenc",Hungary,2670,fide_github
2010,7,67,"Smeets, Jan",Netherlands,2669,fide_github
2010,7,68,"Grachev, Boris",Russia,2668,fide_github
2010,7,69,"Zhou, Jianchao",China,2668,fide_github
2010,7,70,"Khismatullin, Denis",Russia,2667,fide_github
2010,7,71,"Moiseenko, Alexander",Ukraine,2667,fide_github
2010,7,72,"Fedorchuk, Sergey A.",Ukraine,2665,fide_github
2010,7,73,"Sutovsky, Emil",Israel,2665,fide_github
2010,7,74,"Areshchenko, Alexander",Ukraine,2664,fide_github
2010,7,75,"Bareev, Evgeny",Russia,2663,fide_github
2010,7,76,"Wojtaszek, Radoslaw",Poland,2663,fide_github
2010,7,77,"Kurnosov, Igor",Russia,2662,fide_github
2010,7,78,"Cheparinov, Ivan",Bulgaria,2661,fide_github
2010,7,79,"Volokitin, Andrei",Ukraine,2661,fide_github
2010,7,80,"Dreev, Alexey",Russia,2660,fide_github
2010,7,81,"Mamedov, Rauf",Azerbaijan,2660,fide_github
2010,7,82,"Lautier, Joel",France,2658,fide_github
2010,7,83,"Korobov, Anton",Ukraine,2657,fide_github
2010,7,84,"Zhigalko, Sergei",Belarus,2656,fide_github
2010,7,85,"Zvjaginsev, Vadim",Russia,2656,fide_github
2010,7,86,"Ganguly, Surya Shekhar",India,2655,fide_github
2010,7,87,"Bruzon Batista, Lazaro",Cuba,2653,fide_github
2010,7,88,"Andreikin, Dmitry",Russia,2650,fide_github
2010,7,89,"Gharamian, Tigran",France,2650,fide_github
2010,7,90,"Kobalia, Mikhail",Russia,2648,fide_github
2010,7,91,"Meier, Georg",Germany,2648,fide_github
2010,7,92,"Afromeev, Vladimir",Russia,2646,fide_github
2010,7,93,"Harikrishna, P.",India,2646,fide_github
2010,7,94,"Smirin, Ilia",Israel,2646,fide_github
2010,7,95,"Socko, Bartosz",Poland,2646,fide_github
2010,7,96,"Fridman, Daniel",Germany,2645,fide_github
2010,7,97,"Ni, Hua",China,2645,fide_github
2010,7,98,"Roiz, Michael",Israel,2645,fide_github
2010,7,99,"Milov, Vadim",Switzerland,2644,fide_github
2010,7,100,"Salov, Valery",Russia,2644,fide_github
2011,7,1,"Carlsen, Magnus",Norway,2821,fide_github
2011,7,2,"Anand, Viswanathan",India,2817,fide_github
2011,7,3,"Kasparov, Garry",Russia,2812,fide_github
2011,7,4,"Aronian, Levon",Armenia,2805,fide_github
2011,7,5,"Karjakin, Sergey",Russia,2788,fide_github
2011,7,6,"Kramnik, Vladimir",Russia,2781,fide_github
2011,7,7,"Nakamura, Hikaru",United States of America,2770,fide_github
2011,7,8,"Ivanchuk, Vassily",Ukraine,2768,fide_github
2011,7,9,"Topalov, Veselin",Bulgaria,2768,fide_github
2011,7,10,"Mamedyarov, Shakhriyar",Azerbaijan,2765,fide_github
2011,7,11,"Ponomariov, Ruslan",Ukraine,2764,fide_github
2011,7,12,"Gashimov, Vugar",Azerbaijan,2760,fide_github
2011,7,13,"Gelfand, Boris",Israel,2746,fide_github
2011,7,14,"Grischuk, Alexander",Russia,2746,fide_github
2011,7,15,"Radjabov, Teimour",Azerbaijan,2744,fide_github
2011,7,16,"Kamsky, Gata",United States of America,2741,fide_github
2011,7,17,"Svidler, Peter",Russia,2739,fide_github
2011,7,18,"Jakovenko, Dmitry",Russia,2736,fide_github
2011,7,19,"Vitiugov, Nikita",Russia,2733,fide_github
2011,7,20,"Almasi, Zoltan",Hungary,2726,fide_github
2011,7,21,"Vallejo Pons, Francisco",Spain,2724,fide_github
2011,7,22,"Navara, David",Czech Republic,2722,fide_github
2011,7,23,"Vachier-Lagrave, Maxime",France,2722,fide_github
2011,7,24,"Dominguez Perez, Leinier",Cuba,2719,fide_github
2011,7,25,"Wang, Hao",China,2718,fide_github
2011,7,26,"Leko, Peter",Hungary,2717,fide_github
2011,7,27,"Adams, Michael",England,2715,fide_github
2011,7,28,"Le, Quang Liem",Vietnam,2715,fide_github
2011,7,29,"Moiseenko, Alexander",Ukraine,2715,fide_github
2011,7,30,"Shirov, Alexei",Spain,2714,fide_github
2011,7,31,"Jobava, Baadur",Georgia,2713,fide_github
2011,7,32,"Caruana, Fabiano",Italy,2711,fide_github
2011,7,33,"Dreev, Aleksey",Russia,2711,fide_github
2011,7,34,"Nepomniachtchi, Ian",Russia,2711,fide_github
2011,7,35,"Bacrot, Etienne",France,2710,fide_github
2011,7,36,"Wang, Yue",China,2709,fide_github
2011,7,37,"Tomashevsky, Evgeny",Russia,2707,fide_github
2011,7,38,"Efimenko, Zahar",Ukraine,2706,fide_github
2011,7,39,"Malakhov, Vladimir",Russia,2706,fide_github
2011,7,40,"Naiditsch, Arkadij",Germany,2706,fide_github
2011,7,41,"Giri, Anish",Netherlands,2701,fide_github
2011,7,42,"Movsesian, Sergei",Armenia,2700,fide_github
2011,7,43,"Sutovsky, Emil",Israel,2700,fide_github
2011,7,44,"Polgar, Judit",Hungary,2699,fide_github
2011,7,45,"Fressinet, Laurent",France,2698,fide_github
2011,7,46,"Eljanov, Pavel",Ukraine,2697,fide_github
2011,7,47,"Andreikin, Dmitry",Russia,2696,fide_github
2011,7,48,"Berkes, Ferenc",Hungary,2696,fide_github
2011,7,49,"Morozevich, Alexander",Russia,2694,fide_github
2011,7,50,"Zhigalko, Sergei",Belarus,2689,fide_github
2011,7,51,"Riazantsev, Alexander",Russia,2688,fide_github
2011,7,52,"Short, Nigel D",England,2687,fide_github
2011,7,53,"Motylev, Alexander",Russia,2685,fide_github
2011,7,54,"Rublevsky, Sergei",Russia,2684,fide_github
2011,7,55,"Van Wely, Loek",Netherlands,2683,fide_github
2011,7,56,"Volokitin, Andrei",Ukraine,2683,fide_github
2011,7,57,"Wojtaszek, Radoslaw",Poland,2683,fide_github
2011,7,58,"Areshchenko, Alexander",Ukraine,2682,fide_github
2011,7,59,"Potkin, Vladimir",Russia,2682,fide_github
2011,7,60,"Laznicka, Viktor",Czech Republic,2681,fide_github
2011,7,61,"Nielsen, Peter Heine",Denmark,2681,fide_github
2011,7,62,"Sasikiran, Krishnan",India,2681,fide_github
2011,7,63,"Grachev, Boris",Russia,2680,fide_github
2011,7,64,"Inarkiev, Ernesto",Russia,2679,fide_github
2011,7,65,"Kobalia, Mikhail",Russia,2679,fide_github
2011,7,66,"Mamedov, Rauf",Azerbaijan,2679,fide_github
2011,7,67,"Bologan, Viktor",Moldova,2678,fide_github
2011,7,68,"Smirin, Ilia",Israel,2676,fide_github
2011,7,69,"Bu, Xiangzhi",China,2675,fide_github
2011,7,70,"Onischuk, Alexander",United States of America,2675,fide_github
2011,7,71,"Bruzon Batista, Lazaro",Cuba,2673,fide_github
2011,7,72,"Sokolov, Ivan",Netherlands,2672,fide_github
2011,7,73,"Yu, Yangyi",China,2672,fide_github
2011,7,74,"Korobov, Anton",Ukraine,2671,fide_github
2011,7,75,"McShane, Luke J",England,2671,fide_github
2011,7,76,"Gharamian, Tigran",France,2670,fide_github
2011,7,77,"Cheparinov, Ivan",Bulgaria,2669,fide_github
2011,7,78,"Harikrishna, P.",India,2669,fide_github
2011,7,79,"Kasimdzhanov, Rustam",Uzbekistan,2669,fide_github
2011,7,80,"Li, Chao b",China,2669,fide_github
2011,7,81,"Roiz, Michael",Israel,2669,fide_github
2011,7,82,"Akopian, Vladimir",Armenia,2667,fide_github
2011,7,83,"Feller, Sebastien",France,2666,fide_github
2011,7,84,"Timofeev, Artyom",Russia,2665,fide_github
2011,7,85,"Bareev, Evgeny",Russia,2663,fide_github
2011,7,86,"Sargissian, Gabriel",Armenia,2663,fide_github
2011,7,87,"Ni, Hua",China,2662,fide_github
2011,7,88,"Alekseev, Evgeny",Russia,2659,fide_github
2011,7,89,"Fridman, Daniel",Germany,2659,fide_github
2011,7,90,"Zvjaginsev, Vadim",Russia,2659,fide_github
2011,7,91,"Lautier, Joel",France,2658,fide_github
2011,7,92,"So, Wesley",Philippines,2658,fide_github
2011,7,93,"Khismatullin, Denis",Russia,2656,fide_github
2011,7,94,"Meier, Georg",Germany,2656,fide_github
2011,7,95,"Sandipan, Chanda",India,2656,fide_github
2011,7,96,"Ding, Liren",China,2654,fide_github
2011,7,97,"Georgiev, Kiril",Bulgaria,2654,fide_github
2011,7,98,"Kryvoruchko, Yuriy",Ukraine,2652,fide_github
2011,7,99,"Markus, Robert",Serbia,2652,fide_github
2011,7,100,"Milov, Vadim",Switzerland,2651,fide_github
2012,12,1,"Carlsen, Magnus",Norway,2848,fide_github
2012,12,2,"Aronian, Levon",Armenia,2815,fide_github
2012,12,3,"Kasparov, Garry",Russia,2812,fide_github
2012,12,4,"Kramnik, Vladimir",Russia,2795,fide_github
2012,12,5,"Radjabov, Teimour",Azerbaijan,2793,fide_github
2012,12,6,"Caruana, Fabiano",Italy,2782,fide_github
2012,12,7,"Anand, Viswanathan",India,2775,fide_github
2012,12,8,"Karjakin, Sergey",Russia,2775,fide_github
2012,12,9,"Topalov, Veselin",Bulgaria,2771,fide_github
2012,12,10,"Ivanchuk, Vassily",Ukraine,2766,fide_github
2012,12,11,"Grischuk, Alexander",Russia,2764,fide_github
2012,12,12,"Mamedyarov, Shakhriyar",Azerbaijan,2764,fide_github
2012,12,13,"Kamsky, Gata",United States of America,2762,fide_github
2012,12,14,"Nakamura, Hikaru",United States of America,2760,fide_github
2012,12,15,"Gelfand, Boris",Israel,2751,fide_github
2012,12,16,"Morozevich, Alexander",Russia,2748,fide_github
2012,12,17,"Svidler, Peter",Russia,2747,fide_github
2012,12,18,"Jakovenko, Dmitry",Russia,2741,fide_github
2012,12,19,"Gashimov, Vugar",Azerbaijan,2737,fide_github
2012,12,20,"Wang, Hao",China,2737,fide_github
2012,12,21,"Dominguez Perez, Leinier",Cuba,2734,fide_github
2012,12,22,"Wojtaszek, Radoslaw",Poland,2734,fide_github
2012,12,23,"Leko, Peter",Hungary,2732,fide_github
2012,12,24,"Ponomariov, Ruslan",Ukraine,2732,fide_github
2012,12,25,"Tomashevsky, Evgeny",Russia,2725,fide_github
2012,12,26,"Andreikin, Dmitry",Russia,2723,fide_github
2012,12,27,"Volokitin, Andrei",Ukraine,2722,fide_github
2012,12,28,"Areshchenko, Alexander",Ukraine,2720,fide_github
2012,12,29,"Giri, Anish",Netherlands,2720,fide_github
2012,12,30,"McShane, Luke J",England,2713,fide_github
2012,12,31,"Jobava, Baadur",Georgia,2711,fide_github
2012,12,32,"Vachier-Lagrave, Maxime",France,2711,fide_github
2012,12,33,"Adams, Michael",England,2710,fide_github
2012,12,34,"Moiseenko, Alexander",Ukraine,2710,fide_github
2012,12,35,"Navara, David",Czech Republic,2710,fide_github
2012,12,36,"Cheparinov, Ivan",Bulgaria,2709,fide_github
2012,12,37,"Malakhov, Vladimir",Russia,2709,fide_github
2012,12,38,"Naiditsch, Arkadij",Germany,2708,fide_github
2012,12,39,"Shirov, Alexei",Latvia,2708,fide_github
2012,12,40,"Nepomniachtchi, Ian",Russia,2707,fide_github
2012,12,41,"Le, Quang Liem",Vietnam,2705,fide_github
2012,12,42,"Polgar, Judit",Hungary,2705,fide_github
2012,12,43,"Riazantsev, Alexander",Russia,2705,fide_github
2012,12,44,"Akopian, Vladimir",Armenia,2704,fide_github
2012,12,45,"Bacrot, Etienne",France,2703,fide_github
2012,12,46,"Ding, Liren",China,2702,fide_github
2012,12,47,"Korobov, Anton",Ukraine,2702,fide_github
2012,12,48,"Fressinet, Laurent",France,2700,fide_github
2012,12,49,"Harikrishna, P.",India,2698,fide_github
2012,12,50,"Efimenko, Zahar",Ukraine,2696,fide_github
2012,12,51,"Kasimdzhanov, Rustam",Uzbekistan,2696,fide_github
2012,12,52,"Wang, Yue",China,2696,fide_github
2012,12,53,"Vallejo Pons, Francisco",Spain,2694,fide_github
2012,12,54,"Vitiugov, Nikita",Russia,2694,fide_github
2012,12,55,"Berkes, Ferenc",Hungary,2693,fide_github
2012,12,56,"Inarkiev, Ernesto",Russia,2693,fide_github
2012,12,57,"Bruzon Batista, Lazaro",Cuba,2692,fide_github
2012,12,58,"Short, Nigel D",England,2692,fide_github
2012,12,59,"Alekseev, Evgeny",Russia,2691,fide_github
2012,12,60,"Almasi, Zoltan",Hungary,2689,fide_github
2012,12,61,"Grachev, Boris",Russia,2688,fide_github
2012,12,62,"Movsesian, Sergei",Armenia,2688,fide_github
2012,12,63,"Rublevsky, Sergei",Russia,2688,fide_github
2012,12,64,"Eljanov, Pavel",Ukraine,2687,fide_github
2012,12,65,"Edouard, Romain",France,2686,fide_github
2012,12,66,"Sutovsky, Emil",Israel,2684,fide_github
2012,12,67,"Bu, Xiangzhi",China,2682,fide_github
2012,12,68,"So, Wesley",Philippines,2682,fide_github
2012,12,69,"Zhigalko, Sergei",Belarus,2682,fide_github
2012,12,70,"Bologan, Viktor",Moldova,2681,fide_github
2012,12,71,"Yu, Yangyi",China,2681,fide_github
2012,12,72,"Van Wely, Loek",Netherlands,2678,fide_github
2012,12,73,"Motylev, Alexander",Russia,2677,fide_github
2012,12,74,"Nisipeanu, Liviu-Dieter",Romania,2677,fide_github
2012,12,75,"Sasikiran, Krishnan",India,2676,fide_github
2012,12,76,"Gyimesi, Zoltan",Hungary,2674,fide_github
2012,12,77,"Laznicka, Viktor",Czech Republic,2674,fide_github
2012,12,78,"Kryvoruchko, Yuriy",Ukraine,2671,fide_github
2012,12,79,"Li, Chao b",China,2670,fide_github
2012,12,80,"Fridman, Daniel",Germany,2667,fide_github
2012,12,81,"Sokolov, Ivan",Netherlands,2667,fide_github
2012,12,82,"Sargissian, Gabriel",Armenia,2666,fide_github
2012,12,83,"Potkin, Vladimir",Russia,2665,fide_github
2012,12,84,"Bareev, Evgeny",Russia,2663,fide_github
2012,12,85,"Gareev, Timur",United States of America,2663,fide_github
2012,12,86,"Matlakov, Maxim",Russia,2663,fide_github
2012,12,87,"Tiviakov, Sergei",Netherlands,2663,fide_github
2012,12,88,"Gupta, Abhijeet",India,2662,fide_github
2012,12,89,"Fedorchuk, Sergey A.",Ukraine,2661,fide_github
2012,12,90,"Gharamian, Tigran",France,2661,fide_github
2012,12,91,"Georgiev, Kiril",Bulgaria,2660,fide_github
2012,12,92,"Ni, Hua",China,2660,fide_github
2012,12,93,"Onischuk, Alexander",United States of America,2660,fide_github
2012,12,94,"Khenkin, Igor",Germany,2659,fide_github
2012,12,95,"Lautier, Joel",France,2658,fide_github
2012,12,96,"Zvjaginsev, Vadim",Russia,2658,fide_github
2012,12,97,"Nielsen, Peter Heine",Denmark,2656,fide_github
2012,12,98,"Ragger, Markus",Austria,2655,fide_github
2012,12,99,"Dreev, Aleksey",Russia,2654,fide_github
2012,12,100,"Istratescu, Andrei",France,2654,fide_github
2013,12,1,"Carlsen, Magnus",Norway,2872,fide_github
2013,12,2,"Kasparov, Garry",Russia,2812,fide_github
2013,12,3,"Aronian, Levon",Armenia,2803,fide_github
2013,12,4,"Kramnik, Vladimir",Russia,2793,fide_github
2013,12,5,"Nakamura, Hikaru",United States of America,2786,fide_github
2013,12,6,"Topalov, Veselin",Bulgaria,2785,fide_github
2013,12,7,"Grischuk, Alexander",Russia,2783,fide_github
2013,12,8,"Caruana, Fabiano",Italy,2782,fide_github
2013,12,9,"Gelfand, Boris",Israel,2777,fide_github
2013,12,10,"Anand, Viswanathan",India,2773,fide_github
2013,12,11,"Svidler, Peter",Russia,2758,fide_github
2013,12,12,"Mamedyarov, Shakhriyar",Azerbaijan,2757,fide_github
2013,12,13,"Karjakin, Sergey",Russia,2756,fide_github
2013,12,14,"Adams, Michael",England,2754,fide_github
2013,12,15,"Dominguez Perez, Leinier",Cuba,2754,fide_github
2013,12,16,"Vachier-Lagrave, Maxime",France,2745,fide_github
2013,12,17,"Vitiugov, Nikita",Russia,2741,fide_github
2013,12,18,"Bacrot, Etienne",France,2740,fide_github
2013,12,19,"Gashimov, Vugar",Azerbaijan,2737,fide_github
2013,12,20,"Naiditsch, Arkadij",Germany,2737,fide_github
2013,12,21,"Wang, Hao",China,2735,fide_github
2013,12,22,"Giri, Anish",Netherlands,2734,fide_github
2013,12,23,"Eljanov, Pavel",Ukraine,2733,fide_github
2013,12,24,"Ivanchuk, Vassily",Ukraine,2731,fide_github
2013,12,25,"Ponomariov, Ruslan",Ukraine,2731,fide_github
2013,12,26,"Leko, Peter",Hungary,2730,fide_github
2013,12,27,"Wang, Yue",China,2723,fide_github
2013,12,28,"Morozevich, Alexander",Russia,2722,fide_github
2013,12,29,"Jakovenko, Dmitry",Russia,2721,fide_github
2013,12,30,"Kamsky, Gata",United States of America,2721,fide_github
2013,12,31,"Nepomniachtchi, Ian",Russia,2721,fide_github
2013,12,32,"So, Wesley",Philippines,2719,fide_github
2013,12,33,"Malakhov, Vladimir",Russia,2716,fide_github
2013,12,34,"Tomashevsky, Evgeny",Russia,2715,fide_github
2013,12,35,"Korobov, Anton",Ukraine,2713,fide_github
2013,12,36,"Moiseenko, Alexander",Ukraine,2713,fide_github
2013,12,37,"Radjabov, Teimour",Azerbaijan,2713,fide_github
2013,12,38,"Areshchenko, Alexander",Ukraine,2712,fide_github
2013,12,39,"Wojtaszek, Radoslaw",Poland,2711,fide_github
2013,12,40,"Ding, Liren",China,2710,fide_github
2013,12,41,"Andreikin, Dmitry",Russia,2709,fide_github
2013,12,42,"Almasi, Zoltan",Hungary,2708,fide_github
2013,12,43,"Harikrishna, P.",India,2708,fide_github
2013,12,44,"Navara, David",Czech Republic,2708,fide_github
2013,12,45,"Fressinet, Laurent",France,2707,fide_github
2013,12,46,"Rublevsky, Sergei",Russia,2706,fide_github
2013,12,47,"Jobava, Baadur",Georgia,2705,fide_github
2013,12,48,"Vallejo Pons, Francisco",Spain,2705,fide_github
2013,12,49,"Le, Quang Liem",Vietnam,2703,fide_github
2013,12,50,"Kasimdzhanov, Rustam",Uzbekistan,2701,fide_github
2013,12,51,"Kryvoruchko, Yuriy",Ukraine,2701,fide_github
2013,12,52,"Matlakov, Maxim",Russia,2700,fide_github
2013,12,53,"Alekseev, Evgeny",Russia,2698,fide_github
2013,12,54,"Inarkiev, Ernesto",Russia,2698,fide_github
2013,12,55,"Shirov, Alexei",Latvia,2695,fide_github
2013,12,56,"Polgar, Judit",Hungary,2693,fide_github
2013,12,57,"Nisipeanu, Liviu-Dieter",Romania,2691,fide_github
2013,12,58,"Movsesian, Sergei",Armenia,2689,fide_github
2013,12,59,"Riazantsev, Alexander",Russia,2689,fide_github
2013,12,60,"Rapport, Richard",Hungary,2687,fide_github
2013,12,61,"Bu, Xiangzhi",China,2685,fide_github
2013,12,62,"Akopian, Vladimir",Armenia,2684,fide_github
2013,12,63,"McShane, Luke J",England,2684,fide_github
2013,12,64,"Li, Chao b",China,2683,fide_github
2013,12,65,"Rodshtein, Maxim",Israel,2683,fide_github
2013,12,66,"Short, Nigel D",England,2683,fide_github
2013,12,67,"Zhigalko, Sergei",Belarus,2682,fide_github
2013,12,68,"Laznicka, Viktor",Czech Republic,2681,fide_github
2013,12,69,"Granda Zuniga, Julio E",Peru,2680,fide_github
2013,12,70,"Van Wely, Loek",Netherlands,2678,fide_github
2013,12,71,"Volokitin, Andrei",Ukraine,2678,fide_github
2013,12,72,"Berkes, Ferenc",Hungary,2677,fide_github
2013,12,73,"Bruzon Batista, Lazaro",Cuba,2677,fide_github
2013,12,74,"Sargissian, Gabriel",Armenia,2675,fide_github
2013,12,75,"Gyimesi, Zoltan",Hungary,2674,fide_github
2013,12,76,"Khismatullin, Denis",Russia,2674,fide_github
2013,12,77,"Dreev, Aleksey",Russia,2673,fide_github
2013,12,78,"Cheparinov, Ivan",Bulgaria,2672,fide_github
2013,12,79,"Onischuk, Alexander",United States of America,2672,fide_github
2013,12,80,"Negi, Parimarjan",India,2671,fide_github
2013,12,81,"Istratescu, Andrei",France,2670,fide_github
2013,12,82,"Grachev, Boris",Russia,2669,fide_github
2013,12,83,"Ni, Hua",China,2669,fide_github
2013,12,84,"Yu, Yangyi",China,2667,fide_github
2013,12,85,"Lysyj, Igor",Russia,2666,fide_github
2013,12,86,"Sasikiran, Krishnan",India,2666,fide_github
2013,12,87,"Edouard, Romain",France,2665,fide_github
2013,12,88,"Bareev, Evgeny",Russia,2663,fide_github
2013,12,89,"Bologan, Viktor",Moldova,2661,fide_github
2013,12,90,"Fedorchuk, Sergey A.",Ukraine,2660,fide_github
2013,12,91,"Erdos, Viktor",Hungary,2658,fide_github
2013,12,92,"Lautier, Joel",France,2658,fide_github
2013,12,93,"Tiviakov, Sergei",Netherlands,2658,fide_github
2013,12,94,"Socko, Bartosz",Poland,2657,fide_github
2013,12,95,"Sutovsky, Emil",Israel,2657,fide_github
2013,12,96,"Gharamian, Tigran",France,2656,fide_github
2013,12,97,"Mamedov, Rauf",Azerbaijan,2656,fide_github
2013,12,98,"Efimenko, Zahar",Ukraine,2655,fide_github
2013,12,99,"Amin, Bassem",Egypt,2654,fide_github
2013,12,100,"Jones, Gawain C B",England,2654,fide_github
2014,12,1,"Carlsen, Magnus",Norway,2862,fide_github
2014,12,2,"Caruana, Fabiano",Italy,2829,fide_github
2014,12,3,"Kasparov, Garry",Russia,2812,fide_github
2014,12,4,"Grischuk, Alexander",Russia,2810,fide_github
2014,12,5,"Topalov, Veselin",Bulgaria,2800,fide_github
2014,12,6,"Aronian, Levon",Armenia,2797,fide_github
2014,12,7,"Anand, Viswanathan",India,2793,fide_github
2014,12,8,"Nakamura, Hikaru",United States of America,2775,fide_github
2014,12,9,"Karjakin, Sergey",Russia,2773,fide_github
2014,12,10,"Kramnik, Vladimir",Russia,2769,fide_github
2014,12,11,"Giri, Anish",Netherlands,2768,fide_github
2014,12,12,"Mamedyarov, Shakhriyar",Azerbaijan,2765,fide_github
2014,12,13,"So, Wesley",United States of America,2762,fide_github
2014,12,14,"Vachier-Lagrave, Maxime",France,2758,fide_github
2014,12,15,"Adams, Michael",England,2745,fide_github
2014,12,16,"Wojtaszek, Radoslaw",Poland,2744,fide_github
2014,12,17,"Gelfand, Boris",Israel,2743,fide_github
2014,12,18,"Svidler, Peter",Russia,2743,fide_github
2014,12,19,"Vitiugov, Nikita",Russia,2738,fide_github
2014,12,20,"Andreikin, Dmitry",Russia,2737,fide_github
2014,12,21,"Radjabov, Teimour",Azerbaijan,2734,fide_github
2014,12,22,"Jobava, Baadur",Georgia,2733,fide_github
2014,12,23,"Ding, Liren",China,2732,fide_github
2014,12,24,"Jakovenko, Dmitry",Russia,2732,fide_github
2014,12,25,"Naiditsch, Arkadij",Germany,2731,fide_github
2014,12,26,"Li, Chao b",China,2730,fide_github
2014,12,27,"Harikrishna, P.",India,2727,fide_github
2014,12,28,"Navara, David",Czech Republic,2727,fide_github
2014,12,29,"Dominguez Perez, Leinier",Cuba,2726,fide_github
2014,12,30,"Eljanov, Pavel",Ukraine,2726,fide_github
2014,12,31,"Leko, Peter",Hungary,2723,fide_github
2014,12,32,"Wang, Yue",China,2720,fide_github
2014,12,33,"Bacrot, Etienne",France,2718,fide_github
2014,12,34,"Rapport, Richard",Hungary,2716,fide_github
2014,12,35,"Ivanchuk, Vassily",Ukraine,2715,fide_github
2014,12,36,"Nepomniachtchi, Ian",Russia,2714,fide_github
2014,12,37,"Tomashevsky, Evgeny",Russia,2714,fide_github
2014,12,38,"Ponomariov, Ruslan",Ukraine,2713,fide_github
2014,12,39,"Morozevich, Alexander",Russia,2712,fide_github
2014,12,40,"Wang, Hao",China,2710,fide_github
2014,12,41,"Malakhov, Vladimir",Russia,2708,fide_github
2014,12,42,"Fressinet, Laurent",France,2706,fide_github
2014,12,43,"Vallejo Pons, Francisco",Spain,2705,fide_github
2014,12,44,"Yu, Yangyi",China,2705,fide_github
2014,12,45,"Almasi, Zoltan",Hungary,2704,fide_github
2014,12,46,"Kasimdzhanov, Rustam",Uzbekistan,2703,fide_github
2014,12,47,"Rublevsky, Sergei",Russia,2698,fide_github
2014,12,48,"Matlakov, Maxim",Russia,2695,fide_github
2014,12,49,"Moiseenko, Alexander",Ukraine,2694,fide_github
2014,12,50,"Bu, Xiangzhi",China,2691,fide_github
2014,12,51,"Kryvoruchko, Yuriy",Ukraine,2688,fide_github
2014,12,52,"Korobov, Anton",Ukraine,2687,fide_github
2014,12,53,"Sargissian, Gabriel",Armenia,2687,fide_github
2014,12,54,"Lysyj, Igor",Russia,2686,fide_github
2014,12,55,"Cheparinov, Ivan",Bulgaria,2684,fide_github
2014,12,56,"Riazantsev, Alexander",Russia,2684,fide_github
2014,12,57,"Ni, Hua",China,2683,fide_github
2014,12,58,"Sasikiran, Krishnan",India,2682,fide_github
2014,12,59,"Kamsky, Gata",United States of America,2681,fide_github
2014,12,60,"Kuzubov, Yuriy",Ukraine,2681,fide_github
2014,12,61,"Inarkiev, Ernesto",Russia,2680,fide_github
2014,12,62,"Motylev, Alexander",Russia,2680,fide_github
2014,12,63,"Alekseev, Evgeny",Russia,2679,fide_github
2014,12,64,"Saric, Ivan",Croatia,2679,fide_github
2014,12,65,"Le, Quang Liem",Vietnam,2678,fide_github
2014,12,66,"Melkumyan, Hrant",Armenia,2678,fide_github
2014,12,67,"Tiviakov, Sergei",Netherlands,2677,fide_github
2014,12,68,"Rodshtein, Maxim",Israel,2676,fide_github
2014,12,69,"Polgar, Judit",Hungary,2675,fide_github
2014,12,70,"Shirov, Alexei",Latvia,2675,fide_github
2014,12,71,"Gyimesi, Zoltan",Hungary,2674,fide_github
2014,12,72,"Hou, Yifan",China,2673,fide_github
2014,12,73,"Laznicka, Viktor",Czech Republic,2673,fide_github
2014,12,74,"McShane, Luke J",England,2672,fide_github
2014,12,75,"Zhigalko, Sergei",Belarus,2672,fide_github
2014,12,76,"Howell, David W L",England,2670,fide_github
2014,12,77,"Berkes, Ferenc",Hungary,2669,fide_github
2014,12,78,"Fedorchuk, Sergey A.",Ukraine,2669,fide_github
2014,12,79,"Grachev, Boris",Russia,2669,fide_github
2014,12,80,"Negi, Parimarjan",India,2669,fide_github
2014,12,81,"Bruzon Batista, Lazaro",Cuba,2668,fide_github
2014,12,82,"Khismatullin, Denis",Russia,2668,fide_github
2014,12,83,"Wei, Yi",China,2668,fide_github
2014,12,84,"Van Wely, Loek",Netherlands,2667,fide_github
2014,12,85,"Sjugirov, Sanan",Russia,2666,fide_github
2014,12,86,"Onischuk, Alexander",United States of America,2665,fide_github
2014,12,87,"Bartel, Mateusz",Poland,2664,fide_github
2014,12,88,"Bareev, Evgeny",Russia,2663,fide_github
2014,12,89,"Artemiev, Vladislav",Russia,2662,fide_github
2014,12,90,"Areshchenko, Alexander",Ukraine,2661,fide_github
2014,12,91,"Fedoseev, Vladimir",Russia,2661,fide_github
2014,12,92,"Jones, Gawain C B",England,2661,fide_github
2014,12,93,"Short, Nigel D",England,2661,fide_github
2014,12,94,"Edouard, Romain",France,2659,fide_github
2014,12,95,"Nguyen, Ngoc Truong Son",Vietnam,2659,fide_github
2014,12,96,"Balogh, Csaba",Hungary,2658,fide_github
2014,12,97,"Gharamian, Tigran",France,2658,fide_github
2014,12,98,"Lautier, Joel",France,2658,fide_github
2014,12,99,"Mamedov, Rauf",Azerbaijan,2658,fide_github
2014,12,100,"Movsesian, Sergei",Armenia,2658,fide_github
2015,12,1,"Carlsen, Magnus",Norway,2834,fide_github
2015,12,2,"Kasparov, Garry",Russia,2812,fide_github
2015,12,3,"Topalov, Veselin",Bulgaria,2803,fide_github
2015,12,4,"Anand, Viswanathan",India,2796,fide_github
2015,12,5,"Kramnik, Vladimir",Russia,2796,fide_github
2015,12,6,"Nakamura, Hikaru",United States of America,2793,fide_github
2015,12,7,"Aronian, Levon",Armenia,2788,fide_github
2015,12,8,"Caruana, Fabiano",United States of America,2787,fide_github
2015,12,9,"Giri, Anish",Netherlands,2784,fide_github
2015,12,10,"Ding, Liren",China,2776,fide_github
2015,12,11,"So, Wesley",United States of America,2775,fide_github
2015,12,12,"Vachier-Lagrave, Maxime",France,2773,fide_github
2015,12,13,"Karjakin, Sergey",Russia,2766,fide_github
2015,12,14,"Eljanov, Pavel",Ukraine,2763,fide_github
2015,12,15,"Svidler, Peter",Russia,2751,fide_github
2015,12,16,"Li, Chao b",China,2750,fide_github
2015,12,17,"Mamedyarov, Shakhriyar",Azerbaijan,2748,fide_github
2015,12,18,"Grischuk, Alexander",Russia,2747,fide_github
2015,12,19,"Tomashevsky, Evgeny",Russia,2744,fide_github
2015,12,20,"Harikrishna, P.",India,2743,fide_github
2015,12,21,"Adams, Michael",England,2737,fide_github
2015,12,22,"Jakovenko, Dmitry",Russia,2737,fide_github
2015,12,23,"Yu, Yangyi",China,2736,fide_github
2015,12,24,"Andreikin, Dmitry",Russia,2732,fide_github
2015,12,25,"Dominguez Perez, Leinier",Cuba,2732,fide_github
2015,12,26,"Gelfand, Boris",Israel,2731,fide_github
2015,12,27,"Navara, David",Czech Republic,2730,fide_github
2015,12,28,"Wei, Yi",China,2730,fide_github
2015,12,29,"Radjabov, Teimour",Azerbaijan,2726,fide_github
2015,12,30,"Vitiugov, Nikita",Russia,2724,fide_github
2015,12,31,"Wang, Yue",China,2724,fide_github
2015,12,32,"Wojtaszek, Radoslaw",Poland,2723,fide_github
2015,12,33,"Le, Quang Liem",Vietnam,2718,fide_github
2015,12,34,"Rapport, Richard",Hungary,2715,fide_github
2015,12,35,"Korobov, Anton",Ukraine,2713,fide_github
2015,12,36,"Bu, Xiangzhi",China,2712,fide_github
2015,12,37,"Kryvoruchko, Yuriy",Ukraine,2711,fide_github
2015,12,38,"Ivanchuk, Vassily",Ukraine,2710,fide_github
2015,12,39,"Ponomariov, Ruslan",Ukraine,2710,fide_github
2015,12,40,"Fressinet, Laurent",France,2707,fide_github
2015,12,41,"Nepomniachtchi, Ian",Russia,2707,fide_github
2015,12,42,"Wang, Hao",China,2707,fide_github
2015,12,43,"Leko, Peter",Hungary,2705,fide_github
2015,12,44,"Kasimdzhanov, Rustam",Uzbekistan,2702,fide_github
2015,12,45,"Sargissian, Gabriel",Armenia,2702,fide_github
2015,12,46,"Naiditsch, Arkadij",Azerbaijan,2698,fide_github
2015,12,47,"Hammer, Jon Ludvig",Norway,2695,fide_github
2015,12,48,"Malakhov, Vladimir",Russia,2694,fide_github
2015,12,49,"Ni, Hua",China,2693,fide_github
2015,12,50,"Bacrot, Etienne",France,2692,fide_github
2015,12,51,"Morozevich, Alexander",Russia,2692,fide_github
2015,12,52,"Rublevsky, Sergei",Russia,2692,fide_github
2015,12,53,"Almasi, Zoltan",Hungary,2690,fide_github
2015,12,54,"Moiseenko, Alexander",Ukraine,2689,fide_github
2015,12,55,"Howell, David W L",England,2688,fide_github
2015,12,56,"Ragger, Markus",Austria,2687,fide_github
2015,12,57,"Granda Zuniga, Julio E",Peru,2685,fide_github
2015,12,58,"Matlakov, Maxim",Russia,2684,fide_github
2015,12,59,"Short, Nigel D",England,2684,fide_github
2015,12,60,"Hou, Yifan",China,2683,fide_github
2015,12,61,"Cheparinov, Ivan",Bulgaria,2682,fide_github
2015,12,62,"Kovalenko, Igor",Latvia,2680,fide_github
2015,12,63,"Rodshtein, Maxim",Israel,2678,fide_github
2015,12,64,"Areshchenko, Alexander",Ukraine,2677,fide_github
2015,12,65,"Artemiev, Vladislav",Russia,2676,fide_github
2015,12,66,"Shirov, Alexei",Latvia,2676,fide_github
2015,12,67,"Vallejo Pons, Francisco",Spain,2676,fide_github
2015,12,68,"Bareev, Evgeny",Canada,2675,fide_github
2015,12,69,"Nisipeanu, Liviu-Dieter",Germany,2675,fide_github
2015,12,70,"Polgar, Judit",Hungary,2675,fide_github
2015,12,71,"Gyimesi, Zoltan",Hungary,2674,fide_github
2015,12,72,"Najer, Evgeniy",Russia,2674,fide_github
2015,12,73,"Jobava, Baadur",Georgia,2673,fide_github
2015,12,74,"Postny, Evgeny",Israel,2670,fide_github
2015,12,75,"Adhiban, B.",India,2669,fide_github
2015,12,76,"Kamsky, Gata",United States of America,2669,fide_github
2015,12,77,"McShane, Luke J",England,2669,fide_github
2015,12,78,"Inarkiev, Ernesto",Russia,2668,fide_github
2015,12,79,"Bruzon Batista, Lazaro",Cuba,2666,fide_github
2015,12,80,"Lysyj, Igor",Russia,2666,fide_github
2015,12,81,"Amin, Bassem",Egypt,2665,fide_github
2015,12,82,"Fedoseev, Vladimir",Russia,2664,fide_github
2015,12,83,"Negi, Parimarjan",India,2664,fide_github
2015,12,84,"Onischuk, Alexander",United States of America,2664,fide_github
2015,12,85,"Duda, Jan-Krzysztof",Poland,2663,fide_github
2015,12,86,"Sadler, Matthew D",England,2662,fide_github
2015,12,87,"Zvjaginsev, Vadim",Russia,2662,fide_github
2015,12,88,"Ivanisevic, Ivan",Serbia,2660,fide_github
2015,12,89,"Meier, Georg",Germany,2660,fide_github
2015,12,90,"Tkachiev, Vladislav",France,2660,fide_github
2015,12,91,"Movsesian, Sergei",Armenia,2659,fide_github
2015,12,92,"Robson, Ray",United States of America,2659,fide_github
2015,12,93,"Lautier, Joel",France,2658,fide_github
2015,12,94,"Smirin, Ilia",Israel,2658,fide_github
2015,12,95,"Bukavshin, Ivan",Russia,2657,fide_github
2015,12,96,"Dubov, Daniil",Russia,2655,fide_github
2015,12,97,"Laznicka, Viktor",Czech Republic,2655,fide_github
2015,12,98,"Zhigalko, Sergei",Belarus,2655,fide_github
2015,12,99,"Bologan, Viktor",Moldova,2654,fide_github
2015,12,100,"Gharamian, Tigran",France,2654,fide_github
2016,12,1,"Carlsen, Magnus",Norway,2840,fide_github
2016,12,2,"Caruana, Fabiano",United States of America,2823,fide_github
2016,12,3,"Kasparov, Garry",Russia,2812,fide_github
2016,12,4,"Kramnik, Vladimir",Russia,2809,fide_github
2016,12,5,"Vachier-Lagrave, Maxime",France,2804,fide_github
2016,12,6,"So, Wesley",United States of America,2794,fide_github
2016,12,7,"Aronian, Levon",Armenia,2785,fide_github
2016,12,8,"Karjakin, Sergey",Russia,2785,fide_github
2016,12,9,"Anand, Viswanathan",India,2779,fide_github
2016,12,10,"Nakamura, Hikaru",United States of America,2779,fide_github
2016,12,11,"Giri, Anish",Netherlands,2771,fide_github
2016,12,12,"Harikrishna, P.",India,2770,fide_github
2016,12,13,"Mamedyarov, Shakhriyar",Azerbaijan,2768,fide_github
2016,12,14,"Nepomniachtchi, Ian",Russia,2767,fide_github
2016,12,15,"Eljanov, Pavel",Ukraine,2762,fide_github
2016,12,16,"Topalov, Veselin",Bulgaria,2760,fide_github
2016,12,17,"Ding, Liren",China,2757,fide_github
2016,12,18,"Svidler, Peter",Russia,2753,fide_github
2016,12,19,"Wojtaszek, Radoslaw",Poland,2749,fide_github
2016,12,20,"Adams, Michael",England,2748,fide_github
2016,12,21,"Ivanchuk, Vassily",Ukraine,2747,fide_github
2016,12,22,"Dominguez Perez, Leinier",Cuba,2739,fide_github
2016,12,23,"Andreikin, Dmitry",Russia,2737,fide_github
2016,12,24,"Grischuk, Alexander",Russia,2737,fide_github
2016,12,25,"Yu, Yangyi",China,2729,fide_github
2016,12,26,"Vitiugov, Nikita",Russia,2726,fide_github
2016,12,27,"Gelfand, Boris",Israel,2725,fide_github
2016,12,28,"Navara, David",Czech Republic,2725,fide_github
2016,12,29,"Li, Chao b",China,2720,fide_github
2016,12,30,"Le, Quang Liem",Vietnam,2718,fide_github
2016,12,31,"Rapport, Richard",Hungary,2717,fide_github
2016,12,32,"Tomashevsky, Evgeny",Russia,2716,fide_github
2016,12,33,"Malakhov, Vladimir",Russia,2713,fide_github
2016,12,34,"Vallejo Pons, Francisco",Spain,2711,fide_github
2016,12,35,"Radjabov, Teimour",Azerbaijan,2710,fide_github
2016,12,36,"Wang, Yue",China,2710,fide_github
2016,12,37,"Inarkiev, Ernesto",Russia,2709,fide_github
2016,12,38,"Ponomariov, Ruslan",Ukraine,2709,fide_github
2016,12,39,"Wei, Yi",China,2707,fide_github
2016,12,40,"Bu, Xiangzhi",China,2705,fide_github
2016,12,41,"Jakovenko, Dmitry",Russia,2704,fide_github
2016,12,42,"Almasi, Zoltan",Hungary,2703,fide_github
2016,12,43,"Jobava, Baadur",Georgia,2702,fide_github
2016,12,44,"Kryvoruchko, Yuriy",Ukraine,2699,fide_github
2016,12,45,"Van Wely, Loek",Netherlands,2696,fide_github
2016,12,46,"Rodshtein, Maxim",Israel,2695,fide_github
2016,12,47,"Matlakov, Maxim",Russia,2694,fide_github
2016,12,48,"Leko, Peter",Hungary,2693,fide_github
2016,12,49,"Korobov, Anton",Ukraine,2692,fide_github
2016,12,50,"Kasimdzhanov, Rustam",Uzbekistan,2691,fide_github
2016,12,51,"Safarli, Eltaj",Azerbaijan,2691,fide_github
2016,12,52,"Bacrot, Etienne",France,2689,fide_github
2016,12,53,"Cheparinov, Ivan",Bulgaria,2689,fide_github
2016,12,54,"Ragger, Markus",Austria,2689,fide_github
2016,12,55,"Vidit, Santosh Gujrathi",India,2689,fide_github
2016,12,56,"Mamedov, Rauf",Azerbaijan,2688,fide_github
2016,12,57,"Naiditsch, Arkadij",Azerbaijan,2687,fide_github
2016,12,58,"Duda, Jan-Krzysztof",Poland,2684,fide_github
2016,12,59,"Kovalenko, Igor",Latvia,2684,fide_github
2016,12,60,"Rublevsky, Sergei",Russia,2681,fide_github
2016,12,61,"Nisipeanu, Liviu-Dieter",Germany,2680,fide_github
2016,12,62,"Najer, Evgeniy",Russia,2679,fide_github
2016,12,63,"Short, Nigel D",England,2679,fide_github
2016,12,64,"Zvjaginsev, Vadim",Russia,2679,fide_github
2016,12,65,"Areshchenko, Alexander",Ukraine,2678,fide_github
2016,12,66,"Wang, Hao",China,2678,fide_github
2016,12,67,"Morozevich, Alexander",Russia,2676,fide_github
2016,12,68,"Akopian, Vladimir",Armenia,2675,fide_github
2016,12,69,"Polgar, Judit",Hungary,2675,fide_github
2016,12,70,"Robson, Ray",United States of America,2675,fide_github
2016,12,71,"Gyimesi, Zoltan",Hungary,2674,fide_github
2016,12,72,"Shankland, Samuel L",United States of America,2674,fide_github
2016,12,73,"Movsesian, Sergei",Armenia,2673,fide_github
2016,12,74,"Shirov, Alexei",Latvia,2673,fide_github
2016,12,75,"Fressinet, Laurent",France,2672,fide_github
2016,12,76,"Sadler, Matthew D",England,2672,fide_github
2016,12,77,"Riazantsev, Alexander",Russia,2671,fide_github
2016,12,78,"Zhigalko, Sergei",Belarus,2671,fide_github
2016,12,79,"Negi, Parimarjan",India,2670,fide_github
2016,12,80,"Sjugirov, Sanan",Russia,2670,fide_github
2016,12,81,"Smirin, Ilia",Israel,2669,fide_github
2016,12,82,"Ganguly, Surya Shekhar",India,2668,fide_github
2016,12,83,"Onischuk, Alexander",United States of America,2668,fide_github
2016,12,84,"Fedoseev, Vladimir",Russia,2667,fide_github
2016,12,85,"Jones, Gawain C B",England,2667,fide_github
2016,12,86,"Rakhmanov, Aleksandr",Russia,2667,fide_github
2016,12,87,"Sargissian, Gabriel",Armenia,2667,fide_github
2016,12,88,"Adhiban, B.",India,2666,fide_github
2016,12,89,"Bareev, Evgeny",Canada,2666,fide_github
2016,12,90,"Xiong, Jeffery",United States of America,2666,fide_github
2016,12,91,"Ni, Hua",China,2664,fide_github
2016,12,92,"Motylev, Alexander",Russia,2663,fide_github
2016,12,93,"Amin, Bassem",Egypt,2662,fide_github
2016,12,94,"Kamsky, Gata",United States of America,2661,fide_github
2016,12,95,"Laznicka, Viktor",Czech Republic,2661,fide_github
2016,12,96,"Sasikiran, Krishnan",India,2661,fide_github
2016,12,97,"Cordova, Emilio",Peru,2660,fide_github
2016,12,98,"Dubov, Daniil",Russia,2660,fide_github
2016,12,99,"Ipatov, Alexander",Turkey,2660,fide_github
2016,12,100,"Markus, Robert",Serbia,2660,fide_github
2017,12,1,"Carlsen, Magnus",Norway,2837,fide_github
2017,12,2,"Kasparov, Garry",Russia,2812,fide_github
2017,12,3,"Aronian, Levon",Armenia,2805,fide_github
2017,12,4,"Caruana, Fabiano",United States of America,2799,fide_github
2017,12,5,"Mamedyarov, Shakhriyar",Azerbaijan,2799,fide_github
2017,12,6,"Vachier-Lagrave, Maxime",France,2789,fide_github
2017,12,7,"So, Wesley",United States of America,2788,fide_github
2017,12,8,"Kramnik, Vladimir",Russia,2787,fide_github
2017,12,9,"Anand, Viswanathan",India,2782,fide_github
2017,12,10,"Nakamura, Hikaru",United States of America,2781,fide_github
2017,12,11,"Ding, Liren",China,2777,fide_github
2017,12,12,"Grischuk, Alexander",Russia,2772,fide_github
2017,12,13,"Svidler, Peter",Russia,2765,fide_github
2017,12,14,"Karjakin, Sergey",Russia,2760,fide_github
2017,12,15,"Giri, Anish",Netherlands,2752,fide_github
2017,12,16,"Yu, Yangyi",China,2751,fide_github
2017,12,17,"Topalov, Veselin",Finland,2749,fide_github
2017,12,18,"Radjabov, Teimour",Azerbaijan,2748,fide_github
2017,12,19,"Harikrishna, P.",India,2744,fide_github
2017,12,20,"Wei, Yi",China,2743,fide_github
2017,12,21,"Navara, David",Czech Republic,2740,fide_github
2017,12,22,"Dominguez Perez, Leinier",Cuba,2739,fide_github
2017,12,23,"Le, Quang Liem",Vietnam,2737,fide_github
2017,12,24,"Wojtaszek, Radoslaw",Poland,2736,fide_github
2017,12,25,"Matlakov, Maxim",Russia,2735,fide_github
2017,12,26,"Li, Chao b",China,2732,fide_github
2017,12,27,"Bu, Xiangzhi",China,2730,fide_github
2017,12,28,"Jakovenko, Dmitry",Russia,2730,fide_github
2017,12,29,"Nepomniachtchi, Ian",Russia,2729,fide_github
2017,12,30,"Ivanchuk, Vassily",Ukraine,2726,fide_github
2017,12,31,"Bacrot, Etienne",France,2725,fide_github
2017,12,32,"Vitiugov, Nikita",Russia,2722,fide_github
2017,12,33,"Fedoseev, Vladimir",Russia,2718,fide_github
2017,12,34,"Duda, Jan-Krzysztof",Poland,2717,fide_github
2017,12,35,"Adams, Michael",England,2715,fide_github
2017,12,36,"Vidit, Santosh Gujrathi",India,2715,fide_github
2017,12,37,"Tomashevsky, Evgeny",Russia,2713,fide_github
2017,12,38,"Andreikin, Dmitry",Russia,2712,fide_github
2017,12,39,"Eljanov, Pavel",Ukraine,2711,fide_github
2017,12,40,"Cheparinov, Ivan",Finland,2710,fide_github
2017,12,41,"Mamedov, Rauf",Azerbaijan,2709,fide_github
2017,12,42,"Wang, Hao",China,2709,fide_github
2017,12,43,"Rapport, Richard",Hungary,2707,fide_github
2017,12,44,"Vallejo Pons, Francisco",Spain,2707,fide_github
2017,12,45,"Naiditsch, Arkadij",Azerbaijan,2705,fide_github
2017,12,46,"Kuzubov, Yuriy",Ukraine,2699,fide_github
2017,12,47,"Rodshtein, Maxim",Israel,2699,fide_github
2017,12,48,"Gelfand, Boris",Israel,2697,fide_github
2017,12,49,"Najer, Evgeniy",Russia,2696,fide_github
2017,12,50,"Ponomariov, Ruslan",Ukraine,2694,fide_github
2017,12,51,"Artemiev, Vladislav",Russia,2691,fide_github
2017,12,52,"Leko, Peter",Hungary,2691,fide_github
2017,12,53,"Jobava, Baadur",Georgia,2690,fide_github
2017,12,54,"Wang, Yue",China,2690,fide_github
2017,12,55,"Amin, Bassem",Egypt,2689,fide_github
2017,12,56,"Inarkiev, Ernesto",Russia,2689,fide_github
2017,12,57,"Kryvoruchko, Yuriy",Ukraine,2689,fide_github
2017,12,58,"Malakhov, Vladimir",Russia,2686,fide_github
2017,12,59,"Sadler, Matthew D",England,2685,fide_github
2017,12,60,"Dubov, Daniil",Russia,2683,fide_github
2017,12,61,"Kasimdzhanov, Rustam",Uzbekistan,2683,fide_github
2017,12,62,"Rublevsky, Sergei",Russia,2683,fide_github
2017,12,63,"Almasi, Zoltan",Hungary,2682,fide_github
2017,12,64,"Onischuk, Alexander",United States of America,2681,fide_github
2017,12,65,"Hou, Yifan",China,2680,fide_github
2017,12,66,"Sasikiran, Krishnan",India,2680,fide_github
2017,12,67,"Short, Nigel D",England,2678,fide_github
2017,12,68,"Kamsky, Gata",United States of America,2677,fide_github
2017,12,69,"Howell, David W L",England,2676,fide_github
2017,12,70,"Motylev, Alexander",Russia,2675,fide_github
2017,12,71,"Polgar, Judit",Hungary,2675,fide_github
2017,12,72,"Gyimesi, Zoltan",Hungary,2674,fide_github
2017,12,73,"Sutovsky, Emil",Israel,2673,fide_github
2017,12,74,"Bruzon Batista, Lazaro",Cuba,2672,fide_github
2017,12,75,"Kravtsiv, Martyn",Ukraine,2672,fide_github
2017,12,76,"Sargissian, Gabriel",Armenia,2672,fide_github
2017,12,77,"Krasenkow, Michal",Poland,2671,fide_github
2017,12,78,"Ni, Hua",China,2671,fide_github
2017,12,79,"Nisipeanu, Liviu-Dieter",Germany,2671,fide_github
2017,12,80,"Saric, Ivan",Croatia,2669,fide_github
2017,12,81,"Akopian, Vladimir",Armenia,2667,fide_github
2017,12,82,"Moiseenko, Alexander",Ukraine,2667,fide_github
2017,12,83,"Anton Guijarro, David",Spain,2666,fide_github
2017,12,84,"Bareev, Evgeny",Canada,2666,fide_github
2017,12,85,"Iturrizaga Bonelli, Eduardo",Venezuela,2665,fide_github
2017,12,86,"Morozevich, Alexander",Russia,2665,fide_github
2017,12,87,"Fressinet, Laurent",France,2662,fide_github
2017,12,88,"Shankland, Samuel",United States of America,2662,fide_github
2017,12,89,"Cori, Jorge",Peru,2660,fide_github
2017,12,90,"Demchenko, Anton",Russia,2660,fide_github
2017,12,91,"Tkachiev, Vladislav",France,2660,fide_github
2017,12,92,"Ipatov, Alexander",Turkey,2659,fide_github
2017,12,93,"Berkes, Ferenc",Hungary,2658,fide_github
2017,12,94,"Lautier, Joel",France,2658,fide_github
2017,12,95,"Grachev, Boris",Russia,2657,fide_github
2017,12,96,"Granda Zuniga, Julio E",Peru,2657,fide_github
2017,12,97,"Nabaty, Tamir",Israel,2657,fide_github
2017,12,98,"Ragger, Markus",Austria,2657,fide_github
2017,12,99,"Van Wely, Loek",Netherlands,2657,fide_github
2017,12,100,"Negi, Parimarjan",India,2656,fide_github
2018,12,1,"Carlsen, Magnus",Norway,2835,fide_github
2018,12,2,"Caruana, Fabiano",United States of America,2832,fide_github
2018,12,3,"Mamedyarov, Shakhriyar",Azerbaijan,2817,fide_github
2018,12,4,"Ding, Liren",China,2813,fide_github
2018,12,5,"Kasparov, Garry",Russia,2812,fide_github
2018,12,6,"Giri, Anish",Netherlands,2783,fide_github
2018,12,7,"Vachier-Lagrave, Maxime",France,2781,fide_github
2018,12,8,"Kramnik, Vladimir",Russia,2777,fide_github
2018,12,9,"Anand, Viswanathan",India,2773,fide_github
2018,12,10,"Grischuk, Alexander",Russia,2771,fide_github
2018,12,11,"Aronian, Levon",Armenia,2765,fide_github
2018,12,12,"So, Wesley",United States of America,2765,fide_github
2018,12,13,"Yu, Yangyi",China,2764,fide_github
2018,12,14,"Nepomniachtchi, Ian",Russia,2763,fide_github
2018,12,15,"Radjabov, Teimour",Azerbaijan,2757,fide_github
2018,12,16,"Karjakin, Sergey",Russia,2753,fide_github
2018,12,17,"Nakamura, Hikaru",United States of America,2746,fide_github
2018,12,18,"Topalov, Veselin",Bulgaria,2740,fide_github
2018,12,19,"Dominguez Perez, Leinier",United States of America,2739,fide_github
2018,12,20,"Duda, Jan-Krzysztof",Poland,2738,fide_github
2018,12,21,"Svidler, Peter",Russia,2737,fide_github
2018,12,22,"Naiditsch, Arkadij",Azerbaijan,2736,fide_github
2018,12,23,"Navara, David",Czech Republic,2736,fide_github
2018,12,24,"Jakovenko, Dmitry",Russia,2735,fide_github
2018,12,25,"Rapport, Richard",Hungary,2732,fide_github
2018,12,26,"Wojtaszek, Radoslaw",Poland,2732,fide_github
2018,12,27,"Wang, Hao",China,2730,fide_github
2018,12,28,"Wei, Yi",China,2728,fide_github
2018,12,29,"Bu, Xiangzhi",China,2726,fide_github
2018,12,30,"Harikrishna, Pentala",India,2725,fide_github
2018,12,31,"Shankland, Samuel",United States of America,2724,fide_github
2018,12,32,"Andreikin, Dmitry",Russia,2719,fide_github
2018,12,33,"Fedoseev, Vladimir",Russia,2719,fide_github
2018,12,34,"Vitiugov, Nikita",Russia,2719,fide_github
2018,12,35,"Ivanchuk, Vassily",Ukraine,2717,fide_github
2018,12,36,"Le, Quang Liem",Vietnam,2714,fide_github
2018,12,37,"Amin, Bassem",Egypt,2710,fide_github
2018,12,38,"Artemiev, Vladislav",Russia,2709,fide_github
2018,12,39,"Cheparinov, Ivan",Georgia,2709,fide_github
2018,12,40,"Tomashevsky, Evgeny",Russia,2705,fide_github
2018,12,41,"Adams, Michael",England,2703,fide_github
2018,12,42,"Dubov, Daniil",Russia,2703,fide_github
2018,12,43,"Li, Chao b",China,2703,fide_github
2018,12,44,"Mamedov, Rauf",Azerbaijan,2703,fide_github
2018,12,45,"Vidit, Santosh Gujrathi",India,2701,fide_github
2018,12,46,"Matlakov, Maxim",Russia,2700,fide_github
2018,12,47,"Korobov, Anton",Ukraine,2698,fide_github
2018,12,48,"Howell, David W L",England,2696,fide_github
2018,12,49,"Adhiban, B.",India,2695,fide_github
2018,12,50,"Saric, Ivan",Croatia,2695,fide_github
2018,12,51,"Vallejo Pons, Francisco",Spain,2695,fide_github
2018,12,52,"Inarkiev, Ernesto",Russia,2693,fide_github
2018,12,53,"Sadler, Matthew D",England,2693,fide_github
2018,12,54,"Almasi, Zoltan",Hungary,2689,fide_github
2018,12,55,"Cori, Jorge",Peru,2689,fide_github
2018,12,56,"Sargissian, Gabriel",Armenia,2689,fide_github
2018,12,57,"Maghsoodloo, Parham",Iran,2688,fide_github
2018,12,58,"Kryvoruchko, Yuriy",Ukraine,2687,fide_github
2018,12,59,"Ragger, Markus",Austria,2687,fide_github
2018,12,60,"Bacrot, Etienne",France,2686,fide_github
2018,12,61,"Kovalev, Vladislav",Belarus,2683,fide_github
2018,12,62,"Ni, Hua",China,2683,fide_github
2018,12,63,"Wang, Yue",China,2683,fide_github
2018,12,64,"Jones, Gawain C B",England,2682,fide_github
2018,12,65,"Nisipeanu, Liviu-Dieter",Germany,2682,fide_github
2018,12,66,"Eljanov, Pavel",Ukraine,2680,fide_github
2018,12,67,"Demchenko, Anton",Russia,2679,fide_github
2018,12,68,"Grandelius, Nils",Sweden,2678,fide_github
2018,12,69,"Xiong, Jeffery",United States of America,2676,fide_github
2018,12,70,"Laznicka, Viktor",Czech Republic,2675,fide_github
2018,12,71,"Polgar, Judit",Hungary,2675,fide_github
2018,12,72,"Rodshtein, Maxim",Israel,2675,fide_github
2018,12,73,"Gyimesi, Zoltan",Hungary,2674,fide_github
2018,12,74,"Gelfand, Boris",Israel,2673,fide_github
2018,12,75,"Sasikiran, Krishnan",India,2673,fide_github
2018,12,76,"Safarli, Eltaj",Azerbaijan,2671,fide_github
2018,12,77,"Dreev, Aleksey",Russia,2670,fide_github
2018,12,78,"Melkumyan, Hrant",Armenia,2670,fide_github
2018,12,79,"Nabaty, Tamir",Israel,2670,fide_github
2018,12,80,"Najer, Evgeniy",Russia,2670,fide_github
2018,12,81,"Leko, Peter",Hungary,2669,fide_github
2018,12,82,"Robson, Ray",United States of America,2667,fide_github
2018,12,83,"Kamsky, Gata",United States of America,2666,fide_github
2018,12,84,"Bruzon Batista, Lazaro",Cuba,2664,fide_github
2018,12,85,"Guseinov, Gadir",Azerbaijan,2664,fide_github
2018,12,86,"McShane, Luke J",England,2664,fide_github
2018,12,87,"Sethuraman, S.P.",India,2664,fide_github
2018,12,88,"Ponomariov, Ruslan",Ukraine,2663,fide_github
2018,12,89,"Sjugirov, Sanan",Russia,2663,fide_github
2018,12,90,"Berkes, Ferenc",Hungary,2662,fide_github
2018,12,91,"Hou, Yifan",China,2662,fide_github
2018,12,92,"Salem, A.R. Saleh",United Arab Emirates,2660,fide_github
2018,12,93,"Tkachiev, Vladislav",France,2660,fide_github
2018,12,94,"Kasimdzhanov, Rustam",Uzbekistan,2659,fide_github
2018,12,95,"Lenic, Luka",Slovenia,2659,fide_github
2018,12,96,"Lautier, Joel",France,2658,fide_github
2018,12,97,"Malakhov, Vladimir",Russia,2658,fide_github
2018,12,98,"Van Kampen, Robin",Netherlands,2658,fide_github
2018,12,99,"Kovalenko, Igor",Latvia,2657,fide_github
2018,12,100,"Areshchenko, Alexander",Ukraine,2656,fide_github
2019,12,1,"Carlsen, Magnus",Norway,2872,fide_github
2019,12,2,"Caruana, Fabiano",United States of America,2822,fide_github
2019,12,3,"Kasparov, Garry",Russia,2812,fide_github
2019,12,4,"Ding, Liren",China,2801,fide_github
2019,12,5,"Vachier-Lagrave, Maxime",France,2780,fide_github
2019,12,6,"Grischuk, Alexander",Russia,2777,fide_github
2019,12,7,"Aronian, Levon",Armenia,2775,fide_github
2019,12,8,"Mamedyarov, Shakhriyar",Azerbaijan,2772,fide_github
2019,12,9,"Giri, Anish",Netherlands,2769,fide_github
2019,12,10,"Nepomniachtchi, Ian",Russia,2767,fide_github
2019,12,11,"Radjabov, Teimour",Azerbaijan,2765,fide_github
2019,12,12,"So, Wesley",United States of America,2760,fide_github
2019,12,13,"Dominguez Perez, Leinier",United States of America,2758,fide_github
2019,12,14,"Duda, Jan-Krzysztof",Poland,2758,fide_github
2019,12,15,"Rapport, Richard",Hungary,2758,fide_github
2019,12,16,"Anand, Viswanathan",India,2757,fide_github
2019,12,17,"Wang, Hao",China,2756,fide_github
2019,12,18,"Karjakin, Sergey",Russia,2754,fide_github
2019,12,19,"Kramnik, Vladimir",Russia,2753,fide_github
2019,12,20,"Vitiugov, Nikita",Russia,2747,fide_github
2019,12,21,"Yu, Yangyi",China,2738,fide_github
2019,12,22,"Topalov, Veselin",Bulgaria,2737,fide_github
2019,12,23,"Nakamura, Hikaru",United States of America,2736,fide_github
2019,12,24,"Artemiev, Vladislav",Russia,2731,fide_github
2019,12,25,"Wei, Yi",China,2725,fide_github
2019,12,26,"Wojtaszek, Radoslaw",Poland,2725,fide_github
2019,12,27,"Andreikin, Dmitry",Russia,2724,fide_github
2019,12,28,"Harikrishna, Pentala",India,2724,fide_github
2019,12,29,"Firouzja, Alireza",Iran,2723,fide_github
2019,12,30,"Svidler, Peter",Russia,2723,fide_github
2019,12,31,"Vidit, Santosh Gujrathi",India,2721,fide_github
2019,12,32,"Le, Quang Liem",Vietnam,2713,fide_github
2019,12,33,"Xiong, Jeffery",United States of America,2712,fide_github
2019,12,34,"Navara, David",Czech Republic,2707,fide_github
2019,12,35,"Bu, Xiangzhi",China,2705,fide_github
2019,12,36,"Tomashevsky, Evgeny",Russia,2705,fide_github
2019,12,37,"Alekseenko, Kirill",Russia,2704,fide_github
2019,12,38,"Vallejo Pons, Francisco",Spain,2704,fide_github
2019,12,39,"Adams, Michael",England,2701,fide_github
2019,12,40,"Matlakov, Maxim",Russia,2699,fide_github
2019,12,41,"Jakovenko, Dmitry",Russia,2698,fide_github
2019,12,42,"Sadler, Matthew D",England,2692,fide_github
2019,12,43,"Almasi, Zoltan",Hungary,2691,fide_github
2019,12,44,"Dubov, Daniil",Russia,2690,fide_github
2019,12,45,"Ivanchuk, Vassily",Ukraine,2690,fide_github
2019,12,46,"Li, Chao b",China,2690,fide_github
2019,12,47,"Maghsoodloo, Parham",Iran,2690,fide_github
2019,12,48,"Sargissian, Gabriel",Armenia,2689,fide_github
2019,12,49,"Cheparinov, Ivan",Georgia,2687,fide_github
2019,12,50,"Anton Guijarro, David",Spain,2685,fide_github
2019,12,51,"Rausis, Igors",Czech Republic,2685,fide_github
2019,12,52,"Gelfand, Boris",Israel,2684,fide_github
2019,12,53,"Shirov, Alexei",Spain,2684,fide_github
2019,12,54,"Amin, Bassem",Egypt,2683,fide_github
2019,12,55,"Grandelius, Nils",Sweden,2683,fide_github
2019,12,56,"Jones, Gawain C B",England,2683,fide_github
2019,12,57,"Shankland, Sam",United States of America,2683,fide_github
2019,12,58,"Dreev, Aleksey",Russia,2677,fide_github
2019,12,59,"Fedoseev, Vladimir",Russia,2677,fide_github
2019,12,60,"Kamsky, Gata",United States of America,2677,fide_github
2019,12,61,"McShane, Luke J",England,2677,fide_github
2019,12,62,"Howell, David W L",England,2676,fide_github
2019,12,63,"Predke, Alexandr",Russia,2676,fide_github
2019,12,64,"Areshchenko, Alexander",Ukraine,2675,fide_github
2019,12,65,"Kryvoruchko, Yuriy",Ukraine,2675,fide_github
2019,12,66,"Polgar, Judit",Hungary,2675,fide_github
2019,12,67,"Salem, A.R. Saleh",United Arab Emirates,2675,fide_github
2019,12,68,"Gyimesi, Zoltan",Hungary,2674,fide_github
2019,12,69,"Wang, Yue",China,2674,fide_github
2019,12,70,"Robson, Ray",United States of America,2673,fide_github
2019,12,71,"Leko, Peter",Hungary,2670,fide_github
2019,12,72,"Ragger, Markus",Austria,2670,fide_github
2019,12,73,"Bacrot, Etienne",France,2669,fide_github
2019,12,74,"Ni, Hua",China,2669,fide_github
2019,12,75,"Korobov, Anton",Ukraine,2668,fide_github
2019,12,76,"Malakhov, Vladimir",Russia,2668,fide_github
2019,12,77,"Melkumyan, Hrant",Armenia,2668,fide_github
2019,12,78,"Nisipeanu, Liviu-Dieter",Germany,2668,fide_github
2019,12,79,"Kuzubov, Yuriy",Ukraine,2667,fide_github
2019,12,80,"Guseinov, Gadir",Azerbaijan,2666,fide_github
2019,12,81,"Sjugirov, Sanan",Russia,2665,fide_github
2019,12,82,"Hou, Yifan",China,2664,fide_github
2019,12,83,"Kasimdzhanov, Rustam",Uzbekistan,2664,fide_github
2019,12,84,"Abasov, Nijat",Azerbaijan,2663,fide_github
2019,12,85,"Eljanov, Pavel",Ukraine,2663,fide_github
2019,12,86,"Inarkiev, Ernesto",Russia,2663,fide_github
2019,12,87,"Sarana, Alexey",Russia,2663,fide_github
2019,12,88,"Kovalev, Vladislav",Belarus,2662,fide_github
2019,12,89,"Najer, Evgeniy",Russia,2661,fide_github
2019,12,90,"Nyzhnyk, Illya",Ukraine,2660,fide_github
2019,12,91,"Sevian, Samuel",United States of America,2660,fide_github
2019,12,92,"Tkachiev, Vladislav",France,2660,fide_github
2019,12,93,"Mamedov, Rauf",Azerbaijan,2659,fide_github
2019,12,94,"Morozevich, Alexander",Russia,2659,fide_github
2019,12,95,"Swiercz, Dariusz",United States of America,2659,fide_github
2019,12,96,"Lautier, Joel",France,2658,fide_github
2019,12,97,"Van Kampen, Robin",Netherlands,2658,fide_github
2019,12,98,"Berkes, Ferenc",Hungary,2656,fide_github
2019,12,99,"Sasikiran, Krishnan",India,2656,fide_github
2019,12,100,"Lagarde, Maxime",France,2655,fide_github
2020,12,1,"Carlsen, Magnus",NOR,2862,fide_xml
2020,12,2,"Caruana, Fabiano",USA,2823,fide_xml
2020,12,3,"Kasparov, Garry",RUS,2812,fide_xml
2020,12,4,"Ding, Liren",CHN,2791,fide_xml
2020,12,5,"Nepomniachtchi, Ian",RUS,2784,fide_xml
2020,12,6,"Vachier-Lagrave, Maxime",FRA,2784,fide_xml
2020,12,7,"Aronian, Levon",ARM,2781,fide_xml
2020,12,8,"Grischuk, Alexander",RUS,2777,fide_xml
2020,12,9,"Mamedyarov, Shakhriyar",AZE,2770,fide_xml
2020,12,10,"So, Wesley",USA,2770,fide_xml
2020,12,11,"Radjabov, Teimour",AZE,2765,fide_xml
2020,12,12,"Giri, Anish",NED,2764,fide_xml
2020,12,13,"Wang, Hao",CHN,2763,fide_xml
2020,12,14,"Rapport, Richard",HUN,2759,fide_xml
2020,12,15,"Dominguez Perez, Leinier",USA,2758,fide_xml
2020,12,16,"Anand, Viswanathan",IND,2753,fide_xml
2020,12,17,"Kramnik, Vladimir",RUS,2753,fide_xml
2020,12,18,"Karjakin, Sergey",RUS,2752,fide_xml
2020,12,19,"Firouzja, Alireza",FID,2749,fide_xml
2020,12,20,"Duda, Jan-Krzysztof",POL,2743,fide_xml
2020,12,21,"Nakamura, Hikaru",USA,2736,fide_xml
2020,12,22,"Topalov, Veselin",BUL,2735,fide_xml
2020,12,23,"Harikrishna, Pentala",IND,2732,fide_xml
2020,12,24,"Wei, Yi",CHN,2732,fide_xml
2020,12,25,"Vidit, Santosh Gujrathi",IND,2726,fide_xml
2020,12,26,"Andreikin, Dmitry",RUS,2725,fide_xml
2020,12,27,"Svidler, Peter",RUS,2723,fide_xml
2020,12,28,"Vitiugov, Nikita",RUS,2720,fide_xml
2020,12,29,"Adams, Michael",ENG,2716,fide_xml
2020,12,30,"Artemiev, Vladislav",RUS,2711,fide_xml
2020,12,31,"Vallejo Pons, Francisco",ESP,2710,fide_xml
2020,12,32,"Le, Quang Liem",VIE,2709,fide_xml
2020,12,33,"Xiong, Jeffery",USA,2709,fide_xml
2020,12,34,"Yu, Yangyi",CHN,2709,fide_xml
2020,12,35,"Tomashevsky, Evgeny",RUS,2706,fide_xml
2020,12,36,"Bu, Xiangzhi",CHN,2705,fide_xml
2020,12,37,"Wojtaszek, Radoslaw",POL,2705,fide_xml
2020,12,38,"Dubov, Daniil",RUS,2702,fide_xml
2020,12,39,"Kryvoruchko, Yuriy",UKR,2699,fide_xml
2020,12,40,"Matlakov, Maxim",RUS,2698,fide_xml
2020,12,41,"Navara, David",CZE,2697,fide_xml
2020,12,42,"Alekseenko, Kirill",RUS,2696,fide_xml
2020,12,43,"Sadler, Matthew D",ENG,2694,fide_xml
2020,12,44,"Korobov, Anton",UKR,2693,fide_xml
2020,12,45,"Shankland, Sam",USA,2691,fide_xml
2020,12,46,"Amin, Bassem",EGY,2690,fide_xml
2020,12,47,"Predke, Alexandr",RUS,2690,fide_xml
2020,12,48,"Almasi, Zoltan",HUN,2687,fide_xml
2020,12,49,"Areshchenko, Alexander",UKR,2687,fide_xml
2020,12,50,"Esipenko, Andrey",RUS,2686,fide_xml
2020,12,51,"Rausis, Igors",FID,2685,fide_xml
2020,12,52,"Jakovenko, Dmitry",RUS,2684,fide_xml
2020,12,53,"Li, Chao b",CHN,2683,fide_xml
2020,12,54,"Salem, A.R. Saleh",UAE,2682,fide_xml
2020,12,55,"Sargissian, Gabriel",ARM,2682,fide_xml
2020,12,56,"Ragger, Markus",AUT,2680,fide_xml
2020,12,57,"Nyzhnyk, Illya",UKR,2679,fide_xml
2020,12,58,"Bacrot, Etienne",FRA,2678,fide_xml
2020,12,59,"Ivanchuk, Vasyl",UKR,2678,fide_xml
2020,12,60,"Gelfand, Boris",ISR,2676,fide_xml
2020,12,61,"Maghsoodloo, Parham",IRI,2676,fide_xml
2020,12,62,"Anton Guijarro, David",ESP,2675,fide_xml
2020,12,63,"Polgar, Judit",HUN,2675,fide_xml
2020,12,64,"Fedoseev, Vladimir",RUS,2674,fide_xml
2020,12,65,"Gyimesi, Zoltan",HUN,2674,fide_xml
2020,12,66,"McShane, Luke J",ENG,2674,fide_xml
2020,12,67,"Berkes, Ferenc",HUN,2673,fide_xml
2020,12,68,"Robson, Ray",USA,2673,fide_xml
2020,12,69,"Eljanov, Pavel",UKR,2672,fide_xml
2020,12,70,"Van Foreest, Jorden",NED,2671,fide_xml
2020,12,71,"Bluebaum, Matthias",GER,2670,fide_xml
2020,12,72,"Jones, Gawain C B",ENG,2670,fide_xml
2020,12,73,"Wang, Yue",CHN,2669,fide_xml
2020,12,74,"Abasov, Nijat",AZE,2668,fide_xml
2020,12,75,"Donchenko, Alexander",GER,2668,fide_xml
2020,12,76,"Ni, Hua",CHN,2667,fide_xml
2020,12,77,"Guseinov, Gadir",AZE,2665,fide_xml
2020,12,78,"Kamsky, Gata",USA,2665,fide_xml
2020,12,79,"Malakhov, Vladimir",RUS,2665,fide_xml
2020,12,80,"Grandelius, Nils",SWE,2663,fide_xml
2020,12,81,"Leko, Peter",HUN,2663,fide_xml
2020,12,82,"Melkumyan, Hrant",ARM,2663,fide_xml
2020,12,83,"Sjugirov, Sanan",RUS,2663,fide_xml
2020,12,84,"Kasimdzhanov, Rustam",UZB,2662,fide_xml
2020,12,85,"Shirov, Alexei",ESP,2662,fide_xml
2020,12,86,"Cheparinov, Ivan",BUL,2660,fide_xml
2020,12,87,"Sevian, Samuel",USA,2660,fide_xml
2020,12,88,"Tkachiev, Vladislav",FRA,2660,fide_xml
2020,12,89,"Adhiban, B.",IND,2659,fide_xml
2020,12,90,"Morozevich, Alexander",RUS,2659,fide_xml
2020,12,91,"Hou, Yifan",CHN,2658,fide_xml
2020,12,92,"Howell, David W L",ENG,2658,fide_xml
2020,12,93,"Lautier, Joel",FRA,2658,fide_xml
2020,12,94,"Van Kampen, Robin",NED,2658,fide_xml
2020,12,95,"Lupulescu, Constantin",ROU,2656,fide_xml
2020,12,96,"Nisipeanu, Liviu-Dieter",GER,2656,fide_xml
2020,12,97,"Inarkiev, Ernesto",RUS,2654,fide_xml
2020,12,98,"Jumabayev, Rinat",KAZ,2654,fide_xml
2020,12,99,"Mamedov, Rauf",AZE,2654,fide_xml
2020,12,100,"Cori, Jorge",PER,2652,fide_xml
2021,12,1,"Carlsen, Magnus",NOR,2856,fide_xml
2021,12,2,"Kasparov, Garry",RUS,2812,fide_xml
2021,12,3,"Firouzja, Alireza",FRA,2804,fide_xml
2021,12,4,"Ding, Liren",CHN,2799,fide_xml
2021,12,5,"Caruana, Fabiano",USA,2792,fide_xml
2021,12,6,"Nepomniachtchi, Ian",RUS,2782,fide_xml
2021,12,7,"Aronian, Levon",USA,2772,fide_xml
2021,12,8,"Giri, Anish",NED,2772,fide_xml
2021,12,9,"So, Wesley",USA,2772,fide_xml
2021,12,10,"Mamedyarov, Shakhriyar",AZE,2767,fide_xml
2021,12,11,"Grischuk, Alexander",RUS,2764,fide_xml
2021,12,12,"Rapport, Richard",HUN,2763,fide_xml
2021,12,13,"Vachier-Lagrave, Maxime",FRA,2761,fide_xml
2021,12,14,"Duda, Jan-Krzysztof",POL,2760,fide_xml
2021,12,15,"Kramnik, Vladimir",RUS,2753,fide_xml
2021,12,16,"Radjabov, Teimour",AZE,2753,fide_xml
2021,12,17,"Dominguez Perez, Leinier",USA,2752,fide_xml
2021,12,18,"Anand, Viswanathan",IND,2751,fide_xml
2021,12,19,"Wang, Hao",CHN,2744,fide_xml
2021,12,20,"Karjakin, Sergey",RUS,2743,fide_xml
2021,12,21,"Nakamura, Hikaru",USA,2736,fide_xml
2021,12,22,"Vitiugov, Nikita",RUS,2731,fide_xml
2021,12,23,"Topalov, Veselin",BUL,2730,fide_xml
2021,12,24,"Wei, Yi",CHN,2729,fide_xml
2021,12,25,"Vidit, Santosh Gujrathi",IND,2727,fide_xml
2021,12,26,"Andreikin, Dmitry",RUS,2724,fide_xml
2021,12,27,"Dubov, Daniil",RUS,2720,fide_xml
2021,12,28,"Harikrishna, Pentala",IND,2717,fide_xml
2021,12,29,"Esipenko, Andrey",RUS,2714,fide_xml
2021,12,30,"Yu, Yangyi",CHN,2713,fide_xml
2021,12,31,"Le, Quang Liem",VIE,2709,fide_xml
2021,12,32,"Shankland, Sam",USA,2708,fide_xml
2021,12,33,"Tomashevsky, Evgeny",RUS,2708,fide_xml
2021,12,34,"Fedoseev, Vladimir",RUS,2704,fide_xml
2021,12,35,"Shirov, Alexei",ESP,2704,fide_xml
2021,12,36,"Vallejo Pons, Francisco",ESP,2704,fide_xml
2021,12,37,"Alekseenko, Kirill",RUS,2702,fide_xml
2021,12,38,"Van Foreest, Jorden",NED,2702,fide_xml
2021,12,39,"Maghsoodloo, Parham",IRI,2701,fide_xml
2021,12,40,"Adams, Michael",ENG,2700,fide_xml
2021,12,41,"Artemiev, Vladislav",RUS,2700,fide_xml
2021,12,42,"Bu, Xiangzhi",CHN,2700,fide_xml
2021,12,43,"Korobov, Anton",UKR,2699,fide_xml
2021,12,44,"Navara, David",CZE,2697,fide_xml
2021,12,45,"Sadler, Matthew D",ENG,2694,fide_xml
2021,12,46,"Anton Guijarro, David",ESP,2693,fide_xml
2021,12,47,"Salem, A.R. Saleh",UAE,2690,fide_xml
2021,12,48,"Wojtaszek, Radoslaw",POL,2686,fide_xml
2021,12,49,"Xiong, Jeffery",USA,2686,fide_xml
2021,12,50,"Almasi, Zoltan",HUN,2685,fide_xml
2021,12,51,"Kryvoruchko, Yuriy",UKR,2685,fide_xml
2021,12,52,"Rausis, Igors",FID,2685,fide_xml
2021,12,53,"Sevian, Samuel",USA,2684,fide_xml
2021,12,54,"Eljanov, Pavel",UKR,2683,fide_xml
2021,12,55,"Svidler, Peter",RUS,2683,fide_xml
2021,12,56,"Jakovenko, Dmitry",RUS,2682,fide_xml
2021,12,57,"Predke, Alexandr",RUS,2682,fide_xml
2021,12,58,"Oparin, Grigoriy",RUS,2681,fide_xml
2021,12,59,"Sargissian, Gabriel",ARM,2681,fide_xml
2021,12,60,"Amin, Bassem",EGY,2680,fide_xml
2021,12,61,"Berkes, Ferenc",HUN,2680,fide_xml
2021,12,62,"Sjugirov, Sanan",RUS,2680,fide_xml
2021,12,63,"Deac, Bogdan-Daniel",ROU,2679,fide_xml
2021,12,64,"Li, Chao b",CHN,2679,fide_xml
2021,12,65,"Ivanchuk, Vasyl",UKR,2678,fide_xml
2021,12,66,"Volokitin, Andrei",UKR,2677,fide_xml
2021,12,67,"Robson, Ray",USA,2676,fide_xml
2021,12,68,"Polgar, Judit",HUN,2675,fide_xml
2021,12,69,"Gyimesi, Zoltan",HUN,2674,fide_xml
2021,12,70,"Matlakov, Maxim",RUS,2674,fide_xml
2021,12,71,"Nyzhnyk, Illya",UKR,2674,fide_xml
2021,12,72,"Grandelius, Nils",SWE,2672,fide_xml
2021,12,73,"Areshchenko, Alexander",UKR,2670,fide_xml
2021,12,74,"Saric, Ivan",CRO,2669,fide_xml
2021,12,75,"Wang, Yue",CHN,2669,fide_xml
2021,12,76,"Kovalenko, Igor",UKR,2668,fide_xml
2021,12,77,"Ni, Hua",CHN,2668,fide_xml
2021,12,78,"Sarana, Alexey",RUS,2666,fide_xml
2021,12,79,"Jones, Gawain C B",ENG,2665,fide_xml
2021,12,80,"Cheparinov, Ivan",BUL,2664,fide_xml
2021,12,81,"Keymer, Vincent",GER,2664,fide_xml
2021,12,82,"Gelfand, Boris",ISR,2663,fide_xml
2021,12,83,"Leko, Peter",HUN,2663,fide_xml
2021,12,84,Nihal Sarin,IND,2662,fide_xml
2021,12,85,"Guseinov, Gadir",AZE,2661,fide_xml
2021,12,86,"Najer, Evgeniy",RUS,2661,fide_xml
2021,12,87,"Tkachiev, Vladislav",FRA,2660,fide_xml
2021,12,88,"Inarkiev, Ernesto",RUS,2659,fide_xml
2021,12,89,"Kasimdzhanov, Rustam",UZB,2659,fide_xml
2021,12,90,"Morozevich, Alexander",RUS,2659,fide_xml
2021,12,91,"Hou, Yifan",CHN,2658,fide_xml
2021,12,92,"Lautier, Joel",FRA,2658,fide_xml
2021,12,93,Narayanan.S.L,IND,2658,fide_xml
2021,12,94,"Van Kampen, Robin",NED,2658,fide_xml
2021,12,95,"Kamsky, Gata",USA,2657,fide_xml
2021,12,96,"Mamedov, Rauf",AZE,2656,fide_xml
2021,12,97,"Swiercz, Dariusz",USA,2656,fide_xml
2021,12,98,"McShane, Luke J",ENG,2655,fide_xml
2021,12,99,"Shevchenko, Kirill",UKR,2655,fide_xml
2021,12,100,"Demchenko, Anton",RUS,2654,fide_xml
2022,12,1,"Carlsen, Magnus",NOR,2859,fide_xml
2022,12,2,"Kasparov, Garry",RUS,2812,fide_xml
2022,12,3,"Ding, Liren",CHN,2811,fide_xml
2022,12,4,"Nepomniachtchi, Ian",RUS,2793,fide_xml
2022,12,5,"Firouzja, Alireza",FRA,2785,fide_xml
2022,12,6,"Nakamura, Hikaru",USA,2768,fide_xml
2022,12,7,"Caruana, Fabiano",USA,2766,fide_xml
2022,12,8,"Giri, Anish",NED,2764,fide_xml
2022,12,9,"So, Wesley",USA,2760,fide_xml
2022,12,10,"Anand, Viswanathan",IND,2754,fide_xml
2022,12,11,"Kramnik, Vladimir",RUS,2753,fide_xml
2022,12,12,"Karjakin, Sergey",RUS,2747,fide_xml
2022,12,13,"Radjabov, Teimour",AZE,2747,fide_xml
2022,12,14,"Grischuk, Alexander",RUS,2745,fide_xml
2022,12,15,"Dominguez Perez, Leinier",USA,2743,fide_xml
2022,12,16,"Mamedyarov, Shakhriyar",AZE,2740,fide_xml
2022,12,17,"Rapport, Richard",ROU,2740,fide_xml
2022,12,18,"Vachier-Lagrave, Maxime",FRA,2737,fide_xml
2022,12,19,"Aronian, Levon",USA,2735,fide_xml
2022,12,20,"Vidit, Santosh Gujrathi",IND,2730,fide_xml
2022,12,21,"Andreikin, Dmitry",FID,2729,fide_xml
2022,12,22,"Duda, Jan-Krzysztof",POL,2729,fide_xml
2022,12,23,"Le, Quang Liem",VIE,2728,fide_xml
2022,12,24,"Topalov, Veselin",BUL,2728,fide_xml
2022,12,25,"Yu, Yangyi",CHN,2728,fide_xml
2022,12,26,Gukesh D,IND,2725,fide_xml
2022,12,27,"Vitiugov, Nikita",FID,2723,fide_xml
2022,12,28,Erigaisi Arjun,IND,2722,fide_xml
2022,12,29,"Wang, Hao",CHN,2722,fide_xml
2022,12,30,"Wei, Yi",CHN,2722,fide_xml
2022,12,31,"Maghsoodloo, Parham",IRI,2719,fide_xml
2022,12,32,"Vallejo Pons, Francisco",ESP,2716,fide_xml
2022,12,33,"Abdusattorov, Nodirbek",UZB,2713,fide_xml
2022,12,34,"Sjugirov, Sanan",RUS,2712,fide_xml
2022,12,35,"Shankland, Sam",USA,2710,fide_xml
2022,12,36,"Dubov, Daniil",RUS,2708,fide_xml
2022,12,37,"Eljanov, Pavel",UKR,2706,fide_xml
2022,12,38,"Harikrishna, Pentala",IND,2705,fide_xml
2022,12,39,"Robson, Ray",USA,2702,fide_xml
2022,12,40,"Artemiev, Vladislav",RUS,2701,fide_xml
2022,12,41,"Deac, Bogdan-Daniel",ROU,2700,fide_xml
2022,12,42,"Sargissian, Gabriel",ARM,2699,fide_xml
2022,12,43,"Bu, Xiangzhi",CHN,2698,fide_xml
2022,12,44,"Niemann, Hans Moke",USA,2698,fide_xml
2022,12,45,"Keymer, Vincent",GER,2696,fide_xml
2022,12,46,"Sadler, Matthew D",ENG,2694,fide_xml
2022,12,47,"Tomashevsky, Evgeny",RUS,2694,fide_xml
2022,12,48,"Xiong, Jeffery",USA,2692,fide_xml
2022,12,49,"Van Foreest, Jorden",NED,2690,fide_xml
2022,12,50,"Adams, Michael",ENG,2688,fide_xml
2022,12,51,"Cheparinov, Ivan",BUL,2688,fide_xml
2022,12,52,"Fedoseev, Vladimir",FID,2688,fide_xml
2022,12,53,"Sevian, Samuel",USA,2687,fide_xml
2022,12,54,"Wojtaszek, Radoslaw",POL,2686,fide_xml
2022,12,55,"Rausis, Igors",FID,2685,fide_xml
2022,12,56,"Moussard, Jules",FRA,2684,fide_xml
2022,12,57,"Navara, David",CZE,2684,fide_xml
2022,12,58,Praggnanandhaa R,IND,2684,fide_xml
2022,12,59,"Predke, Alexandr",FID,2684,fide_xml
2022,12,60,"Svidler, Peter",FID,2683,fide_xml
2022,12,61,"Amin, Bassem",EGY,2682,fide_xml
2022,12,62,"Jakovenko, Dmitry",RUS,2682,fide_xml
2022,12,63,"Martirosyan, Haik M.",ARM,2682,fide_xml
2022,12,64,"Esipenko, Andrey",FID,2678,fide_xml
2022,12,65,"Kasimdzhanov, Rustam",UZB,2678,fide_xml
2022,12,66,"Almasi, Zoltan",HUN,2677,fide_xml
2022,12,67,"Salem, A.R. Saleh",UAE,2677,fide_xml
2022,12,68,"Anton Guijarro, David",ESP,2675,fide_xml
2022,12,69,"Oparin, Grigoriy",USA,2675,fide_xml
2022,12,70,"Polgar, Judit",HUN,2675,fide_xml
2022,12,71,"Gyimesi, Zoltan",HUN,2674,fide_xml
2022,12,72,"Kovalenko, Igor",UKR,2674,fide_xml
2022,12,73,"Ivanchuk, Vasyl",UKR,2673,fide_xml
2022,12,74,"Alekseenko, Kirill",FID,2672,fide_xml
2022,12,75,"Li, Chao b",CHN,2672,fide_xml
2022,12,76,Nihal Sarin,IND,2670,fide_xml
2022,12,77,Narayanan.S.L,IND,2669,fide_xml
2022,12,78,"Wang, Yue",CHN,2669,fide_xml
2022,12,79,"Santos Latasa, Jaime",ESP,2668,fide_xml
2022,12,80,"Sarana, Alexey",FID,2668,fide_xml
2022,12,81,"Gelfand, Boris",ISR,2667,fide_xml
2022,12,82,"Ni, Hua",CHN,2667,fide_xml
2022,12,83,"Shirov, Alexei",ESP,2666,fide_xml
2022,12,84,"Kamsky, Gata",USA,2664,fide_xml
2022,12,85,"Leko, Peter",HUN,2663,fide_xml
2022,12,86,"Volokitin, Andrei",UKR,2663,fide_xml
2022,12,87,"Howell, David W L",ENG,2662,fide_xml
2022,12,88,"Korobov, Anton",UKR,2662,fide_xml
2022,12,89,"Matlakov, Maxim",RUS,2662,fide_xml
2022,12,90,"Najer, Evgeniy",RUS,2662,fide_xml
2022,12,91,"Guseinov, Gadir",AZE,2661,fide_xml
2022,12,92,"Inarkiev, Ernesto",FID,2661,fide_xml
2022,12,93,"Shevchenko, Kirill",UKR,2661,fide_xml
2022,12,94,"Grandelius, Nils",SWE,2660,fide_xml
2022,12,95,"Tabatabaei, M. Amin",IRI,2660,fide_xml
2022,12,96,"Tkachiev, Vladislav",FRA,2660,fide_xml
2022,12,97,"Ma, Qun",CHN,2659,fide_xml
2022,12,98,"Morozevich, Alexander",RUS,2659,fide_xml
2022,12,99,"Naiditsch, Arkadij",AZE,2659,fide_xml
2022,12,100,"Tari, Aryan",NOR,2659,fide_xml
2023,12,1,"Carlsen, Magnus",NOR,2830,fide_xml
2023,12,2,"Kasparov, Garry",RUS,2812,fide_xml
2023,12,3,"Caruana, Fabiano",USA,2794,fide_xml
2023,12,4,"Nakamura, Hikaru",USA,2788,fide_xml
2023,12,5,"Ding, Liren",CHN,2780,fide_xml
2023,12,6,"Nepomniachtchi, Ian",RUS,2771,fide_xml
2023,12,7,"Firouzja, Alireza",FRA,2763,fide_xml
2023,12,8,"Giri, Anish",NED,2754,fide_xml
2023,12,9,"Kramnik, Vladimir",RUS,2753,fide_xml
2023,12,10,"So, Wesley",USA,2752,fide_xml
2023,12,11,"Karjakin, Sergey",RUS,2750,fide_xml
2023,12,12,"Anand, Viswanathan",IND,2748,fide_xml
2023,12,13,"Dominguez Perez, Leinier",USA,2745,fide_xml
2023,12,14,"Maghsoodloo, Parham",IRI,2742,fide_xml
2023,12,15,Praggnanandhaa R,IND,2740,fide_xml
2023,12,16,"Keymer, Vincent",GER,2738,fide_xml
2023,12,17,"Vidit, Santosh Gujrathi",IND,2737,fide_xml
2023,12,18,"Duda, Jan-Krzysztof",POL,2732,fide_xml
2023,12,19,"Grischuk, Alexander",RUS,2732,fide_xml
2023,12,20,"Le, Quang Liem",VIE,2731,fide_xml
2023,12,21,"Rapport, Richard",ROU,2731,fide_xml
2023,12,22,"Vachier-Lagrave, Maxime",FRA,2731,fide_xml
2023,12,23,"Andreikin, Dmitry",FID,2729,fide_xml
2023,12,24,"Wei, Yi",CHN,2729,fide_xml
2023,12,25,"Abdusattorov, Nodirbek",UZB,2727,fide_xml
2023,12,26,Erigaisi Arjun,IND,2727,fide_xml
2023,12,27,"Topalov, Veselin",BUL,2727,fide_xml
2023,12,28,"Aronian, Levon",USA,2723,fide_xml
2023,12,29,"Mamedyarov, Shakhriyar",AZE,2723,fide_xml
2023,12,30,"Radjabov, Teimour",AZE,2723,fide_xml
2023,12,31,Gukesh D,IND,2720,fide_xml
2023,12,32,"Yu, Yangyi",CHN,2714,fide_xml
2023,12,33,"Artemiev, Vladislav",RUS,2711,fide_xml
2023,12,34,"Dubov, Daniil",RUS,2710,fide_xml
2023,12,35,"Vitiugov, Nikita",ENG,2704,fide_xml
2023,12,36,"Sjugirov, Sanan",HUN,2703,fide_xml
2023,12,37,"Esipenko, Andrey",FID,2702,fide_xml
2023,12,38,"Sindarov, Javokhir",UZB,2701,fide_xml
2023,12,39,"Sevian, Samuel",USA,2697,fide_xml
2023,12,40,"Harikrishna, Pentala",IND,2696,fide_xml
2023,12,41,"Robson, Ray",USA,2696,fide_xml
2023,12,42,"Sadler, Matthew D",ENG,2694,fide_xml
2023,12,43,"Wang, Hao",CHN,2694,fide_xml
2023,12,44,"Tabatabaei, M. Amin",IRI,2692,fide_xml
2023,12,45,"Eljanov, Pavel",UKR,2691,fide_xml
2023,12,46,"Deac, Bogdan-Daniel",ROU,2690,fide_xml
2023,12,47,"Predke, Alexandr",SRB,2689,fide_xml
2023,12,48,"Svidler, Peter",FID,2689,fide_xml
2023,12,49,Nihal Sarin,IND,2688,fide_xml
2023,12,50,"Sarana, Alexey",SRB,2688,fide_xml
2023,12,51,"Rausis, Igors",FID,2685,fide_xml
2023,12,52,"Saric, Ivan",CRO,2685,fide_xml
2023,12,53,"Kasimdzhanov, Rustam",UZB,2684,fide_xml
2023,12,54,"Bacrot, Etienne",FRA,2683,fide_xml
2023,12,55,"Fedoseev, Vladimir",SLO,2683,fide_xml
2023,12,56,"Jakovenko, Dmitry",RUS,2682,fide_xml
2023,12,57,"Tomashevsky, Evgeny",RUS,2681,fide_xml
2023,12,58,"Navara, David",CZE,2679,fide_xml
2023,12,59,"Van Foreest, Jorden",NED,2679,fide_xml
2023,12,60,"Martirosyan, Haik M.",ARM,2678,fide_xml
2023,12,61,"Almasi, Zoltan",HUN,2677,fide_xml
2023,12,62,"Bu, Xiangzhi",CHN,2677,fide_xml
2023,12,63,Narayanan S L,IND,2677,fide_xml
2023,12,64,"Howell, David W L",ENG,2675,fide_xml
2023,12,65,"Polgar, Judit",HUN,2675,fide_xml
2023,12,66,"Gyimesi, Zoltan",HUN,2674,fide_xml
2023,12,67,"Kovalenko, Igor",UKR,2674,fide_xml
2023,12,68,"Shankland, Sam",USA,2674,fide_xml
2023,12,69,"Grandelius, Nils",SWE,2673,fide_xml
2023,12,70,"Wojtaszek, Radoslaw",POL,2673,fide_xml
2023,12,71,"Korobov, Anton",UKR,2672,fide_xml
2023,12,72,"Sargissian, Gabriel",ARM,2672,fide_xml
2023,12,73,"Alekseenko, Kirill",AUT,2670,fide_xml
2023,12,74,"Anton Guijarro, David",ESP,2670,fide_xml
2023,12,75,"Bluebaum, Matthias",GER,2670,fide_xml
2023,12,76,"Matlakov, Maxim",RUS,2670,fide_xml
2023,12,77,"Shirov, Alexei",ESP,2668,fide_xml
2023,12,78,"Niemann, Hans Moke",USA,2667,fide_xml
2023,12,79,"Oparin, Grigoriy",USA,2667,fide_xml
2023,12,80,"Vallejo Pons, Francisco",ESP,2667,fide_xml
2023,12,81,"Leko, Peter",HUN,2666,fide_xml
2023,12,82,"Yilmaz, Mustafa",TUR,2665,fide_xml
2023,12,83,"Amin, Bassem",EGY,2663,fide_xml
2023,12,84,"Cheparinov, Ivan",BUL,2663,fide_xml
2023,12,85,"Najer, Evgeniy",FID,2663,fide_xml
2023,12,86,"Adams, Michael",ENG,2661,fide_xml
2023,12,87,"Yakubboev, Nodirbek",UZB,2661,fide_xml
2023,12,88,"Gelfand, Boris",ISR,2660,fide_xml
2023,12,89,"Tkachiev, Vladislav",FRA,2660,fide_xml
2023,12,90,"Bartel, Mateusz",POL,2659,fide_xml
2023,12,91,"Morozevich, Alexander",RUS,2659,fide_xml
2023,12,92,"Volokitin, Andrei",UKR,2659,fide_xml
2023,12,93,"Wang, Yue",CHN,2659,fide_xml
2023,12,94,"Xiong, Jeffery",USA,2659,fide_xml
2023,12,95,"Inarkiev, Ernesto",FID,2658,fide_xml
2023,12,96,"Lautier, Joel",FRA,2658,fide_xml
2023,12,97,"Van Kampen, Robin",NED,2658,fide_xml
2023,12,98,"Sadhwani, Raunak",IND,2654,fide_xml
2023,12,99,"Ma, Qun",CHN,2653,fide_xml
2023,12,100,"Naiditsch, Arkadij",AZE,2653,fide_xml
2024,12,1,"Carlsen, Magnus",NOR,2831,fide_xml
2024,12,2,"Kasparov, Garry",RUS,2812,fide_xml
2024,12,3,"Caruana, Fabiano",USA,2805,fide_xml
2024,12,4,"Nakamura, Hikaru",USA,2802,fide_xml
2024,12,5,Erigaisi Arjun,IND,2801,fide_xml
2024,12,6,Gukesh D,IND,2783,fide_xml
2024,12,7,"Abdusattorov, Nodirbek",UZB,2777,fide_xml
2024,12,8,"Firouzja, Alireza",FRA,2763,fide_xml
2024,12,9,"Nepomniachtchi, Ian",RUS,2755,fide_xml
2024,12,10,"Kramnik, Vladimir",RUS,2753,fide_xml
2024,12,11,"Wei, Yi",CHN,2753,fide_xml
2024,12,12,"Anand, Viswanathan",IND,2750,fide_xml
2024,12,13,"Karjakin, Sergey",RUS,2750,fide_xml
2024,12,14,"Aronian, Levon",USA,2747,fide_xml
2024,12,15,"So, Wesley",USA,2747,fide_xml
2024,12,16,"Dominguez Perez, Leinier",USA,2741,fide_xml
2024,12,17,"Duda, Jan-Krzysztof",POL,2740,fide_xml
2024,12,18,"Le, Quang Liem",VIE,2739,fide_xml
2024,12,19,"Mamedyarov, Shakhriyar",AZE,2738,fide_xml
2024,12,20,Praggnanandhaa R,IND,2737,fide_xml
2024,12,21,"Niemann, Hans Moke",USA,2734,fide_xml
2024,12,22,"Giri, Anish",NED,2733,fide_xml
2024,12,23,"Keymer, Vincent",GER,2733,fide_xml
2024,12,24,"Vachier-Lagrave, Maxime",FRA,2731,fide_xml
2024,12,25,"Ding, Liren",CHN,2728,fide_xml
2024,12,26,"Vidit, Santosh Gujrathi",IND,2727,fide_xml
2024,12,27,"Yu, Yangyi",CHN,2724,fide_xml
2024,12,28,"Rapport, Richard",HUN,2721,fide_xml
2024,12,29,"Aravindh, Chithambaram VR.",IND,2718,fide_xml
2024,12,30,"Topalov, Veselin",BUL,2717,fide_xml
2024,12,31,"Fedoseev, Vladimir",SLO,2709,fide_xml
2024,12,32,"Maghsoodloo, Parham",IRI,2703,fide_xml
2024,12,33,"Wang, Hao",CHN,2703,fide_xml
2024,12,34,"Artemiev, Vladislav",RUS,2701,fide_xml
2024,12,35,"Robson, Ray",USA,2700,fide_xml
2024,12,36,"Radjabov, Teimour",AZE,2698,fide_xml
2024,12,37,"Svidler, Peter",FID,2698,fide_xml
2024,12,38,"Deac, Bogdan-Daniel",ROU,2696,fide_xml
2024,12,39,"Sevian, Samuel",USA,2696,fide_xml
2024,12,40,"Andreikin, Dmitry",FID,2695,fide_xml
2024,12,41,"Harikrishna, Pentala",IND,2695,fide_xml
2024,12,42,"Tabatabaei, M. Amin",IRI,2695,fide_xml
2024,12,43,"Sadler, Matthew D",ENG,2694,fide_xml
2024,12,44,"Dubov, Daniil",RUS,2693,fide_xml
2024,12,45,"Grischuk, Alexander",RUS,2689,fide_xml
2024,12,46,"Liang, Awonder",USA,2687,fide_xml
2024,12,47,"Kasimdzhanov, Rustam",UZB,2685,fide_xml
2024,12,48,"Bu, Xiangzhi",CHN,2684,fide_xml
2024,12,49,"Esipenko, Andrey",FID,2682,fide_xml
2024,12,50,"Jakovenko, Dmitry",RUS,2682,fide_xml
2024,12,51,"Sindarov, Javokhir",UZB,2682,fide_xml
2024,12,52,"Tomashevsky, Evgeny",RUS,2681,fide_xml
2024,12,53,"Vokhidov, Shamsiddin",UZB,2681,fide_xml
2024,12,54,"Almasi, Zoltan",HUN,2677,fide_xml
2024,12,55,"Van Foreest, Jorden",NED,2677,fide_xml
2024,12,56,Nihal Sarin,IND,2676,fide_xml
2024,12,57,"Polgar, Judit",HUN,2675,fide_xml
2024,12,58,"Gyimesi, Zoltan",HUN,2674,fide_xml
2024,12,59,"Kovalenko, Igor",UKR,2674,fide_xml
2024,12,60,"Sarana, Alexey",SRB,2674,fide_xml
2024,12,61,"Alekseenko, Kirill",AUT,2673,fide_xml
2024,12,62,"Anton Guijarro, David",ESP,2673,fide_xml
2024,12,63,"Howell, David W L",ENG,2673,fide_xml
2024,12,64,"Nguyen, Thai Dai Van",CZE,2673,fide_xml
2024,12,65,"Sadhwani, Raunak",IND,2673,fide_xml
2024,12,66,"Shankland, Sam",USA,2672,fide_xml
2024,12,67,"Saric, Ivan",CRO,2669,fide_xml
2024,12,68,"Svane, Frederik",GER,2668,fide_xml
2024,12,69,"Vitiugov, Nikita",ENG,2668,fide_xml
2024,12,70,"Yakubboev, Nodirbek",UZB,2668,fide_xml
2024,12,71,"Eljanov, Pavel",UKR,2667,fide_xml
2024,12,72,"Leko, Peter",HUN,2666,fide_xml
2024,12,73,"Navara, David",CZE,2665,fide_xml
2024,12,74,"Murzin, Volodar",FID,2664,fide_xml
2024,12,75,"Adams, Michael",ENG,2662,fide_xml
2024,12,76,"Christiansen, Johan-Sebastian",NOR,2661,fide_xml
2024,12,77,"Tkachiev, Vladislav",FRA,2660,fide_xml
2024,12,78,"Lautier, Joel",FRA,2658,fide_xml
2024,12,79,"Van Kampen, Robin",NED,2658,fide_xml
2024,12,80,"Wojtaszek, Radoslaw",POL,2658,fide_xml
2024,12,81,"Gelfand, Boris",ISR,2657,fide_xml
2024,12,82,"Mamedov, Rauf",AZE,2656,fide_xml
2024,12,83,"Martirosyan, Haik M.",ARM,2656,fide_xml
2024,12,84,"Morozevich, Alexander",RUS,2655,fide_xml
2024,12,85,"Gledura, Benjamin",HUN,2653,fide_xml
2024,12,86,"Oparin, Grigoriy",USA,2653,fide_xml
2024,12,87,"Shevchenko, Kirill",ROU,2653,fide_xml
2024,12,88,"Amin, Bassem",EGY,2652,fide_xml
2024,12,89,"Bluebaum, Matthias",GER,2650,fide_xml
2024,12,90,"Inarkiev, Ernesto",RUS,2650,fide_xml
2024,12,91,"Ni, Hua",CHN,2649,fide_xml
2024,12,92,"Volokitin, Andrei",UKR,2649,fide_xml
2024,12,93,"Indjic, Aleksandar",SRB,2647,fide_xml
2024,12,94,Narayanan S L,IND,2647,fide_xml
2024,12,95,"Shirov, Alexei",ESP,2647,fide_xml
2024,12,96,"Cheparinov, Ivan",BUL,2646,fide_xml
2024,12,97,"Nguyen, Ngoc Truong Son",VIE,2646,fide_xml
2024,12,98,"Puranik, Abhimanyu",IND,2646,fide_xml
2024,12,99,"Sargsyan, Shant",ARM,2646,fide_xml
2024,12,100,"Sjugirov, Sanan",HUN,2646,fide_xml
2025,12,1,"Carlsen, Magnus",NOR,2840,fide_xml
2025,12,2,"Kasparov, Garry",RUS,2812,fide_xml
2025,12,3,"Nakamura, Hikaru",USA,2810,fide_xml
2025,12,4,"Caruana, Fabiano",USA,2795,fide_xml
2025,12,5,"Keymer, Vincent",GER,2776,fide_xml
2025,12,6,Erigaisi Arjun,IND,2775,fide_xml
2025,12,7,"Firouzja, Alireza",FRA,2762,fide_xml
2025,12,8,Praggnanandhaa R,IND,2761,fide_xml
2025,12,9,"Giri, Anish",NED,2760,fide_xml
2025,12,10,Gukesh D,IND,2754,fide_xml
2025,12,11,"Wei, Yi",CHN,2754,fide_xml
2025,12,12,"Kramnik, Vladimir",RUS,2753,fide_xml
2025,12,13,"So, Wesley",USA,2753,fide_xml
2025,12,14,"Karjakin, Sergey",RUS,2750,fide_xml
2025,12,15,"Anand, Viswanathan",IND,2743,fide_xml
2025,12,16,"Rapport, Richard",HUN,2741,fide_xml
2025,12,17,"Dominguez Perez, Leinier",USA,2738,fide_xml
2025,12,18,"Ding, Liren",CHN,2734,fide_xml
2025,12,19,"Vachier-Lagrave, Maxime",FRA,2734,fide_xml
2025,12,20,"Abdusattorov, Nodirbek",UZB,2732,fide_xml
2025,12,21,"Le, Quang Liem",VIE,2731,fide_xml
2025,12,22,"Mamedyarov, Shakhriyar",AZE,2730,fide_xml
2025,12,23,"Aronian, Levon",USA,2729,fide_xml
2025,12,24,"Duda, Jan-Krzysztof",POL,2729,fide_xml
2025,12,25,"Sindarov, Javokhir",UZB,2726,fide_xml
2025,12,26,"Niemann, Hans Moke",USA,2725,fide_xml
2025,12,27,"Nepomniachtchi, Ian",RUS,2723,fide_xml
2025,12,28,"Topalov, Veselin",BUL,2717,fide_xml
2025,12,29,"Yu, Yangyi",CHN,2717,fide_xml
2025,12,30,"Andreikin, Dmitry",FID,2710,fide_xml
2025,12,31,"Liang, Awonder",USA,2708,fide_xml
2025,12,32,"Maghsoodloo, Parham",IRI,2708,fide_xml
2025,12,33,"Vidit, Santosh Gujrathi",IND,2708,fide_xml
2025,12,34,"Fedoseev, Vladimir",SLO,2705,fide_xml
2025,12,35,"Aravindh, Chithambaram VR.",IND,2703,fide_xml
2025,12,36,Nihal Sarin,IND,2701,fide_xml
2025,12,37,"Tabatabaei, M. Amin",IRI,2700,fide_xml
2025,12,38,"Esipenko, Andrey",RUS,2698,fide_xml
2025,12,39,"Sadler, Matthew D",ENG,2694,fide_xml
2025,12,40,"Harikrishna, Pentala",IND,2693,fide_xml
2025,12,41,"Radjabov, Teimour",AZE,2692,fide_xml
2025,12,42,"Van Foreest, Jorden",NED,2692,fide_xml
2025,12,43,"Yakubboev, Nodirbek",UZB,2691,fide_xml
2025,12,44,"Sevian, Samuel",USA,2688,fide_xml
2025,12,45,"Wang, Hao",CHN,2687,fide_xml
2025,12,46,"Jakovenko, Dmitry",RUS,2682,fide_xml
2025,12,47,"Kovalenko, Igor",UKR,2682,fide_xml
2025,12,48,"Svidler, Peter",FID,2682,fide_xml
2025,12,49,"Tomashevsky, Evgeny",RUS,2681,fide_xml
2025,12,50,"Bluebaum, Matthias",GER,2679,fide_xml
2025,12,51,"Almasi, Zoltan",HUN,2677,fide_xml
2025,12,52,"Leko, Peter",HUN,2676,fide_xml
2025,12,53,"Polgar, Judit",HUN,2675,fide_xml
2025,12,54,"Gyimesi, Zoltan",HUN,2674,fide_xml
2025,12,55,"Sarana, Alexey",SRB,2673,fide_xml
2025,12,56,"Dubov, Daniil",RUS,2672,fide_xml
2025,12,57,"Kasimdzhanov, Rustam",UZB,2671,fide_xml
2025,12,58,"Howell, David W L",ENG,2668,fide_xml
2025,12,59,"Martinez Alcantara, Jose Eduardo",MEX,2667,fide_xml
2025,12,60,"Wojtaszek, Radoslaw",POL,2667,fide_xml
2025,12,61,"Bu, Xiangzhi",CHN,2665,fide_xml
2025,12,62,"Sargsyan, Shant",ARM,2665,fide_xml
2025,12,63,"Saric, Ivan",CRO,2665,fide_xml
2025,12,64,"Grandelius, Nils",SWE,2664,fide_xml
2025,12,65,"Shankland, Sam",USA,2664,fide_xml
2025,12,66,"Donchenko, Alexander",GER,2661,fide_xml
2025,12,67,"Karthikeyan, Murali",IND,2660,fide_xml
2025,12,68,"Tkachiev, Vladislav",FRA,2660,fide_xml
2025,12,69,"Alekseenko, Kirill",AUT,2659,fide_xml
2025,12,70,"Erdogmus, Yagiz Kaan",TUR,2658,fide_xml
2025,12,71,"Lautier, Joel",FRA,2658,fide_xml
2025,12,72,"Oparin, Grigoriy",USA,2658,fide_xml
2025,12,73,"Van Kampen, Robin",NED,2658,fide_xml
2025,12,74,"Nguyen, Thai Dai Van",CZE,2657,fide_xml
2025,12,75,"Eljanov, Pavel",UKR,2656,fide_xml
2025,12,76,"Gledura, Benjamin",HUN,2656,fide_xml
2025,12,77,"Vitiugov, Nikita",ENG,2656,fide_xml
2025,12,78,"Christiansen, Johan-Sebastian",NOR,2655,fide_xml
2025,12,79,"Grischuk, Alexander",RUS,2654,fide_xml
2025,12,80,"Inarkiev, Ernesto",RUS,2653,fide_xml
2025,12,81,"Maroroa Jones, Gawain C B",ENG,2653,fide_xml
2025,12,82,"Shevchenko, Kirill",ROU,2653,fide_xml
2025,12,83,"Svane, Frederik",GER,2653,fide_xml
2025,12,84,"Deac, Bogdan-Daniel",ROU,2652,fide_xml
2025,12,85,"Theodorou, Nikolas",GRE,2652,fide_xml
2025,12,86,"Xiong, Jeffery",USA,2652,fide_xml
2025,12,87,"Morozevich, Alexander",RUS,2650,fide_xml
2025,12,88,"Robson, Ray",USA,2650,fide_xml
2025,12,89,"Ni, Hua",CHN,2649,fide_xml
2025,12,90,"Murzin, Volodar",FID,2648,fide_xml
2025,12,91,"Anton Guijarro, David",ESP,2646,fide_xml
2025,12,92,"Gurel, Ediz",TUR,2645,fide_xml
2025,12,93,"Mamedov, Rauf",AZE,2645,fide_xml
2025,12,94,"Ipatov, Alexander",TUR,2644,fide_xml
2025,12,95,"Safarli, Eltaj",AZE,2644,fide_xml
2025,12,96,"Salov, Valery",RUS,2644,fide_xml
2025,12,97,"Vallejo Pons, Francisco",ESP,2644,fide_xml
2025,12,98,"Lu, Shanglei",CHN,2643,fide_xml
2025,12,99,"Navara, David",CZE,2642,fide_xml
2025,12,100,"Artemiev, Vladislav",RUS,2641,fide_xml
