match_id,year,prefix,championship_type,game_num,event,white,black,white_elo,black_elo,result,eco,opening_name,total_plies,white_acpl,black_acpl
FideChamp1993,1993,FideChamp,FIDE_split,11,FIDE-Wch,"Timman, Jan H","Karpov, Anatoly",2620,2760,1/2-1/2,E15,,21,3,0
FideChamp1993,1993,FideChamp,FIDE_split,8,FIDE-Wch,"Karpov, Anatoly","Timman, Jan H",2760,2620,1/2-1/2,D39,,55,2.21,1.65
FideChamp1993,1993,FideChamp,FIDE_split,4,FIDE-Wch,"Karpov, Anatoly","Timman, Jan H",2760,2620,1/2-1/2,D43,,40,9.44,5.25
FideChamp1993,1993,FideChamp,FIDE_split,7,FIDE-Wch,"Timman, Jan H","Karpov, Anatoly",2620,2760,1/2-1/2,B17,,41,3.18,1.31
FideChamp1993,1993,FideChamp,FIDE_split,13,FIDE-Wch,"Timman, Jan H","Karpov, Anatoly",2620,2760,1/2-1/2,A12,,53,4.7,4.32
FideChamp1993,1993,FideChamp,FIDE_split,3,FIDE-Wch,"Timman, Jan H","Karpov, Anatoly",2620,2760,1/2-1/2,B17,,97,9.11,6.95
FideChamp1993,1993,FideChamp,FIDE_split,5,FIDE-Wch,"Timman, Jan H","Karpov, Anatoly",2620,2760,1/2-1/2,A29,,109,9.8,7.8
FideChamp1993,1993,FideChamp,FIDE_split,6,FIDE-Wch,"Karpov, Anatoly","Timman, Jan H",2760,2620,1-0,D39,,65,8.59,71.25
FideChamp1993,1993,FideChamp,FIDE_split,12,FIDE-Wch,"Karpov, Anatoly","Timman, Jan H",2760,2620,1/2-1/2,D79,,102,20.09,20.36
FideChamp1993,1993,FideChamp,FIDE_split,9,FIDE-Wch,"Timman, Jan H","Karpov, Anatoly",2620,2760,1/2-1/2,A46,,93,16.98,17.26
FideChamp1993,1993,FideChamp,FIDE_split,10,FIDE-Wch,"Karpov, Anatoly","Timman, Jan H",2760,2620,1-0,D85,,105,6.92,17.35
FideChamp1993,1993,FideChamp,FIDE_split,18,FIDE-Wch,"Karpov, Anatoly","Timman, Jan H",2760,2620,1/2-1/2,E81,,76,8.74,5.91
FideChamp1993,1993,FideChamp,FIDE_split,2,FIDE-Wch,"Karpov, Anatoly","Timman, Jan H",2760,2620,0-1,E15,,92,12.64,6.05
FideChamp1993,1993,FideChamp,FIDE_split,15,FIDE-Wch,"Timman, Jan H","Karpov, Anatoly",2620,2760,0-1,E32,,68,18.63,10.03
FideChamp1993,1993,FideChamp,FIDE_split,19,FIDE-Wch,"Timman, Jan H","Karpov, Anatoly",2620,2760,1/2-1/2,E12,,85,2.67,2.95
FideChamp1993,1993,FideChamp,FIDE_split,14,FIDE-Wch,"Karpov, Anatoly","Timman, Jan H",2760,2620,1-0,D39,,105,13.71,21.5
FideChamp1993,1993,FideChamp,FIDE_split,21,FIDE-Wch,"Timman, Jan H","Karpov, Anatoly",2620,2760,1/2-1/2,E32,,37,15.67,9.43
FideChamp1993,1993,FideChamp,FIDE_split,17,FIDE-Wch,"Timman, Jan H","Karpov, Anatoly",2620,2760,1/2-1/2,B12,,66,8.31,13
FideChamp1993,1993,FideChamp,FIDE_split,1,FIDE-Wch,"Timman, Jan H","Karpov, Anatoly",2620,2760,0-1,B17,,112,12.62,8.83
FideChamp1996,1996,FideChamp,FIDE_split,5,FIDE-Wch,"Karpov, Anatoly","Kamsky, Gata",2770,2735,1/2-1/2,D97,,46,13.16,12.47
FideChamp1996,1996,FideChamp,FIDE_split,3,FIDE-Wch,"Karpov, Anatoly","Kamsky, Gata",2770,2735,1/2-1/2,E15,,98,3.71,3.56
FideChamp1996,1996,FideChamp,FIDE_split,6,FIDE-Wch,"Kamsky, Gata","Karpov, Anatoly",2735,2770,0-1,C43,,58,26.12,4.88
FideChamp1993,1993,FideChamp,FIDE_split,20,FIDE-Wch,"Karpov, Anatoly","Timman, Jan H",2760,2620,0-1,A33,,80,31.44,8.14
FideChamp1996,1996,FideChamp,FIDE_split,1,FIDE-Wch,"Karpov, Anatoly","Kamsky, Gata",2770,2735,1-0,D98,,112,9.23,11.73
FideChamp1996,1996,FideChamp,FIDE_split,4,FIDE-Wch,"Kamsky, Gata","Karpov, Anatoly",2735,2770,0-1,B14,,90,20.34,10.98
FideChamp1993,1993,FideChamp,FIDE_split,16,FIDE-Wch,"Karpov, Anatoly","Timman, Jan H",2760,2620,1-0,E81,,117,13.02,11.78
FideChamp1996,1996,FideChamp,FIDE_split,8,FIDE-Wch,"Kamsky, Gata","Karpov, Anatoly",2735,2770,1/2-1/2,B17,,123,4.53,5.07
FideChamp1996,1996,FideChamp,FIDE_split,9,FIDE-Wch,"Karpov, Anatoly","Kamsky, Gata",2770,2735,1-0,D97,,81,39.11,49.56
FideChamp1996,1996,FideChamp,FIDE_split,11,FIDE-Wch,"Karpov, Anatoly","Kamsky, Gata",2770,2735,1/2-1/2,D45,,132,4.08,4.68
FideChamp1996,1996,FideChamp,FIDE_split,12,FIDE-Wch,"Kamsky, Gata","Karpov, Anatoly",2735,2770,1/2-1/2,B17,,107,7.86,7.29
FideChamp1996,1996,FideChamp,FIDE_split,15,FIDE-Wch,"Karpov, Anatoly","Kamsky, Gata",2770,2735,1/2-1/2,A70,,84,7.84,6.92
FideChamp1996,1996,FideChamp,FIDE_split,2,FIDE-Wch,"Kamsky, Gata","Karpov, Anatoly",2735,2770,1-0,B14,,129,7.9,13.63
FideChamp1996,1996,FideChamp,FIDE_split,17,FIDE-Wch,"Karpov, Anatoly","Kamsky, Gata",2770,2735,1/2-1/2,A13,,119,5.36,3.78
FideChamp1998,1998,FideChamp,FIDE_split,1,FIDE-Wch k.o.,"Aleksandrov, Aleksej","Gulko, Boris F",2660,2580,1/2-1/2,E55,,56,15.08,14.71
FideChamp1996,1996,FideChamp,FIDE_split,18,FIDE-Wch,"Kamsky, Gata","Karpov, Anatoly",2735,2770,1/2-1/2,E15,,160,2.3,2.74
FideChamp1996,1996,FideChamp,FIDE_split,13,FIDE-Wch,"Karpov, Anatoly","Kamsky, Gata",2770,2735,1/2-1/2,E15,,179,4.69,3.73
FideChamp1996,1996,FideChamp,FIDE_split,16,FIDE-Wch,"Kamsky, Gata","Karpov, Anatoly",2735,2770,1-0,E15,,97,6.42,16.57
FideChamp1996,1996,FideChamp,FIDE_split,10,FIDE-Wch,"Kamsky, Gata","Karpov, Anatoly",2735,2770,1-0,E12,,117,16.96,19.83
FideChamp1998,1998,FideChamp,FIDE_split,7,FIDE-Wch k.o.,"Giorgadze, Giorgi","Bacrot, Etienne",2625,2545,1/2-1/2,E46,,43,13.11,8.41
FideChamp1998,1998,FideChamp,FIDE_split,5,FIDE-Wch k.o.,"Christiansen, Larry Mark","Andersson, Ulf",2550,2640,1/2-1/2,C02,,103,12.73,13.53
FideChamp1998,1998,FideChamp,FIDE_split,6,FIDE-Wch k.o.,"Barua, Dibyendu","Hracek, Zbynek",2515,2605,1/2-1/2,B70,,73,14.45,11.97
FideChamp1998,1998,FideChamp,FIDE_split,2,FIDE-Wch k.o.,"Alterman, Boris","Wells, Peter K",2615,2530,1-0,E48,,91,14.62,19.85
FideChamp1998,1998,FideChamp,FIDE_split,4,FIDE-Wch k.o.,"Chernin, Alexander","Istratescu, Andrei",2640,2550,1/2-1/2,E60,,85,13.46,10.42
FideChamp1998,1998,FideChamp,FIDE_split,8,FIDE-Wch k.o.,"Glek, Igor V","Nijboer, Friso",2505,2605,1-0,A08,,75,9.26,20.85
FideChamp1998,1998,FideChamp,FIDE_split,12,FIDE-Wch k.o.,"Gretarsson, Helgi Ass","Illescas Cordoba, Miguel",2475,2585,1/2-1/2,D93,,48,5.65,3.25
FideChamp1998,1998,FideChamp,FIDE_split,10,FIDE-Wch k.o.,"Hansen, Curt","Miladinovic, Igor",2600,2500,1-0,B48,,82,7.95,13.24
FideChamp1996,1996,FideChamp,FIDE_split,7,FIDE-Wch,"Karpov, Anatoly","Kamsky, Gata",2770,2735,1-0,E97,,141,32.43,26.61
FideChamp1998,1998,FideChamp,FIDE_split,11,FIDE-Wch k.o.,"Hjartarson, Johann","Sulskis, Sarunas",2605,2510,1/2-1/2,D36,,69,29.1,21.47
FideChamp1998,1998,FideChamp,FIDE_split,15,FIDE-Wch k.o.,"Hoeksema, Hendrik Pieter","Nenashev, Alexander",2400,2585,1/2-1/2,E08,,106,4.84,2.49
FideChamp1998,1998,FideChamp,FIDE_split,3,FIDE-Wch k.o.,"Adianto, Utut",Wang Zili,2610,2520,1-0,D00,,59,17.92,84.56
FideChamp1998,1998,FideChamp,FIDE_split,9,FIDE-Wch k.o.,"Fominyh, Alexander","Tkachiev, Vladislav",2535,2615,0-1,E63,,68,26.47,51.4
FideChamp1998,1998,FideChamp,FIDE_split,18,FIDE-Wch k.o.,"Luther, Thomas","Portisch, Lajos",2525,2610,1/2-1/2,C66,,63,5.39,3.22
FideChamp1998,1998,FideChamp,FIDE_split,16,FIDE-Wch k.o.,"Malaniuk, Vladimir P","Hamdouchi, Hichem",2615,2535,1-0,A03,,63,8.46,63.33
FideChamp1998,1998,FideChamp,FIDE_split,13,FIDE-Wch k.o.,"Kortschnoj, Viktor","Hernandez, Gilberto",2610,2525,1-0,A53,,73,3.61,13.56
FideChamp1996,1996,FideChamp,FIDE_split,14,FIDE-Wch,"Kamsky, Gata","Karpov, Anatoly",2735,2770,0-1,E48,,122,15.88,4.23
FideChamp1998,1998,FideChamp,FIDE_split,21,FIDE-Wch k.o.,Peng Xiaomin,"Almasi, Zoltan",2530,2615,1/2-1/2,C67,,66,7.34,6.45
FideChamp1998,1998,FideChamp,FIDE_split,22,FIDE-Wch k.o.,"Shaked, Tal","Morovic Fernandez, Ivan",2500,2600,1/2-1/2,C45,,102,10.32,10.23
FideChamp1998,1998,FideChamp,FIDE_split,14,FIDE-Wch k.o.,"Kotronias, Vasilios","Milov, Vadim",2585,2635,1/2-1/2,C92,,133,14.19,16.6
FideChamp1998,1998,FideChamp,FIDE_split,28,FIDE-Wch k.o.,"Van der Wiel, John TH","Ehlvest, Jaan",2525,2610,1/2-1/2,B42,,38,6.47,1.53
FideChamp1998,1998,FideChamp,FIDE_split,19,FIDE-Wch k.o.,"Petursson, Margeir","Oll, Lembit",2555,2645,0-1,E04,,78,46.66,6.46
FideChamp1998,1998,FideChamp,FIDE_split,20,FIDE-Wch k.o.,"Rublevsky, Sergei","Spraggett, Kevin",2650,2575,1-0,B18,,127,7.92,18.81
FideChamp1998,1998,FideChamp,FIDE_split,25,FIDE-Wch k.o.,"Sokolov, Andrei","Kobese, Watu",2585,2315,1-0,C82,,67,5.4,21.17
FideChamp1998,1998,FideChamp,FIDE_split,26,FIDE-Wch k.o.,"Sutovskij, Emil","Garcia, Gildardo",2590,2480,0-1,C91,,78,20.49,8.71
FideChamp1998,1998,FideChamp,FIDE_split,24,FIDE-Wch k.o.,"Seirawan, Yasser","Anastasian, Ashot",2630,2545,1/2-1/2,D10,,124,11.53,10.64
FideChamp1998,1998,FideChamp,FIDE_split,23,FIDE-Wch k.o.,"Slobodjan, Roman","Leko, Peter",2550,2635,1-0,B83,,113,16.32,22.42
FideChamp1998,1998,FideChamp,FIDE_split,35,FIDE-Wch k.o.,"Zvjaginsev, Vadim","Benjamin, Joel",2635,2580,1/2-1/2,D27,,57,7.16,5.5
FideChamp1998,1998,FideChamp,FIDE_split,32,FIDE-Wch k.o.,"Hansen, Curt","Miladinovic, Igor",2600,2500,0-1,D02,,72,56.34,10.62
FideChamp1998,1998,FideChamp,FIDE_split,27,FIDE-Wch k.o.,"Smyslov, Vassily","Morozevich, Alexander",2480,2590,0-1,D12,,126,17.97,15.97
FideChamp1998,1998,FideChamp,FIDE_split,31,FIDE-Wch k.o.,"Christiansen, Larry Mark","Andersson, Ulf",2550,2640,1/2-1/2,C11,,128,14.2,13.28
FideChamp1998,1998,FideChamp,FIDE_split,33,FIDE-Wch k.o.,"Barua, Dibyendu","Hracek, Zbynek",2515,2605,1/2-1/2,B85,,78,15.23,13.49
FideChamp1998,1998,FideChamp,FIDE_split,34,FIDE-Wch k.o.,"Aleksandrov, Aleksej","Gulko, Boris F",2660,2580,1/2-1/2,E55,,121,6.61,7.04
FideChamp1998,1998,FideChamp,FIDE_split,29,FIDE-Wch k.o.,"Umgaev, Alexander","Bologan, Viktor",,2585,0-1,E97,,90,19.46,13.17
FideChamp1998,1998,FideChamp,FIDE_split,42,FIDE-Wch k.o.,"Oll, Lembit","Petursson, Margeir",2645,2555,1/2-1/2,A54,,38,10.6,26.13
FideChamp1998,1998,FideChamp,FIDE_split,39,FIDE-Wch k.o.,"Tkachiev, Vladislav","Fominyh, Alexander",2615,2535,1/2-1/2,A30,,83,16,24.54
FideChamp1998,1998,FideChamp,FIDE_split,30,FIDE-Wch k.o.,"Chernin, Alexander","Istratescu, Andrei",2640,2550,1-0,A26,,127,12.02,19.56
FideChamp1998,1998,FideChamp,FIDE_split,38,FIDE-Wch k.o.,Wang Zili,"Adianto, Utut",2520,2610,0-1,B12,,72,39.12,8.97
FideChamp1998,1998,FideChamp,FIDE_split,45,FIDE-Wch k.o.,"Murshed, Niaz","Milos, Gilberto",2490,2590,0-1,D36,,42,14.65,5.18
FideChamp1998,1998,FideChamp,FIDE_split,40,FIDE-Wch k.o.,"Sulskis, Sarunas","Hjartarson, Johann",2510,2605,1/2-1/2,C95,,154,5.59,5.23
FideChamp1998,1998,FideChamp,FIDE_split,47,FIDE-Wch k.o.,"Van der Sterren, Paul","Krasenkow, Michal",2555,2645,1/2-1/2,A85,,77,6.23,5.88
FideChamp1998,1998,FideChamp,FIDE_split,41,FIDE-Wch k.o.,"Spraggett, Kevin","Rublevsky, Sergei",2575,2650,0-1,A29,,78,60.83,15.23
FideChamp1998,1998,FideChamp,FIDE_split,44,FIDE-Wch k.o.,"Nenashev, Alexander","Hoeksema, Hendrik Pieter",2585,2400,1-0,E20,,71,2.94,20.35
FideChamp1998,1998,FideChamp,FIDE_split,17,FIDE-Wch k.o.,"Milos, Gilberto","Murshed, Niaz",2590,2490,1-0,B47,,65,7.93,16.75
FideChamp1998,1998,FideChamp,FIDE_split,36,FIDE-Wch k.o.,"Wells, Peter K","Alterman, Boris",2530,2615,1/2-1/2,E20,,164,28.87,18.45
FideChamp1998,1998,FideChamp,FIDE_split,53,FIDE-Wch k.o.,"Istratescu, Andrei","Chernin, Alexander",2550,2640,1/2-1/2,C07,,20,1.67,2
FideChamp1998,1998,FideChamp,FIDE_split,55,FIDE-Wch k.o.,"Hracek, Zbynek","Barua, Dibyendu",2605,2515,1/2-1/2,C43,,46,4.63,2.74
FideChamp1998,1998,FideChamp,FIDE_split,52,FIDE-Wch k.o.,"Portisch, Lajos","Luther, Thomas",2610,2525,1/2-1/2,D45,,51,5.41,5.29
FideChamp1998,1998,FideChamp,FIDE_split,48,FIDE-Wch k.o.,"Milov, Vadim","Kotronias, Vasilios",2635,2585,1/2-1/2,E73,,98,14.4,15.42
FideChamp1998,1998,FideChamp,FIDE_split,58,FIDE-Wch k.o.,"Gulko, Boris F","Aleksandrov, Aleksej",2580,2660,1/2-1/2,E32,,53,12.22,11.36
FideChamp1998,1998,FideChamp,FIDE_split,46,FIDE-Wch k.o.,"Morozevich, Alexander","Smyslov, Vassily",2590,2480,1-0,B18,,63,11.61,21.48
FideChamp1998,1998,FideChamp,FIDE_split,56,FIDE-Wch k.o.,"Hernandez, Gilberto","Kortschnoj, Viktor",2525,2610,1/2-1/2,C11,,144,6.82,8.07
FideChamp1998,1998,FideChamp,FIDE_split,37,FIDE-Wch k.o.,"Bacrot, Etienne","Giorgadze, Giorgi",2545,2625,1/2-1/2,D38,,171,26,17.79
FideChamp1998,1998,FideChamp,FIDE_split,50,FIDE-Wch k.o.,"Lerner, Konstantin Z","Rozentalis, Eduardas",2560,2645,0-1,E20,,100,26.61,20.02
FideChamp1998,1998,FideChamp,FIDE_split,63,FIDE-Wch k.o.,"Bacrot, Etienne","Giorgadze, Giorgi",2545,2625,1/2-1/2,D55,,42,9.94,9.82
FideChamp1998,1998,FideChamp,FIDE_split,43,FIDE-Wch k.o.,"Nijboer, Friso","Glek, Igor V",2605,2505,1-0,B12,,113,25.53,65.96
FideChamp1998,1998,FideChamp,FIDE_split,51,FIDE-Wch k.o.,"Leko, Peter","Slobodjan, Roman",2635,2550,1/2-1/2,C89,,158,13.81,13.69
FideChamp1998,1998,FideChamp,FIDE_split,60,FIDE-Wch k.o.,"Garcia, Gildardo","Sutovskij, Emil",2480,2590,1/2-1/2,B40,,51,11.68,12.48
FideChamp1998,1998,FideChamp,FIDE_split,54,FIDE-Wch k.o.,"Illescas Cordoba, Miguel","Gretarsson, Helgi Ass",2585,2475,0-1,D17,,108,16.48,10.72
FideChamp1998,1998,FideChamp,FIDE_split,59,FIDE-Wch k.o.,"Granda Zuniga, Julio E","Kurajica, Bojan",2625,2545,1-0,E11,,57,12.92,27.71
FideChamp1998,1998,FideChamp,FIDE_split,57,FIDE-Wch k.o.,"Hamdouchi, Hichem","Malaniuk, Vladimir P",2535,2615,0-1,C76,,82,22.62,15.35
FideChamp1998,1998,FideChamp,FIDE_split,64,FIDE-Wch k.o.,"Andersson, Ulf","Christiansen, Larry Mark",2640,2550,1/2-1/2,D73,,47,9.6,11
FideChamp1998,1998,FideChamp,FIDE_split,65,FIDE-Wch k.o.,"Anastasian, Ashot","Seirawan, Yasser",2545,2630,1/2-1/2,A11,,94,4.58,5.81
FideChamp1998,1998,FideChamp,FIDE_split,61,FIDE-Wch k.o.,"Ehlvest, Jaan","Van der Wiel, John TH",2610,2525,1-0,B32,,95,6.23,13.26
FideChamp1998,1998,FideChamp,FIDE_split,62,FIDE-Wch k.o.,"Bologan, Viktor","Umgaev, Alexander",2585,,1-0,B12,,79,33.92,51.94
FideChamp1998,1998,FideChamp,FIDE_split,68,FIDE-Wch k.o.,"Luther, Thomas","Portisch, Lajos",2525,2610,1/2-1/2,C65,,103,11.75,13.11
FideChamp1998,1998,FideChamp,FIDE_split,72,FIDE-Wch k.o.,"Zvjaginsev, Vadim","Benjamin, Joel",2635,2580,1/2-1/2,A17,,105,9.18,8.42
FideChamp1998,1998,FideChamp,FIDE_split,66,FIDE-Wch k.o.,"Almasi, Zoltan",Peng Xiaomin,2615,2530,1-0,C88,,103,7.06,15.91
FideChamp1998,1998,FideChamp,FIDE_split,67,FIDE-Wch k.o.,"Kurajica, Bojan","Granda Zuniga, Julio E",2545,2625,0-1,D12,,130,17.56,13.08
FideChamp1998,1998,FideChamp,FIDE_split,69,FIDE-Wch k.o.,"Shaked, Tal","Morovic Fernandez, Ivan",2500,2600,1/2-1/2,C45,,105,13.84,10.88
FideChamp1998,1998,FideChamp,FIDE_split,49,FIDE-Wch k.o.,"Miladinovic, Igor","Hansen, Curt",2500,2600,1-0,A45,,103,18.29,22.47
FideChamp1998,1998,FideChamp,FIDE_split,70,FIDE-Wch k.o.,"Nijboer, Friso","Glek, Igor V",2605,2505,1/2-1/2,B43,,117,13.04,7.74
FideChamp1998,1998,FideChamp,FIDE_split,77,FIDE-Wch k.o.,"Andersson, Ulf","Christiansen, Larry Mark",2640,2550,1/2-1/2,A41,,126,3.66,2.59
FideChamp1998,1998,FideChamp,FIDE_split,80,FIDE-Wch k.o.,"Gulko, Boris F","Aleksandrov, Aleksej",2580,2660,1/2-1/2,A05,,71,10.81,9.61
FideChamp1998,1998,FideChamp,FIDE_split,78,FIDE-Wch k.o.,"Hjartarson, Johann","Sulskis, Sarunas",2605,2510,1-0,A29,,72,7.94,33.19
FideChamp1998,1998,FideChamp,FIDE_split,82,FIDE-Wch k.o.,"Hracek, Zbynek","Barua, Dibyendu",2605,2515,1/2-1/2,C43,,82,4.35,5.08
FideChamp1998,1998,FideChamp,FIDE_split,79,FIDE-Wch k.o.,"Glek, Igor V","Nijboer, Friso",2505,2605,0-1,A08,,108,50.04,12.26
FideChamp1998,1998,FideChamp,FIDE_split,74,FIDE-Wch k.o.,"Yermolinsky, Alex","Kindermann, Stefan",2650,2570,1-0,E99,,99,33.78,30.24
FideChamp1998,1998,FideChamp,FIDE_split,76,FIDE-Wch k.o.,"Anastasian, Ashot","Seirawan, Yasser",2545,2630,0-1,A07,,86,21.87,11.18
FideChamp1998,1998,FideChamp,FIDE_split,75,FIDE-Wch k.o.,"Giorgadze, Giorgi","Bacrot, Etienne",2625,2545,1/2-1/2,A08,,136,18.62,15.3
FideChamp1998,1998,FideChamp,FIDE_split,73,FIDE-Wch k.o.,"Sulskis, Sarunas","Hjartarson, Johann",2510,2605,1/2-1/2,C16,,140,28.3,18.05
FideChamp1998,1998,FideChamp,FIDE_split,84,FIDE-Wch k.o.,"Morovic Fernandez, Ivan","Shaked, Tal",2600,2500,1/2-1/2,C19,,81,12.16,13.17
FideChamp1998,1998,FideChamp,FIDE_split,71,FIDE-Wch k.o.,"Seirawan, Yasser","Anastasian, Ashot",2630,2545,1-0,A36,,99,11.3,19.8
FideChamp1998,1998,FideChamp,FIDE_split,86,FIDE-Wch k.o.,"Miladinovic, Igor","Hansen, Curt",2500,2600,1/2-1/2,E94,,125,49.19,60.34
FideChamp1998,1998,FideChamp,FIDE_split,83,FIDE-Wch k.o.,"Istratescu, Andrei","Chernin, Alexander",2550,2640,1-0,A42,,106,9.55,39.71
FideChamp1998,1998,FideChamp,FIDE_split,85,FIDE-Wch k.o.,"Kotronias, Vasilios","Milov, Vadim",2585,2635,0-1,B42,,147,20.24,17.83
FideChamp1998,1998,FideChamp,FIDE_split,87,FIDE-Wch k.o.,"Christiansen, Larry Mark","Andersson, Ulf",2550,2640,1/2-1/2,C11,,122,9.75,10.19
FideChamp1998,1998,FideChamp,FIDE_split,93,FIDE-Wch k.o.,"Morovic Fernandez, Ivan","Shaked, Tal",2600,2500,1/2-1/2,C19,,64,4.61,2.64
FideChamp1998,1998,FideChamp,FIDE_split,88,FIDE-Wch k.o.,"Portisch, Lajos","Luther, Thomas",2610,2525,1/2-1/2,D21,,144,10.75,11.4
FideChamp1998,1998,FideChamp,FIDE_split,95,FIDE-Wch k.o.,"Kobese, Watu","Sokolov, Andrei",2315,2585,1/2-1/2,B80,,81,7.84,6.75
FideChamp1998,1998,FideChamp,FIDE_split,98,FIDE-Wch k.o.,"Andersson, Ulf","Christiansen, Larry Mark",2640,2550,1/2-1/2,D77,,46,7.05,6.84
FideChamp1998,1998,FideChamp,FIDE_split,89,FIDE-Wch k.o.,"Bacrot, Etienne","Giorgadze, Giorgi",2545,2625,1/2-1/2,D38,,119,27.89,28.44
FideChamp1998,1998,FideChamp,FIDE_split,92,FIDE-Wch k.o.,"Hracek, Zbynek","Barua, Dibyendu",2605,2515,1-0,C43,,59,6.46,23.48
FideChamp1998,1998,FideChamp,FIDE_split,81,FIDE-Wch k.o.,"Kindermann, Stefan","Yermolinsky, Alex",2570,2650,1-0,C02,,127,62.87,54.19
FideChamp1998,1998,FideChamp,FIDE_split,91,FIDE-Wch k.o.,"Gulko, Boris F","Aleksandrov, Aleksej",2580,2660,0-1,A13,,90,30.41,14.95
FideChamp1998,1998,FideChamp,FIDE_split,103,FIDE-Wch k.o.,"Andersson, Ulf","Christiansen, Larry Mark",2640,2550,1/2-1/2,A31,,109,4.37,2.68
FideChamp1998,1998,FideChamp,FIDE_split,99,FIDE-Wch k.o.,"Giorgadze, Giorgi","Bacrot, Etienne",2625,2545,1/2-1/2,E46,,82,23.35,21.41
FideChamp1998,1998,FideChamp,FIDE_split,96,FIDE-Wch k.o.,"Shaked, Tal","Morovic Fernandez, Ivan",2500,2600,1-0,C26,,97,12.27,19.5
FideChamp1998,1998,FideChamp,FIDE_split,94,FIDE-Wch k.o.,"Milov, Vadim","Kotronias, Vasilios",2635,2585,1/2-1/2,E73,,187,18.01,17.4
FideChamp1998,1998,FideChamp,FIDE_split,90,FIDE-Wch k.o.,"Istratescu, Andrei","Chernin, Alexander",2550,2640,1-0,C00,,117,20.33,27.09
FideChamp1998,1998,FideChamp,FIDE_split,108,FIDE-Wch k.o.,"Luther, Thomas","Akopian, Vladimir",2525,2660,1/2-1/2,B97,,40,3,0.5
FideChamp1998,1998,FideChamp,FIDE_split,106,FIDE-Wch k.o.,"Andersson, Ulf","Milov, Vadim",2640,2635,1-0,E02,,63,6.11,19.3
FideChamp1998,1998,FideChamp,FIDE_split,97,FIDE-Wch k.o.,"Yermolinsky, Alex","Kindermann, Stefan",2650,2570,0-1,A80,,80,20.47,14
FideChamp1998,1998,FideChamp,FIDE_split,111,FIDE-Wch k.o.,"Tkachiev, Vladislav","Salov, Valery",2615,2680,1/2-1/2,E11,,27,6.2,4.44
FideChamp1998,1998,FideChamp,FIDE_split,102,FIDE-Wch k.o.,"Christiansen, Larry Mark","Andersson, Ulf",2550,2640,1/2-1/2,C11,,77,40.74,24.44
FideChamp1998,1998,FideChamp,FIDE_split,107,FIDE-Wch k.o.,"Azmaiparashvili, Zurab","Slobodjan, Roman",2645,2550,1/2-1/2,A29,,51,12.73,7.86
FideChamp1998,1998,FideChamp,FIDE_split,115,FIDE-Wch k.o.,"Short, Nigel D","Kortschnoj, Viktor",2660,2610,1/2-1/2,C11,,67,3.57,5.07
FideChamp1998,1998,FideChamp,FIDE_split,104,FIDE-Wch k.o.,"Christiansen, Larry Mark","Andersson, Ulf",2550,2640,0-1,B85,,92,75.17,34.6
FideChamp1998,1998,FideChamp,FIDE_split,109,FIDE-Wch k.o.,"Aleksandrov, Aleksej","Hjartarson, Johann",2660,2605,1/2-1/2,E42,,122,10.49,8.05
FideChamp1998,1998,FideChamp,FIDE_split,105,FIDE-Wch k.o.,"Adams, Michael","Giorgadze, Giorgi",2680,2625,1-0,C95,,85,16.18,21.45
FideChamp1998,1998,FideChamp,FIDE_split,100,FIDE-Wch k.o.,"Luther, Thomas","Portisch, Lajos",2525,2610,1-0,C45,,133,21.22,24.4
FideChamp1998,1998,FideChamp,FIDE_split,114,FIDE-Wch k.o.,"Almasi, Zoltan","Polgar, Judit",2615,2670,1/2-1/2,B22,,131,7.19,8.26
FideChamp1998,1998,FideChamp,FIDE_split,110,FIDE-Wch k.o.,"Van Wely, Loek","Miladinovic, Igor",2655,2500,1/2-1/2,D07,,114,9.13,8.51
FideChamp1998,1998,FideChamp,FIDE_split,112,FIDE-Wch k.o.,"Svidler, Peter","Adianto, Utut",2660,2610,1-0,C82,,87,7.15,48.44
FideChamp1998,1998,FideChamp,FIDE_split,113,FIDE-Wch k.o.,"Sokolov, Ivan","Epishin, Vladimir",2635,2570,1-0,E42,,73,33.55,81.94
FideChamp1998,1998,FideChamp,FIDE_split,118,FIDE-Wch k.o.,"Nikolic, Predrag","Anand, Viswanathan",2630,2765,0-1,D43,,72,25,3.75
FideChamp1998,1998,FideChamp,FIDE_split,101,FIDE-Wch k.o.,"Bacrot, Etienne","Giorgadze, Giorgi",2545,2625,0-1,D38,,106,42.02,26.39
FideChamp1998,1998,FideChamp,FIDE_split,120,FIDE-Wch k.o.,"Nenashev, Alexander","Dreev, Alexey",2585,2640,1/2-1/2,D48,,71,5.22,4.48
FideChamp1998,1998,FideChamp,FIDE_split,124,FIDE-Wch k.o.,"Kaidanov, Grigory S","Zvjaginsev, Vadim",2600,2635,1/2-1/2,B88,,37,21.2,13.57
FideChamp1998,1998,FideChamp,FIDE_split,116,FIDE-Wch k.o.,"Rublevsky, Sergei","Shaked, Tal",2650,2500,1/2-1/2,C06,,214,21.53,21.54
FideChamp1998,1998,FideChamp,FIDE_split,126,FIDE-Wch k.o.,"Gretarsson, Helgi Ass","Jussupow, Artur",2475,2640,1/2-1/2,D58,,66,12.03,13.24
FideChamp1998,1998,FideChamp,FIDE_split,117,FIDE-Wch k.o.,"Rozentalis, Eduardas","Tiviakov, Sergei",2645,2590,0-1,B22,,108,23.4,17.18
FideChamp1998,1998,FideChamp,FIDE_split,127,FIDE-Wch k.o.,"Hracek, Zbynek","Lautier, Joel",2605,2660,0-1,B47,,49,19.24,2.2
FideChamp1998,1998,FideChamp,FIDE_split,122,FIDE-Wch k.o.,"Milos, Gilberto","Kindermann, Stefan",2590,2570,1-0,C18,,77,7.03,28.03
FideChamp1998,1998,FideChamp,FIDE_split,119,FIDE-Wch k.o.,"Nijboer, Friso","Khalifman, Alexander",2605,2655,0-1,C88,,130,20.93,17.74
FideChamp1998,1998,FideChamp,FIDE_split,128,FIDE-Wch k.o.,"Georgiev, Kiril","Alterman, Boris",2670,2615,1/2-1/2,C26,,71,13.69,15.97
FideChamp1998,1998,FideChamp,FIDE_split,134,FIDE-Wch k.o.,"Kortschnoj, Viktor","Short, Nigel D",2610,2660,1/2-1/2,A10,,51,3.23,1.43
FideChamp1998,1998,FideChamp,FIDE_split,131,FIDE-Wch k.o.,"Beliavsky, Alexander G","Timman, Jan H",2710,2625,1/2-1/2,E17,,67,5.67,4.55
FideChamp1998,1998,FideChamp,FIDE_split,123,FIDE-Wch k.o.,"Bareev, Evgeny","Malaniuk, Vladimir P",2670,2615,1-0,A81,,121,7.09,9.04
FideChamp1998,1998,FideChamp,FIDE_split,129,FIDE-Wch k.o.,"Granda Zuniga, Julio E","Shirov, Alexei",2625,2700,0-1,E94,,82,19.22,12.51
FideChamp1998,1998,FideChamp,FIDE_split,132,FIDE-Wch k.o.,"Ehlvest, Jaan","Sadler, Matthew",2610,2665,1/2-1/2,B92,,61,16.07,10.08
FideChamp1998,1998,FideChamp,FIDE_split,141,FIDE-Wch k.o.,"Slobodjan, Roman","Azmaiparashvili, Zurab",2550,2645,1/2-1/2,B06,,12,,
FideChamp1998,1998,FideChamp,FIDE_split,133,FIDE-Wch k.o.,"Lautier, Joel","Hracek, Zbynek",2660,2605,1/2-1/2,E45,,49,20.14,23.9
FideChamp1998,1998,FideChamp,FIDE_split,136,FIDE-Wch k.o.,"Zvjaginsev, Vadim","Kaidanov, Grigory S",2635,2600,1/2-1/2,D45,,50,13.24,9.33
FideChamp1998,1998,FideChamp,FIDE_split,130,FIDE-Wch k.o.,"Bologan, Viktor","Vaganian, Rafael A",2585,2640,0-1,C17,,72,28.12,11.72
FideChamp1998,1998,FideChamp,FIDE_split,121,FIDE-Wch k.o.,"Morozevich, Alexander","Oll, Lembit",2590,2645,0-1,B13,,96,24.45,14.59
FideChamp1998,1998,FideChamp,FIDE_split,139,FIDE-Wch k.o.,"Timman, Jan H","Beliavsky, Alexander G",2625,2710,0-1,C69,,70,26.52,13.61
FideChamp1998,1998,FideChamp,FIDE_split,135,FIDE-Wch k.o.,"Miladinovic, Igor","Van Wely, Loek",2500,2655,0-1,A45,,86,20.15,7.26
FideChamp1998,1998,FideChamp,FIDE_split,125,FIDE-Wch k.o.,"Istratescu, Andrei","Sokolov, Andrei",2550,2585,0-1,B88,,56,37.79,15.42
FideChamp1998,1998,FideChamp,FIDE_split,143,FIDE-Wch k.o.,"Shaked, Tal","Rublevsky, Sergei",2500,2650,0-1,B22,,98,38.4,7.16
FideChamp1998,1998,FideChamp,FIDE_split,140,FIDE-Wch k.o.,"Sokolov, Andrei","Istratescu, Andrei",2585,2550,1-0,B51,,77,16.14,22.24
FideChamp1998,1998,FideChamp,FIDE_split,138,FIDE-Wch k.o.,"Tiviakov, Sergei","Rozentalis, Eduardas",2590,2645,1/2-1/2,C43,,81,14.41,13.42
FideChamp1998,1998,FideChamp,FIDE_split,145,FIDE-Wch k.o.,"Sadler, Matthew","Ehlvest, Jaan",2665,2610,1/2-1/2,E52,,44,21.33,18.11
FideChamp1998,1998,FideChamp,FIDE_split,137,FIDE-Wch k.o.,"Vaganian, Rafael A","Bologan, Viktor",2640,2585,1-0,E63,,211,15.46,26.66
FideChamp1998,1998,FideChamp,FIDE_split,151,FIDE-Wch k.o.,"Hjartarson, Johann","Aleksandrov, Aleksej",2605,2660,1/2-1/2,C54,,35,3.43,3.15
FideChamp1998,1998,FideChamp,FIDE_split,148,FIDE-Wch k.o.,"Oll, Lembit","Morozevich, Alexander",2645,2590,1/2-1/2,E03,,57,6.12,15.67
FideChamp1998,1998,FideChamp,FIDE_split,144,FIDE-Wch k.o.,"Salov, Valery","Tkachiev, Vladislav",2680,2615,1/2-1/2,E63,,90,11.8,10.41
FideChamp1998,1998,FideChamp,FIDE_split,149,FIDE-Wch k.o.,"Adianto, Utut","Svidler, Peter",2610,2660,1/2-1/2,D78,,80,3.64,4.25
FideChamp1998,1998,FideChamp,FIDE_split,142,FIDE-Wch k.o.,"Shirov, Alexei","Granda Zuniga, Julio E",2700,2625,1/2-1/2,B32,,191,9.68,8.96
FideChamp1998,1998,FideChamp,FIDE_split,150,FIDE-Wch k.o.,"Malaniuk, Vladimir P","Bareev, Evgeny",2615,2670,0-1,A11,,70,25.87,22.19
FideChamp1998,1998,FideChamp,FIDE_split,147,FIDE-Wch k.o.,"Piket, Jeroen","Topalov, Veselin",2630,2745,1-0,D39,,55,47.12,43.57
FideChamp1998,1998,FideChamp,FIDE_split,156,FIDE-Wch k.o.,"Ivanchuk, Vassily","Seirawan, Yasser",2725,2630,1/2-1/2,A29,,58,19.52,8.72
FideChamp1998,1998,FideChamp,FIDE_split,162,FIDE-Wch k.o.,"Ehlvest, Jaan","Sadler, Matthew",2610,2665,1/2-1/2,D24,,24,9.62,25.38
FideChamp1998,1998,FideChamp,FIDE_split,155,FIDE-Wch k.o.,"Jussupow, Artur","Gretarsson, Helgi Ass",2640,2475,1-0,D16,,51,9,28.71
FideChamp1998,1998,FideChamp,FIDE_split,152,FIDE-Wch k.o.,"Giorgadze, Giorgi","Adams, Michael",2625,2680,0-1,E46,,86,20.38,13.74
FideChamp1998,1998,FideChamp,FIDE_split,161,FIDE-Wch k.o.,"Alterman, Boris","Georgiev, Kiril",2615,2670,1/2-1/2,E74,,26,11.22,10.44
FideChamp1998,1998,FideChamp,FIDE_split,158,FIDE-Wch k.o.,"Garcia, Gildardo","Krasenkow, Michal",2480,2645,1/2-1/2,B30,,82,11.35,10.27
FideChamp1998,1998,FideChamp,FIDE_split,153,FIDE-Wch k.o.,"Kindermann, Stefan","Milos, Gilberto",2570,2590,0-1,B48,,94,23.7,7.16
FideChamp1998,1998,FideChamp,FIDE_split,157,FIDE-Wch k.o.,"Anand, Viswanathan","Nikolic, Predrag",2765,2630,1-0,C18,,69,14.16,17.5
FideChamp1998,1998,FideChamp,FIDE_split,159,FIDE-Wch k.o.,"Epishin, Vladimir","Sokolov, Ivan",2570,2635,1-0,D51,,81,20.05,32.33
FideChamp1998,1998,FideChamp,FIDE_split,169,FIDE-Wch k.o.,"Milov, Vadim","Andersson, Ulf",2635,2640,1/2-1/2,A40,,121,3.79,4.16
FideChamp1998,1998,FideChamp,FIDE_split,165,FIDE-Wch k.o.,"Short, Nigel D","Kortschnoj, Viktor",2660,2610,1/2-1/2,C00,,99,8.93,10
FideChamp1998,1998,FideChamp,FIDE_split,166,FIDE-Wch k.o.,"Tkachiev, Vladislav","Salov, Valery",2615,2680,1-0,A04,,71,11.41,23.03
FideChamp1998,1998,FideChamp,FIDE_split,154,FIDE-Wch k.o.,"Khalifman, Alexander","Nijboer, Friso",2655,2605,1-0,E62,,81,13.46,19.19
FideChamp1998,1998,FideChamp,FIDE_split,146,FIDE-Wch k.o.,"Polgar, Judit","Almasi, Zoltan",2670,2615,0-1,C89,,96,19.73,9.02
FideChamp1998,1998,FideChamp,FIDE_split,164,FIDE-Wch k.o.,"Milov, Vadim","Andersson, Ulf",2635,2640,1-0,D35,,93,28.21,41.83
FideChamp1998,1998,FideChamp,FIDE_split,167,FIDE-Wch k.o.,"Zvjaginsev, Vadim","Kaidanov, Grigory S",2635,2600,0-1,D46,,170,29.48,19.67
FideChamp1998,1998,FideChamp,FIDE_split,160,FIDE-Wch k.o.,"Dreev, Alexey","Nenashev, Alexander",2640,2585,1-0,D34,,129,36.34,31.53
FideChamp1998,1998,FideChamp,FIDE_split,171,FIDE-Wch k.o.,"Short, Nigel D","Kortschnoj, Viktor",2660,2610,1/2-1/2,C00,,103,7.17,8.19
FideChamp1998,1998,FideChamp,FIDE_split,172,FIDE-Wch k.o.,"Andersson, Ulf","Milov, Vadim",2640,2635,1/2-1/2,A49,,92,11.45,10.93
FideChamp1998,1998,FideChamp,FIDE_split,170,FIDE-Wch k.o.,"Sadler, Matthew","Ehlvest, Jaan",2665,2610,1-0,A42,,85,17.64,36.18
FideChamp1998,1998,FideChamp,FIDE_split,175,FIDE-Wch k.o.,"Zvjaginsev, Vadim","Kaidanov, Grigory S",2635,2600,1-0,D46,,63,25.89,34.33
FideChamp1998,1998,FideChamp,FIDE_split,177,FIDE-Wch k.o.,"Kortschnoj, Viktor","Short, Nigel D",2610,2660,0-1,A10,,50,25.71,6.9
FideChamp1998,1998,FideChamp,FIDE_split,180,FIDE-Wch k.o.,"Azmaiparashvili, Zurab","Slobodjan, Roman",2645,2550,1/2-1/2,D30,,58,9.56,25
FideChamp1998,1998,FideChamp,FIDE_split,179,FIDE-Wch k.o.,"Sokolov, Ivan","Epishin, Vladimir",2635,2570,1/2-1/2,E34,,86,17.95,18.92
FideChamp1998,1998,FideChamp,FIDE_split,178,FIDE-Wch k.o.,"Aleksandrov, Aleksej","Hjartarson, Johann",2660,2605,1-0,E52,,175,5.23,25.36
FideChamp1998,1998,FideChamp,FIDE_split,182,FIDE-Wch k.o.,"Sadler, Matthew","Ehlvest, Jaan",2610,2665,1/2-1/2,E58,,62,7.96,9.19
FideChamp1998,1998,FideChamp,FIDE_split,183,FIDE-Wch k.o.,"Kortschnoj, Viktor","Short, Nigel D",2610,2660,1/2-1/2,D53,,117,6.76,4.72
FideChamp1998,1998,FideChamp,FIDE_split,168,FIDE-Wch k.o.,"Kaidanov, Grigory S","Zvjaginsev, Vadim",2600,2635,0-1,B53,,52,39.41,9.55
FideChamp1998,1998,FideChamp,FIDE_split,189,FIDE-Wch k.o.,"Dreev, Alexey","Sadler, Matthew",2640,2665,1/2-1/2,D20,,17,,
FideChamp1998,1998,FideChamp,FIDE_split,173,FIDE-Wch k.o.,"Ehlvest, Jaan","Sadler, Matthew",2610,2665,0-1,D94,,106,22.98,15.69
FideChamp1998,1998,FideChamp,FIDE_split,174,FIDE-Wch k.o.,"Georgiev, Kiril","Alterman, Boris",2670,2615,1-0,C24,,121,7.46,15.41
FideChamp1998,1998,FideChamp,FIDE_split,181,FIDE-Wch k.o.,"Salov, Valery","Tkachiev, Vladislav",2680,2615,0-1,E63,,78,62.86,25.49
FideChamp1998,1998,FideChamp,FIDE_split,185,FIDE-Wch k.o.,"Hjartarson, Johann","Aleksandrov, Aleksej",2605,2660,1/2-1/2,C49,,78,12.89,11.77
FideChamp1998,1998,FideChamp,FIDE_split,186,FIDE-Wch k.o.,"Andersson, Ulf","Milov, Vadim",2640,2635,1-0,A49,,71,6.41,46.61
FideChamp1998,1998,FideChamp,FIDE_split,192,FIDE-Wch k.o.,"Khalifman, Alexander","Anand, Viswanathan",2655,2765,1/2-1/2,D46,,41,3.53,5.56
FideChamp1998,1998,FideChamp,FIDE_split,191,FIDE-Wch k.o.,"Jussupow, Artur","Almasi, Zoltan",2640,2615,1/2-1/2,A46,,60,5.31,7
FideChamp1998,1998,FideChamp,FIDE_split,190,FIDE-Wch k.o.,"Georgiev, Kiril","Milov, Vadim",2670,2635,1/2-1/2,E66,,83,6.5,7.11
FideChamp1998,1998,FideChamp,FIDE_split,187,FIDE-Wch k.o.,"Alterman, Boris","Georgiev, Kiril",2615,2670,1/2-1/2,A57,,122,7.32,5.67
FideChamp1998,1998,FideChamp,FIDE_split,193,FIDE-Wch k.o.,"Lautier, Joel","Gelfand, Boris",2660,2695,1/2-1/2,E58,,69,8.29,7.03
FideChamp1998,1998,FideChamp,FIDE_split,176,FIDE-Wch k.o.,"Andersson, Ulf","Milov, Vadim",2640,2635,0-1,E62,,116,21.46,15.06
FideChamp1998,1998,FideChamp,FIDE_split,194,FIDE-Wch k.o.,"Milos, Gilberto","Shirov, Alexei",2590,2700,1/2-1/2,C78,,75,12.74,13.73
FideChamp1998,1998,FideChamp,FIDE_split,195,FIDE-Wch k.o.,"Oll, Lembit","Tkachiev, Vladislav",2645,2615,1/2-1/2,D28,,58,12.48,6.92
FideChamp1998,1998,FideChamp,FIDE_split,197,FIDE-Wch k.o.,"Beliavsky, Alexander G","Rublevsky, Sergei",2710,2650,1/2-1/2,E01,,71,6.94,7.61
FideChamp1998,1998,FideChamp,FIDE_split,199,FIDE-Wch k.o.,"Zvjaginsev, Vadim","Seirawan, Yasser",2635,2630,1/2-1/2,D63,,47,9.7,7.68
FideChamp1998,1998,FideChamp,FIDE_split,188,FIDE-Wch k.o.,"Svidler, Peter","Epishin, Vladimir",2660,2570,1-0,B12,,87,9.47,14.95
FideChamp1998,1998,FideChamp,FIDE_split,198,FIDE-Wch k.o.,"Vaganian, Rafael A","Akopian, Vladimir",2640,2660,1/2-1/2,D43,,81,6.65,7.25
FideChamp1998,1998,FideChamp,FIDE_split,201,FIDE-Wch k.o.,"Tkachiev, Vladislav","Oll, Lembit",2615,2645,1/2-1/2,B51,,42,3.41,6.24
FideChamp1998,1998,FideChamp,FIDE_split,196,FIDE-Wch k.o.,"Adams, Michael","Tiviakov, Sergei",2680,2590,1-0,B51,,69,10.84,23.43
FideChamp1998,1998,FideChamp,FIDE_split,202,FIDE-Wch k.o.,"Tiviakov, Sergei","Adams, Michael",2590,2680,1/2-1/2,C77,,75,12.24,11.7
FideChamp1998,1998,FideChamp,FIDE_split,203,FIDE-Wch k.o.,"Seirawan, Yasser","Zvjaginsev, Vadim",2630,2635,1/2-1/2,D35,,51,14.86,12.76
FideChamp1998,1998,FideChamp,FIDE_split,207,FIDE-Wch k.o.,"Aleksandrov, Aleksej","Azmaiparashvili, Zurab",2660,2645,1/2-1/2,D35,,74,9.39,7.79
FideChamp1998,1998,FideChamp,FIDE_split,206,FIDE-Wch k.o.,"Akopian, Vladimir","Vaganian, Rafael A",2660,2640,1/2-1/2,C08,,66,4.48,3.79
FideChamp1998,1998,FideChamp,FIDE_split,204,FIDE-Wch k.o.,"Krasenkow, Michal","Bareev, Evgeny",2645,2670,1/2-1/2,A81,,62,17.37,19.63
FideChamp1998,1998,FideChamp,FIDE_split,205,FIDE-Wch k.o.,"Shirov, Alexei","Milos, Gilberto",2700,2590,1/2-1/2,B49,,81,9.76,7.86
FideChamp1998,1998,FideChamp,FIDE_split,212,FIDE-Wch k.o.,"Gelfand, Boris","Lautier, Joel",2695,2660,1/2-1/2,E12,,47,7.05,5.74
FideChamp1998,1998,FideChamp,FIDE_split,200,FIDE-Wch k.o.,"Azmaiparashvili, Zurab","Aleksandrov, Aleksej",2645,2660,1-0,C45,,83,9.74,23.03
FideChamp1998,1998,FideChamp,FIDE_split,211,FIDE-Wch k.o.,"Epishin, Vladimir","Svidler, Peter",2570,2660,1/2-1/2,D97,,89,11.12,7.28
FideChamp1998,1998,FideChamp,FIDE_split,209,FIDE-Wch k.o.,"Sadler, Matthew","Dreev, Alexey",2665,2640,0-1,D48,,90,22.88,11.07
FideChamp1998,1998,FideChamp,FIDE_split,213,FIDE-Wch k.o.,"Sokolov, Andrei","Short, Nigel D",2585,2660,0-1,C78,,86,30,4.44
FideChamp1998,1998,FideChamp,FIDE_split,210,FIDE-Wch k.o.,"Milov, Vadim","Georgiev, Kiril",2635,2670,0-1,E49,,82,12.41,2.14
FideChamp1998,1998,FideChamp,FIDE_split,184,FIDE-Wch k.o.,"Kaidanov, Grigory S","Zvjaginsev, Vadim",2600,2635,0-1,E04,,74,27.33,16.39
FideChamp1998,1998,FideChamp,FIDE_split,208,FIDE-Wch k.o.,"Almasi, Zoltan","Jussupow, Artur",2615,2640,1-0,C26,,103,11.33,21.04
FideChamp1998,1998,FideChamp,FIDE_split,216,FIDE-Wch k.o.,"Akopian, Vladimir","Vaganian, Rafael A",2660,2640,1-0,A11,,69,15.35,31.8
FideChamp1998,1998,FideChamp,FIDE_split,214,FIDE-Wch k.o.,"Van Wely, Loek","Piket, Jeroen",2655,2630,0-1,E94,,104,23.67,19.12
FideChamp1998,1998,FideChamp,FIDE_split,219,FIDE-Wch k.o.,"Khalifman, Alexander","Anand, Viswanathan",2655,2765,1/2-1/2,D46,,71,5.78,5.58
FideChamp1998,1998,FideChamp,FIDE_split,215,FIDE-Wch k.o.,"Rublevsky, Sergei","Beliavsky, Alexander G",2650,2710,1/2-1/2,C07,,102,29.06,24.83
FideChamp1998,1998,FideChamp,FIDE_split,223,FIDE-Wch k.o.,"Seirawan, Yasser","Zvjaginsev, Vadim",2630,2635,1/2-1/2,D35,,66,11.1,10.28
FideChamp1998,1998,FideChamp,FIDE_split,222,FIDE-Wch k.o.,"Tkachiev, Vladislav","Oll, Lembit",2615,2645,1-0,B50,,57,3.04,20.79
FideChamp1998,1998,FideChamp,FIDE_split,221,FIDE-Wch k.o.,"Vaganian, Rafael A","Akopian, Vladimir",2640,2660,1/2-1/2,D43,,96,7.59,5.89
FideChamp1998,1998,FideChamp,FIDE_split,217,FIDE-Wch k.o.,"Van Wely, Loek","Piket, Jeroen",2655,2630,1-0,E94,,53,7.83,24.64
FideChamp1998,1998,FideChamp,FIDE_split,218,FIDE-Wch k.o.,"Oll, Lembit","Tkachiev, Vladislav",2645,2615,1/2-1/2,E61,,94,25,22.58
FideChamp1998,1998,FideChamp,FIDE_split,227,FIDE-Wch k.o.,"Vaganian, Rafael A","Akopian, Vladimir",2640,2660,1/2-1/2,D39,,71,5.19,4.74
FideChamp1998,1998,FideChamp,FIDE_split,229,FIDE-Wch k.o.,"Akopian, Vladimir","Vaganian, Rafael A",2660,2640,1/2-1/2,C08,,61,2.96,2
FideChamp1998,1998,FideChamp,FIDE_split,224,FIDE-Wch k.o.,"Beliavsky, Alexander G","Rublevsky, Sergei",2710,2650,1-0,E01,,101,20.98,27.2
FideChamp1998,1998,FideChamp,FIDE_split,231,FIDE-Wch k.o.,"Piket, Jeroen","Van Wely, Loek",2630,2655,1/2-1/2,E04,,45,5.32,3.83
FideChamp1998,1998,FideChamp,FIDE_split,226,FIDE-Wch k.o.,"Milos, Gilberto","Shirov, Alexei",2590,2700,0-1,A26,,68,19.43,5.57
FideChamp1998,1998,FideChamp,FIDE_split,232,FIDE-Wch k.o.,"Akopian, Vladimir","Vaganian, Rafael A",2660,2640,1/2-1/2,D15,,83,3.89,2.65
FideChamp1998,1998,FideChamp,FIDE_split,220,FIDE-Wch k.o.,"Lautier, Joel","Gelfand, Boris",2660,2695,0-1,D48,,104,23.5,16.21
FideChamp1998,1998,FideChamp,FIDE_split,225,FIDE-Wch k.o.,"Zvjaginsev, Vadim","Seirawan, Yasser",2635,2630,1-0,D63,,67,16.97,31.66
FideChamp1998,1998,FideChamp,FIDE_split,235,FIDE-Wch k.o.,"Anand, Viswanathan","Khalifman, Alexander",2765,2655,1/2-1/2,B51,,123,6.41,5.02
FideChamp1998,1998,FideChamp,FIDE_split,228,FIDE-Wch k.o.,"Piket, Jeroen","Van Wely, Loek",2630,2655,0-1,D41,,104,44.65,17.08
FideChamp1998,1998,FideChamp,FIDE_split,240,FIDE-Wch k.o.,"Dreev, Alexey","Zvjaginsev, Vadim",2640,2635,1/2-1/2,E33,,64,3,1.54
FideChamp1998,1998,FideChamp,FIDE_split,238,FIDE-Wch k.o.,"Azmaiparashvili, Zurab","Krasenkow, Michal",2645,2645,1/2-1/2,B22,,89,8.05,8.8
FideChamp1998,1998,FideChamp,FIDE_split,241,FIDE-Wch k.o.,"Tkachiev, Vladislav","Gelfand, Boris",2615,2695,1/2-1/2,B52,,37,3.13,3.57
FideChamp1998,1998,FideChamp,FIDE_split,233,FIDE-Wch k.o.,"Gelfand, Boris","Lautier, Joel",2695,2660,0-1,E01,,58,87.52,24.64
FideChamp1998,1998,FideChamp,FIDE_split,236,FIDE-Wch k.o.,"Shirov, Alexei","Milos, Gilberto",2700,2590,1/2-1/2,B48,,112,6.48,5.31
FideChamp1998,1998,FideChamp,FIDE_split,230,FIDE-Wch k.o.,"Lautier, Joel","Gelfand, Boris",2660,2695,0-1,D23,,82,42,32.3
FideChamp1998,1998,FideChamp,FIDE_split,242,FIDE-Wch k.o.,"Akopian, Vladimir","Shirov, Alexei",2660,2700,1/2-1/2,E66,,60,10.58,5.69
FideChamp1998,1998,FideChamp,FIDE_split,247,FIDE-Wch k.o.,"Svidler, Peter","Adams, Michael",2660,2680,1/2-1/2,C88,,35,7.14,6.46
FideChamp1998,1998,FideChamp,FIDE_split,245,FIDE-Wch k.o.,"Gelfand, Boris","Tkachiev, Vladislav",2695,2615,1/2-1/2,D39,,46,9.26,6.16
FideChamp1998,1998,FideChamp,FIDE_split,243,FIDE-Wch k.o.,"Adams, Michael","Svidler, Peter",2680,2660,1/2-1/2,B90,,47,6.05,4.47
FideChamp1998,1998,FideChamp,FIDE_split,244,FIDE-Wch k.o.,"Van Wely, Loek","Georgiev, Kiril",2655,2670,1-0,E15,,55,3.21,74.96
FideChamp1998,1998,FideChamp,FIDE_split,234,FIDE-Wch k.o.,"Gelfand, Boris","Lautier, Joel",2695,2660,1-0,D00,,91,21.62,24.8
FideChamp1998,1998,FideChamp,FIDE_split,237,FIDE-Wch k.o.,"Almasi, Zoltan","Anand, Viswanathan",2615,2765,0-1,B42,,100,27.37,23.24
FideChamp1998,1998,FideChamp,FIDE_split,246,FIDE-Wch k.o.,"Zvjaginsev, Vadim","Dreev, Alexey",2635,2640,1/2-1/2,D45,,112,5.15,4.94
FideChamp1998,1998,FideChamp,FIDE_split,255,FIDE-Wch k.o.,"Krasenkow, Michal","Azmaiparashvili, Zurab",2645,2645,1/2-1/2,D53,,68,5.93,5.5
FideChamp1998,1998,FideChamp,FIDE_split,253,FIDE-Wch k.o.,"Gelfand, Boris","Tkachiev, Vladislav",2695,2615,1/2-1/2,E98,,43,10.61,13
FideChamp1998,1998,FideChamp,FIDE_split,251,FIDE-Wch k.o.,"Anand, Viswanathan","Almasi, Zoltan",2765,2615,1-0,E97,,65,4.31,16.86
FideChamp1998,1998,FideChamp,FIDE_split,163,FIDE-Wch k.o.,"Epishin, Vladimir","Sokolov, Ivan",2570,2635,1-0,E15,,121,27.91,47.27
FideChamp1998,1998,FideChamp,FIDE_split,254,FIDE-Wch k.o.,"Svidler, Peter","Adams, Michael",2660,2680,0-1,C92,,72,25.31,12.28
FideChamp1998,1998,FideChamp,FIDE_split,239,FIDE-Wch k.o.,"Beliavsky, Alexander G","Short, Nigel D",2710,2660,1-0,A40,,91,18,19.32
FideChamp1998,1998,FideChamp,FIDE_split,250,FIDE-Wch k.o.,"Georgiev, Kiril","Van Wely, Loek",2670,2655,1/2-1/2,E17,,142,18.84,16.52
FideChamp1998,1998,FideChamp,FIDE_split,249,FIDE-Wch k.o.,"Krasenkow, Michal","Azmaiparashvili, Zurab",2645,2645,1/2-1/2,D37,,159,14.17,14.43
FideChamp1998,1998,FideChamp,FIDE_split,252,FIDE-Wch k.o.,"Tkachiev, Vladislav","Gelfand, Boris",2615,2695,1-0,B25,,84,15.34,24.47
FideChamp1998,1998,FideChamp,FIDE_split,258,FIDE-Wch k.o.,"Azmaiparashvili, Zurab","Krasenkow, Michal",2645,2645,1/2-1/2,A07,,138,7.35,8.31
FideChamp1998,1998,FideChamp,FIDE_split,263,FIDE-Wch k.o.,"Dreev, Alexey","Zvjaginsev, Vadim",2640,2635,1-0,E32,,67,17.93,29.62
FideChamp1998,1998,FideChamp,FIDE_split,259,FIDE-Wch k.o.,"Gelfand, Boris","Tkachiev, Vladislav",2695,2615,1-0,D27,,65,6.69,58.64
FideChamp1998,1998,FideChamp,FIDE_split,266,FIDE-Wch k.o.,"Gelfand, Boris","Dreev, Alexey",2695,2640,1/2-1/2,D45,,57,4.4,2.62
FideChamp1998,1998,FideChamp,FIDE_split,256,FIDE-Wch k.o.,"Azmaiparashvili, Zurab","Krasenkow, Michal",2645,2645,1-0,D30,,83,33.08,63.43
FideChamp1998,1998,FideChamp,FIDE_split,268,FIDE-Wch k.o.,"Dreev, Alexey","Gelfand, Boris",2640,2695,1/2-1/2,E34,,29,4.27,5.4
FideChamp1998,1998,FideChamp,FIDE_split,248,FIDE-Wch k.o.,"Shirov, Alexei","Akopian, Vladimir",2700,2660,1-0,B81,,123,10.05,14.58
FideChamp1998,1998,FideChamp,FIDE_split,257,FIDE-Wch k.o.,"Krasenkow, Michal","Azmaiparashvili, Zurab",2645,2645,1-0,E09,,123,18.79,23.74
FideChamp1998,1998,FideChamp,FIDE_split,273,FIDE-Wch k.o.,"Gelfand, Boris","Anand, Viswanathan",2695,2765,1/2-1/2,D46,,29,3.27,0
FideChamp1998,1998,FideChamp,FIDE_split,270,FIDE-Wch k.o.,"Van Wely, Loek","Adams, Michael",2655,2680,1/2-1/2,E15,,97,10.38,9.45
FideChamp1998,1998,FideChamp,FIDE_split,261,FIDE-Wch k.o.,"Tkachiev, Vladislav","Gelfand, Boris",2615,2695,0-1,B25,,110,66.78,19.65
FideChamp1998,1998,FideChamp,FIDE_split,267,FIDE-Wch k.o.,"Krasenkow, Michal","Short, Nigel D",2645,2660,0-1,E07,,68,22.23,11.23
FideChamp1998,1998,FideChamp,FIDE_split,265,FIDE-Wch k.o.,"Anand, Viswanathan","Shirov, Alexei",2765,2700,1-0,C78,,83,21.47,23.81
FideChamp1998,1998,FideChamp,FIDE_split,264,FIDE-Wch k.o.,"Adams, Michael","Svidler, Peter",2680,2660,0-1,B22,,172,28.39,15.07
FideChamp1998,1998,FideChamp,FIDE_split,260,FIDE-Wch k.o.,"Zvjaginsev, Vadim","Dreev, Alexey",2635,2640,0-1,D45,,144,53.31,56.25
FideChamp1998,1998,FideChamp,FIDE_split,269,FIDE-Wch k.o.,"Dreev, Alexey","Gelfand, Boris",2640,2695,0-1,D12,,122,12.39,4.16
FideChamp1998,1998,FideChamp,FIDE_split,274,FIDE-Wch k.o.,"Short, Nigel D","Adams, Michael",2660,2680,1-0,C92,,87,8.3,10.44
FideChamp1998,1998,FideChamp,FIDE_split,262,FIDE-Wch k.o.,"Krasenkow, Michal","Azmaiparashvili, Zurab",2645,2645,1-0,A16,,97,29,22.3
FideChamp1998,1998,FideChamp,FIDE_split,279,FIDE-Wch k.o.,"Adams, Michael","Short, Nigel D",2680,2660,1/2-1/2,B50,,55,6.08,7.91
FideChamp1998,1998,FideChamp,FIDE_split,275,FIDE-Wch k.o.,"Anand, Viswanathan","Gelfand, Boris",2765,2695,1-0,B50,,73,4.36,14.12
FideChamp1998,1998,FideChamp,FIDE_split,272,FIDE-Wch k.o.,"Adams, Michael","Van Wely, Loek",2680,2655,1-0,D00,,82,30,38.65
FideChamp1998,1998,FideChamp,FIDE_split,276,FIDE-Wch k.o.,"Short, Nigel D","Adams, Michael",2660,2680,1/2-1/2,B12,,131,18.06,19.05
FideChamp1998,1998,FideChamp,FIDE_split,280,FIDE-Wch k.o.,"Short, Nigel D","Adams, Michael",2660,2680,1/2-1/2,B12,,108,13.7,20.4
FideChamp1998,1998,FideChamp,FIDE_split,281,FIDE-Wch k.o.,"Adams, Michael","Anand, Viswanathan",2680,2765,1/2-1/2,B52,,110,3.14,6.69
FideChamp1998,1998,FideChamp,FIDE_split,283,FIDE-Wch k.o.,"Anand, Viswanathan","Adams, Michael",2765,2680,1/2-1/2,C89,,91,5.62,6.29
FideChamp1998,1998,FideChamp,FIDE_split,282,FIDE-Wch k.o.,"Anand, Viswanathan","Adams, Michael",2765,2680,1/2-1/2,A34,,95,8.98,11.3
FideChamp1998,1998,FideChamp,FIDE_split,284,FIDE-Wch k.o.,"Anand, Viswanathan","Adams, Michael",2765,2680,1/2-1/2,B14,,100,12.54,12.91
FideChamp1998,1998,FideChamp,FIDE_split,278,FIDE-Wch k.o.,"Adams, Michael","Short, Nigel D",2680,2660,1/2-1/2,B70,,89,41.63,34.4
FideChamp1998,1998,FideChamp,FIDE_split,287,FIDE-Wch k.o.,"Anand, Viswanathan","Adams, Michael",2765,2680,1/2-1/2,A34,,102,10.57,11.98
FideChamp1998,1998,FideChamp,FIDE_split,285,FIDE-Wch k.o.,"Adams, Michael","Anand, Viswanathan",2680,2765,1/2-1/2,B23,,77,9.46,12.94
FideChamp1998,1998,FideChamp,FIDE_split,286,FIDE-Wch k.o.,"Adams, Michael","Anand, Viswanathan",2680,2765,1/2-1/2,B23,,88,8.88,8.62
FideChamp1998,1998,FideChamp,FIDE_split,293,FIDE-Wch k.o.,"Benjamin, Joel","Zvjaginsev, Vadim",2580,2635,1/2-1/2,B83,,51,8.68,9.24
FideChamp1998,1998,FideChamp,FIDE_split,292,FIDE-Wch k.o.,"Piket, Jeroen","Van Wely, Loek",2630,2655,1/2-1/2,D97,,40,15.44,18.12
FideChamp1998,1998,FideChamp,FIDE_split,296,FIDE-Wch k.o.,"Kurajica, Bojan","Granda Zuniga, Julio E",2545,2625,1-0,D05,,55,8.33,7.91
FideChamp1998,1998,FideChamp,FIDE_split,291,FIDE-Wch k.o.,"Topalov, Veselin","Piket, Jeroen",2745,2630,1/2-1/2,C96,,98,8.51,6.2
FideChamp1998,1998,FideChamp,FIDE_split,290,FIDE-Wch k.o.,"Short, Nigel D","Beliavsky, Alexander G",2660,2710,1-0,C92,,53,7.57,22.59
FideChamp1998,1998,FideChamp,FIDE_split,297,FIDE-Wch k.o.,"Rozentalis, Eduardas","Lerner, Konstantin Z",2645,2560,1/2-1/2,B22,,61,16.44,16.08
FideChamp1998,1998,FideChamp,FIDE_split,277,FIDE-Wch k.o.,"Short, Nigel D","Adams, Michael",2660,2680,0-1,B17,,70,22.03,5.13
FideChamp1998,1998,FideChamp,FIDE_split,295,FIDE-Wch k.o.,"Krasenkow, Michal","Van der Sterren, Paul",2645,2555,1-0,D37,,87,3.38,16.54
FideChamp1998,1998,FideChamp,FIDE_split,294,FIDE-Wch k.o.,"Kindermann, Stefan","Yermolinsky, Alex",2570,2650,1-0,C02,,83,16.16,27.05
FideChamp1998,1998,FideChamp,FIDE_split,289,FIDE-Wch k.o.,"Beliavsky, Alexander G","Short, Nigel D",2710,2660,0-1,D37,,106,24.88,18.98
FideChamp1998,1998,FideChamp,FIDE_split,298,FIDE-Wch k.o.,"Portisch, Lajos","Luther, Thomas",2610,2525,1/2-1/2,D27,,101,4.98,5.63
FideChamp1998,1998,FideChamp,FIDE_split,300,FIDE-Wch k.o.,"Benjamin, Joel","Zvjaginsev, Vadim",2580,2635,1/2-1/2,B56,,84,8.34,7.68
FideChamp1998,1998,FideChamp,FIDE_split,299,FIDE-Wch k.o.,"Yermolinsky, Alex","Kindermann, Stefan",2650,2570,1-0,E74,,121,10.63,19.16
FideChamp1998,1998,FideChamp,FIDE_split,271,FIDE-Wch k.o.,"Gelfand, Boris","Dreev, Alexey",2695,2640,1/2-1/2,D45,,183,16.24,11.68
FideChamp1998,1998,FideChamp,FIDE_split,301,FIDE-Wch k.o.,"Granda Zuniga, Julio E","Kurajica, Bojan",2625,2545,1/2-1/2,B06,,113,13.72,11.58
FideChamp1998,1998,FideChamp,FIDE_split,308,FIDE-Wch k.o.,"Bareev, Evgeny","Krasenkow, Michal",2670,2645,0-1,A84,,62,36.78,2.7
FideChamp1998,1998,FideChamp,FIDE_split,303,FIDE-Wch k.o.,"Krasenkow, Michal","Garcia, Gildardo",2645,2480,1-0,A17,,59,11.69,19.48
FideChamp1998,1998,FideChamp,FIDE_split,302,FIDE-Wch k.o.,"Zvjaginsev, Vadim","Benjamin, Joel",2635,2580,1-0,A46,,83,11.18,22.62
FideChamp1998,1998,FideChamp,FIDE_split,305,FIDE-Wch k.o.,"Slobodjan, Roman","Azmaiparashvili, Zurab",2550,2645,0-1,B06,,96,21.23,9.98
FideChamp1998,1998,FideChamp,FIDE_split,309,FIDE-Wch k.o.,"Short, Nigel D","Sokolov, Andrei",2660,2585,1-0,B83,,53,7.48,18.86
FideChamp1998,1998,FideChamp,FIDE_split,288,FIDE-Wch k.o.,"Anand, Viswanathan","Adams, Michael",2765,2680,1-0,D41,,129,25.41,25.8
FideChamp1998,1998,FideChamp,FIDE_split,313,FIDE-Wch k.o.,"Rublevsky, Sergei","Beliavsky, Alexander G",2650,2710,1/2-1/2,B08,,37,5.6,3.57
FideChamp1998,1998,FideChamp,FIDE_split,311,FIDE-Wch k.o.,"Anand, Viswanathan","Khalifman, Alexander",2765,2655,1/2-1/2,B63,,65,14,11.89
FideChamp1998,1998,FideChamp,FIDE_split,310,FIDE-Wch k.o.,"Khalifman, Alexander","Anand, Viswanathan",2655,2765,0-1,E11,,92,17.29,7.74
FideChamp1998,1998,FideChamp,FIDE_split,318,FIDE-Wch k.o.,"Van Wely, Loek","Adams, Michael",2655,2680,1/2-1/2,E15,,183,9.66,7.21
FideChamp1998,1998,FideChamp,FIDE_split,319,FIDE-Wch k.o.,"Shirov, Alexei","Anand, Viswanathan",2700,2765,1/2-1/2,C43,,116,7.61,8.31
FideChamp1998,1998,FideChamp,FIDE_split,307,FIDE-Wch k.o.,"Akopian, Vladimir","Luther, Thomas",2660,2525,1-0,A35,,99,11.13,34.91
FideChamp1998,1998,FideChamp,FIDE_split,306,FIDE-Wch k.o.,"Milov, Vadim","Andersson, Ulf",2635,2640,1-0,A40,,123,19.45,20.88
FideChamp1998,1998,FideChamp,FIDE_split,312,FIDE-Wch k.o.,"Van Wely, Loek","Piket, Jeroen",2655,2630,1/2-1/2,D36,,103,17.52,15.06
FideChamp1998,1998,FideChamp,FIDE_split,320,FIDE-Wch k.o.,"Short, Nigel D","Krasenkow, Michal",2660,2645,1-0,B22,,89,9.61,19.55
FideChamp1998,1998,FideChamp,FIDE_split,316,FIDE-Wch k.o.,"Short, Nigel D","Beliavsky, Alexander G",2660,2710,1-0,B07,,83,28.26,26.95
FideChamp1998,1998,FideChamp,FIDE_split,314,FIDE-Wch k.o.,"Anand, Viswanathan","Khalifman, Alexander",2765,2655,1/2-1/2,B66,,98,21.53,25.89
FideChamp1998,1998,FideChamp,FIDE_split,325,FIDE-Wch k.o. f,"Karpov, Anatoly","Anand, Viswanathan",2735,2770,1/2-1/2,D47,,37,7.93,5.07
FideChamp1998,1998,FideChamp,FIDE_split,315,FIDE-Wch k.o.,"Adams, Michael","Svidler, Peter",2680,2660,1-0,B06,,119,38.39,37.65
FideChamp1998,1998,FideChamp,FIDE_split,323,FIDE-Wch k.o.,"Adams, Michael","Anand, Viswanathan",2680,2765,1/2-1/2,B31,,69,15.84,19.67
FideChamp1998,1998,FideChamp,FIDE_split,304,FIDE-Wch k.o.,"Seirawan, Yasser","Ivanchuk, Vassily",2630,2725,1-0,E70,,43,15.39,44.88
FideChamp1998,1998,FideChamp,FIDE_split,321,FIDE-Wch k.o.,"Adams, Michael","Van Wely, Loek",2680,2655,1/2-1/2,B50,,104,10.27,6.85
FideChamp1998,1998,FideChamp,FIDE_split,328,FIDE-Wch k.o. f 25',"Anand, Viswanathan","Karpov, Anatoly",2765,2745,0-1,D00,,64,20.21,7.04
FideChamp1998,1998,FideChamp,FIDE_split,326,FIDE-Wch k.o. f,"Anand, Viswanathan","Karpov, Anatoly",2770,2735,0-1,D42,,98,13.71,6.36
FideChamp1998,1998,FideChamp,FIDE_split,329,FIDE-Wch k.o. f,"Karpov, Anatoly","Anand, Viswanathan",2735,2770,1/2-1/2,D46,,110,4.67,4.35
FideChamp1998,1998,FideChamp,FIDE_split,317,FIDE-Wch k.o.,"Svidler, Peter","Adams, Michael",2660,2680,0-1,C89,,164,29.31,65.76
FideChamp1998,1998,FideChamp,FIDE_split,322,FIDE-Wch k.o.,"Adams, Michael","Short, Nigel D",2680,2660,1-0,B40,,81,17.76,37.47
FideChamp1999,1999,FideChamp,FIDE_split,3,FIDE-Wch k.o.,"Aleksandrov, Aleksej","Becerra Rivero, Julio",2619,2546,1-0,E73,,57,1,22.46
FideChamp1998,1998,FideChamp,FIDE_split,327,FIDE-Wch k.o. f,"Anand, Viswanathan","Karpov, Anatoly",2770,2735,1-0,A45,,83,13.08,22.81
FideChamp1999,1999,FideChamp,FIDE_split,1,FIDE-Wch k.o.,"Wahls, Matthias","Cela, Altin",2580,2520,1-0,A26,,81,26.49,39.25
FideChamp1999,1999,FideChamp,FIDE_split,7,FIDE-Wch k.o.,"Lautier, Joel","Kobese, Watu",2638,2389,1-0,E92,,65,5.62,15.21
FideChamp1998,1998,FideChamp,FIDE_split,331,FIDE-Wch k.o. f 25',"Karpov, Anatoly","Anand, Viswanathan",2735,2770,1-0,A07,,123,11.78,18.93
FideChamp1999,1999,FideChamp,FIDE_split,8,FIDE-Wch k.o.,Liang Chong,"Dizdar, Goran",2412,2549,1/2-1/2,A45,,85,9.97,11.08
FideChamp1999,1999,FideChamp,FIDE_split,2,FIDE-Wch k.o.,"Andersson, Ulf","Mohamed, Esam Ahmed Nagib",2623,2455,1-0,B52,,189,31.54,24.73
FideChamp1999,1999,FideChamp,FIDE_split,4,FIDE-Wch k.o.,"Antonio, Rogelio Jr","Kozak, Alexander",2558,2350,1-0,B23,,81,16.3,59.22
FideChamp1998,1998,FideChamp,FIDE_split,330,FIDE-Wch k.o. f,"Karpov, Anatoly","Anand, Viswanathan",2735,2770,1-0,D48,,215,41.07,39.88
FideChamp1999,1999,FideChamp,FIDE_split,9,FIDE-Wch k.o.,"Nielsen, Peter Heine","Benjamin, Joel",2560,2579,1/2-1/2,E62,,124,9,7.45
FideChamp1999,1999,FideChamp,FIDE_split,6,FIDE-Wch k.o.,"Adianto, Utut","Fridman, Daniel",2607,2526,0-1,D90,,98,19.71,14.6
FideChamp1999,1999,FideChamp,FIDE_split,13,FIDE-Wch k.o.,"Psakhis, Lev","Zapata, Alonso",2581,2454,1/2-1/2,A51,,83,9.53,6.46
FideChamp1999,1999,FideChamp,FIDE_split,14,FIDE-Wch k.o.,"Ricardi, Pablo","Speelman, Jonathan S",2474,2597,1/2-1/2,B04,,95,7.98,7.49
FideChamp1998,1998,FideChamp,FIDE_split,324,FIDE-Wch k.o. f,"Anand, Viswanathan","Karpov, Anatoly",2770,2735,1-0,C78,,83,18.03,60.14
FideChamp1999,1999,FideChamp,FIDE_split,12,FIDE-Wch k.o.,"Tkachiev, Vladislav","Hoffman, Alejandro",2648,2524,1-0,D30,,49,3.43,18.65
FideChamp1999,1999,FideChamp,FIDE_split,10,FIDE-Wch k.o.,"Nisipeanu, Liviu Dieter","Djuric, Stefan",2584,2504,1-0,C41,,93,9,13.98
FideChamp1999,1999,FideChamp,FIDE_split,15,FIDE-Wch k.o.,"Shaked, Tal","Babula, Vlastimil",2471,2567,1-0,E98,,68,0.97,14.6
FideChamp1999,1999,FideChamp,FIDE_split,20,FIDE-Wch k.o.,"Kobalija, Mihail","De Firmian, Nick E",2573,2598,1/2-1/2,B90,,111,5.81,4.51
FideChamp1999,1999,FideChamp,FIDE_split,11,FIDE-Wch k.o.,Peng Xiaomin,"Sadvakasov, Darmen",2574,2468,1-0,B52,,99,8.7,15.27
FideChamp1999,1999,FideChamp,FIDE_split,18,FIDE-Wch k.o.,"Kasimdzhanov, Rustam","Bauer, Christian",2603,2480,1/2-1/2,D27,,81,6.59,7.14
FideChamp1999,1999,FideChamp,FIDE_split,17,FIDE-Wch k.o.,"Ivanov, Alexander","Milos, Gilberto",2515,2586,0-1,B91,,97,19.42,17.43
FideChamp1999,1999,FideChamp,FIDE_split,16,FIDE-Wch k.o.,"Sokolov, Ivan","Kudrin, Sergey",2656,2525,1-0,E14,,61,7.96,25.08
FideChamp1999,1999,FideChamp,FIDE_split,22,FIDE-Wch k.o.,"Bouaziz, Slim","Kotronias, Vasilios",2372,2536,0-1,A68,,76,21.35,12.18
FideChamp1999,1999,FideChamp,FIDE_split,27,FIDE-Wch k.o.,"Spraggett, Kevin","Yermolinsky, Alex",2521,2588,1/2-1/2,D94,,47,15.6,15.89
FideChamp1999,1999,FideChamp,FIDE_split,26,FIDE-Wch k.o.,"Al Modiahki, Mohamad","Ponomariov, Ruslan",2553,2616,1/2-1/2,B25,,75,10.94,7.09
FideChamp1999,1999,FideChamp,FIDE_split,23,FIDE-Wch k.o.,"Asrian, Karen","Rodriguez, Andres",2575,2500,0-1,B74,,76,20.06,10.47
FideChamp1999,1999,FideChamp,FIDE_split,25,FIDE-Wch k.o.,"Dreev, Alexey","Zelcic, Robert",2679,2561,1/2-1/2,E11,,133,5.1,6.24
FideChamp1999,1999,FideChamp,FIDE_split,5,FIDE-Wch k.o.,"Akesson, Ralf","Miles, Anthony J",2535,2588,1-0,A40,,99,37.04,54.33
FideChamp1999,1999,FideChamp,FIDE_split,24,FIDE-Wch k.o.,"Dolmatov, Sergey","Kotsur, Pavel",2600,2545,0-1,B42,,62,21.78,2.44
FideChamp1999,1999,FideChamp,FIDE_split,31,FIDE-Wch k.o.,"Gurevich, Dmitry","Tiviakov, Sergei",2537,2611,1/2-1/2,E12,,35,6.36,2.46
FideChamp1999,1999,FideChamp,FIDE_split,21,FIDE-Wch k.o.,"Barua, Dibyendu","Khalifman, Alexander",2550,2628,1-0,B58,,119,21.3,24.18
FideChamp1999,1999,FideChamp,FIDE_split,29,FIDE-Wch k.o.,"Feldman, Vladimir","Magem Badals, Jorge",2332,2528,0-1,D15,,80,18,11.17
FideChamp1999,1999,FideChamp,FIDE_split,34,FIDE-Wch k.o.,"Fridman, Daniel","Adianto, Utut",2526,2607,1-0,E63,,69,11.29,25.43
FideChamp1999,1999,FideChamp,FIDE_split,28,FIDE-Wch k.o.,"Zubarev, Alexander","Stefansson, Hannes",2486,2584,1/2-1/2,D94,,155,17.7,25.97
FideChamp1999,1999,FideChamp,FIDE_split,36,FIDE-Wch k.o.,"Nijboer, Friso","Ehlvest, Jaan",2559,2592,1/2-1/2,C78,,120,16.45,9.46
FideChamp1999,1999,FideChamp,FIDE_split,38,FIDE-Wch k.o.,"Milov, Vadim","Macieja, Bartlomiej",2626,2542,1-0,E48,,151,3.88,11.23
FideChamp1999,1999,FideChamp,FIDE_split,33,FIDE-Wch k.o.,"Ehlvest, Jaan","Nijboer, Friso",2592,2559,1-0,D79,,81,4.14,12.61
FideChamp1999,1999,FideChamp,FIDE_split,32,FIDE-Wch k.o.,"Gulko, Boris F","Reinderman, Dimitri",2618,2525,1-0,E97,,99,11.35,31.98
FideChamp1999,1999,FideChamp,FIDE_split,41,FIDE-Wch k.o.,"Akopian, Vladimir","Chiburdanidze, Maia",2646,2551,1/2-1/2,A13,,75,7.21,7.03
FideChamp1999,1999,FideChamp,FIDE_split,37,FIDE-Wch k.o.,"Rozentalis, Eduardas","Aronian, Levon",2586,2518,0-1,E14,,120,17.89,15.57
FideChamp1999,1999,FideChamp,FIDE_split,35,FIDE-Wch k.o.,"Mohamed, Esam Ahmed Nagib","Andersson, Ulf",2455,2623,0-1,D05,,92,32.02,17.07
FideChamp1999,1999,FideChamp,FIDE_split,42,FIDE-Wch k.o.,"Benjamin, Joel","Nielsen, Peter Heine",2579,2560,1/2-1/2,C24,,86,15.03,13.38
FideChamp1999,1999,FideChamp,FIDE_split,47,FIDE-Wch k.o.,"Djuric, Stefan","Nisipeanu, Liviu Dieter",2504,2584,0-1,E14,,80,25.58,10.19
FideChamp1999,1999,FideChamp,FIDE_split,40,FIDE-Wch k.o.,"Cela, Altin","Wahls, Matthias",2524,2582,1/2-1/2,B95,,85,24.62,30.13
FideChamp1999,1999,FideChamp,FIDE_split,43,FIDE-Wch k.o.,"Becerra Rivero, Julio","Aleksandrov, Aleksej",2546,2619,0-1,C33,,54,65.04,13.52
FideChamp1999,1999,FideChamp,FIDE_split,39,FIDE-Wch k.o.,"Ponomariov, Ruslan","Al Modiahki, Mohamad",2616,2553,1-0,B47,,115,19.7,23.7
FideChamp1999,1999,FideChamp,FIDE_split,44,FIDE-Wch k.o.,"Bauer, Christian","Kasimdzhanov, Rustam",2480,2603,1-0,C78,,109,14.08,15.82
FideChamp1999,1999,FideChamp,FIDE_split,48,FIDE-Wch k.o.,"Hoffman, Alejandro","Tkachiev, Vladislav",2524,2648,0-1,D26,,80,33.47,22.69
FideChamp1999,1999,FideChamp,FIDE_split,45,FIDE-Wch k.o.,"De Firmian, Nick E","Kobalija, Mihail",2598,2573,0-1,B85,,114,23.42,15.13
FideChamp1999,1999,FideChamp,FIDE_split,50,FIDE-Wch k.o.,"Kobese, Watu","Lautier, Joel",2389,2638,0-1,B80,,46,28.53,7.05
FideChamp1999,1999,FideChamp,FIDE_split,51,FIDE-Wch k.o.,"Kotronias, Vasilios","Bouaziz, Slim",2536,2372,1/2-1/2,B12,,109,9.22,10.48
FideChamp1999,1999,FideChamp,FIDE_split,53,FIDE-Wch k.o.,"Tiviakov, Sergei","Gurevich, Dmitry",2611,2537,1/2-1/2,B36,,117,3.42,3.67
FideChamp1999,1999,FideChamp,FIDE_split,55,FIDE-Wch k.o.,"Zelcic, Robert","Dreev, Alexey",2561,2679,1/2-1/2,C11,,91,9.14,9.56
FideChamp1999,1999,FideChamp,FIDE_split,52,FIDE-Wch k.o.,"Stefansson, Hannes","Zubarev, Alexander",2584,2486,1/2-1/2,B60,,64,9.54,8.18
FideChamp1999,1999,FideChamp,FIDE_split,49,FIDE-Wch k.o.,"Khalifman, Alexander","Barua, Dibyendu",2628,2550,1-0,D58,,133,4.98,12.85
FideChamp1999,1999,FideChamp,FIDE_split,57,FIDE-Wch k.o.,"Kudrin, Sergey","Sokolov, Ivan",2525,2656,1/2-1/2,C24,,59,5.08,3.16
FideChamp1999,1999,FideChamp,FIDE_split,30,FIDE-Wch k.o.,"Chiburdanidze, Maia","Akopian, Vladimir",2551,2646,0-1,E14,,92,14.21,4.88
FideChamp1999,1999,FideChamp,FIDE_split,19,FIDE-Wch k.o.,"Aronian, Levon","Rozentalis, Eduardas",2518,2586,1-0,A07,,77,26.83,32.82
FideChamp1999,1999,FideChamp,FIDE_split,60,FIDE-Wch k.o.,"Milos, Gilberto","Ivanov, Alexander",2586,2515,1/2-1/2,B70,,42,14.88,16.82
FideChamp1999,1999,FideChamp,FIDE_split,54,FIDE-Wch k.o.,"Babula, Vlastimil","Shaked, Tal",2567,2471,1-0,E41,,103,7.79,19.94
FideChamp1999,1999,FideChamp,FIDE_split,61,FIDE-Wch k.o.,"Yermolinsky, Alex","Spraggett, Kevin",2588,2521,1/2-1/2,E94,,122,3.88,3.7
FideChamp1999,1999,FideChamp,FIDE_split,68,FIDE-Wch k.o. Sudden Death,"Gurevich, Dmitry","Tiviakov, Sergei",2537,2611,1/2-1/2,E00,,16,,
FideChamp1999,1999,FideChamp,FIDE_split,62,FIDE-Wch k.o.,"Zapata, Alonso","Psakhis, Lev",2454,2581,1/2-1/2,C08,,79,4.5,3.86
FideChamp1999,1999,FideChamp,FIDE_split,63,FIDE-Wch k.o.,"Reinderman, Dimitri","Gulko, Boris F",2525,2618,1/2-1/2,C65,,81,4.46,4.81
FideChamp1999,1999,FideChamp,FIDE_split,56,FIDE-Wch k.o.,"Kozak, Alexander","Antonio, Rogelio Jr",2350,2558,0-1,C02,,70,34.61,23.58
FideChamp1999,1999,FideChamp,FIDE_split,58,FIDE-Wch k.o.,"Magem Badals, Jorge","Feldman, Vladimir",2528,2332,1-0,B52,,97,9.91,46.11
FideChamp1999,1999,FideChamp,FIDE_split,46,FIDE-Wch k.o.,"Dizdar, Goran",Liang Chong,2549,2412,1-0,E16,,137,20.82,26.12
FideChamp1999,1999,FideChamp,FIDE_split,65,FIDE-Wch k.o.,"Sadvakasov, Darmen",Peng Xiaomin,2468,2574,1/2-1/2,C45,,116,3.33,2.67
FideChamp1999,1999,FideChamp,FIDE_split,59,FIDE-Wch k.o.,"Miles, Anthony J","Akesson, Ralf",2588,2535,1-0,A36,,113,20.23,45.62
FideChamp1999,1999,FideChamp,FIDE_split,67,FIDE-Wch k.o. Sudden Death,"Nielsen, Peter Heine","Benjamin, Joel",2560,2579,1-0,E62,,53,8.91,22.82
FideChamp1999,1999,FideChamp,FIDE_split,71,FIDE-Wch k.o. g/15+10,"Barua, Dibyendu","Khalifman, Alexander",2550,2628,1/2-1/2,B58,,98,13.18,10.27
FideChamp1999,1999,FideChamp,FIDE_split,75,FIDE-Wch k.o. g/25+10,"Miles, Anthony J","Akesson, Ralf",2588,2535,1/2-1/2,A25,,84,10.08,12.71
FideChamp1999,1999,FideChamp,FIDE_split,74,FIDE-Wch k.o. g/15+10,"Gurevich, Dmitry","Tiviakov, Sergei",2537,2611,0-1,E12,,80,47.86,31.56
FideChamp1999,1999,FideChamp,FIDE_split,64,FIDE-Wch k.o.,"Rodriguez, Andres","Asrian, Karen",2500,2575,0-1,B12,,136,20.08,21
FideChamp1999,1999,FideChamp,FIDE_split,72,FIDE-Wch k.o. g/15+10,"Benjamin, Joel","Nielsen, Peter Heine",2579,2560,1/2-1/2,C42,,118,12.93,12.6
FideChamp1999,1999,FideChamp,FIDE_split,69,FIDE-Wch k.o. Sudden Death,"Tiviakov, Sergei","Gurevich, Dmitry",2611,2537,1-0,B64,,119,20,52.49
FideChamp1999,1999,FideChamp,FIDE_split,77,FIDE-Wch k.o. g/15+10,"Stefansson, Hannes","Zubarev, Alexander",2584,2486,1-0,B60,,43,3.61,33.71
FideChamp1999,1999,FideChamp,FIDE_split,73,FIDE-Wch k.o. g/15+10,"Dreev, Alexey","Zelcic, Robert",2679,2561,1-0,A46,,109,17.06,32.34
FideChamp1999,1999,FideChamp,FIDE_split,76,FIDE-Wch k.o. g/25+10,"Nielsen, Peter Heine","Benjamin, Joel",2560,2579,1-0,E62,,79,19.28,27.09
FideChamp1999,1999,FideChamp,FIDE_split,82,FIDE-Wch k.o. g/15+10,"Zelcic, Robert","Dreev, Alexey",2561,2679,1/2-1/2,C11,,107,2.78,1.8
FideChamp1999,1999,FideChamp,FIDE_split,79,FIDE-Wch k.o. g/25+10,"Spraggett, Kevin","Yermolinsky, Alex",2521,2588,1/2-1/2,D75,,96,17.75,13.98
FideChamp1999,1999,FideChamp,FIDE_split,80,FIDE-Wch k.o. g/15+10,"Nielsen, Peter Heine","Benjamin, Joel",2560,2579,1/2-1/2,E11,,100,10.7,20.26
FideChamp1999,1999,FideChamp,FIDE_split,70,FIDE-Wch k.o. g/25+10,"Psakhis, Lev","Zapata, Alonso",2581,2454,1-0,A70,,95,20.34,23.88
FideChamp1999,1999,FideChamp,FIDE_split,84,FIDE-Wch k.o. g/25+10,"Akesson, Ralf","Miles, Anthony J",2535,2588,0-1,D10,,66,48.17,10.41
FideChamp1999,1999,FideChamp,FIDE_split,66,FIDE-Wch k.o.,"Speelman, Jonathan S","Ricardi, Pablo",2597,2474,1-0,A16,,85,12.18,17.89
FideChamp1999,1999,FideChamp,FIDE_split,83,FIDE-Wch k.o. g/15+10,"Zubarev, Alexander","Stefansson, Hannes",2486,2584,1/2-1/2,C54,,80,26.03,17.39
FideChamp1999,1999,FideChamp,FIDE_split,81,FIDE-Wch k.o. g/15+10,"Tiviakov, Sergei","Gurevich, Dmitry",2611,2537,0-1,B07,,66,48.1,30.14
FideChamp1999,1999,FideChamp,FIDE_split,85,FIDE-Wch k.o. g/25+10,"Babula, Vlastimil","Shaked, Tal",2567,2471,1/2-1/2,E42,,76,40.91,47.82
FideChamp1999,1999,FideChamp,FIDE_split,89,FIDE-Wch k.o. g/25+10,"Khalifman, Alexander","Barua, Dibyendu",2628,2550,1-0,D60,,63,5.11,23
FideChamp1999,1999,FideChamp,FIDE_split,90,FIDE-Wch k.o.,"Macieja, Bartlomiej","Milov, Vadim",2542,2626,1-0,B48,,89,5.54,11.9
FideChamp1999,1999,FideChamp,FIDE_split,87,FIDE-Wch k.o. g/25+10,"Dolmatov, Sergey","Kotsur, Pavel",2600,2548,1-0,B15,,81,8.46,21.69
FideChamp1999,1999,FideChamp,FIDE_split,92,FIDE-Wch k.o. g/25+10,"Tiviakov, Sergei","Gurevich, Dmitry",2611,2537,1/2-1/2,B38,,89,11.95,10.2
FideChamp1999,1999,FideChamp,FIDE_split,93,FIDE-Wch k.o. g/25+10,"Yermolinsky, Alex","Spraggett, Kevin",2588,2521,1-0,E94,,77,9.23,14.65
FideChamp1999,1999,FideChamp,FIDE_split,88,FIDE-Wch k.o. g/25+10,"Dreev, Alexey","Zelcic, Robert",2679,2561,0-1,A34,,120,35.05,35.09
FideChamp1999,1999,FideChamp,FIDE_split,96,FIDE-Wch k.o. g/25+10,"Barua, Dibyendu","Khalifman, Alexander",2550,2628,1-0,B58,,85,12.72,31.63
FideChamp1999,1999,FideChamp,FIDE_split,97,FIDE-Wch k.o. g/25+10,"Stefansson, Hannes","Zubarev, Alexander",2584,2486,1-0,B01,,57,17.24,49.21
FideChamp1999,1999,FideChamp,FIDE_split,100,FIDE-Wch k.o. g/25+10,"Gurevich, Dmitry","Tiviakov, Sergei",2537,2611,1/2-1/2,E12,,54,6.65,5.52
FideChamp1999,1999,FideChamp,FIDE_split,99,FIDE-Wch k.o. g/25+10,"Zapata, Alonso","Psakhis, Lev",2454,2581,1/2-1/2,C08,,120,3.98,3.11
FideChamp1999,1999,FideChamp,FIDE_split,91,FIDE-Wch k.o. g/25+10,"Rodriguez, Andres","Asrian, Karen",2500,2575,0-1,B12,,110,33.35,41.27
FideChamp1999,1999,FideChamp,FIDE_split,78,FIDE-Wch k.o. g/15+10,"Khalifman, Alexander","Barua, Dibyendu",2628,2550,1-0,D37,,177,9.07,14.25
FideChamp1999,1999,FideChamp,FIDE_split,94,FIDE-Wch k.o. g/25+10,"Zubarev, Alexander","Stefansson, Hannes",2486,2584,1-0,E19,,97,15.51,22.02
FideChamp1999,1999,FideChamp,FIDE_split,106,FIDE-Wch k.o.,"Smirin, Ilia","Psakhis, Lev",2671,2581,1/2-1/2,C11,,30,16.36,1.73
FideChamp1999,1999,FideChamp,FIDE_split,101,FIDE-Wch k.o. g/25+10,"Kotsur, Pavel","Dolmatov, Sergey",2548,2600,1/2-1/2,A04,,63,29.86,31.85
FideChamp1999,1999,FideChamp,FIDE_split,104,FIDE-Wch k.o.,"Tiviakov, Sergei","Kramnik, Vladimir",2611,2760,1/2-1/2,C43,,60,5.31,4.42
FideChamp1999,1999,FideChamp,FIDE_split,103,FIDE-Wch k.o.,"Akopian, Vladimir","Antonio, Rogelio Jr",2646,2558,1/2-1/2,A24,,92,10.76,10.07
FideChamp1999,1999,FideChamp,FIDE_split,98,FIDE-Wch k.o. g/25+10,"Shaked, Tal","Babula, Vlastimil",2471,2567,1-0,E98,,105,22.63,54.46
FideChamp1999,1999,FideChamp,FIDE_split,95,FIDE-Wch k.o. g/25+10,"Asrian, Karen","Rodriguez, Andres",2575,2500,1/2-1/2,B74,,127,48.07,42.56
FideChamp1999,1999,FideChamp,FIDE_split,105,FIDE-Wch k.o.,"Yermolinsky, Alex","Rublevsky, Sergei",2588,2660,1/2-1/2,A28,,88,4.28,6
FideChamp1999,1999,FideChamp,FIDE_split,86,FIDE-Wch k.o. g/25+10,"Benjamin, Joel","Nielsen, Peter Heine",2579,2560,1-0,C24,,173,33.87,55.3
FideChamp1999,1999,FideChamp,FIDE_split,102,FIDE-Wch k.o. g/25+10,"Zelcic, Robert","Dreev, Alexey",2561,2679,0-1,B58,,96,32.3,25.41
FideChamp1999,1999,FideChamp,FIDE_split,114,FIDE-Wch k.o.,"Andersson, Ulf","Zvjaginsev, Vadim",2623,2652,1/2-1/2,D30,,36,13.5,6.93
FideChamp1999,1999,FideChamp,FIDE_split,108,FIDE-Wch k.o.,"Stefansson, Hannes","Shipov, Sergei",2584,2658,1/2-1/2,B84,,57,17,14.67
FideChamp1999,1999,FideChamp,FIDE_split,112,FIDE-Wch k.o.,"Aleksandrov, Aleksej","Svidler, Peter",2619,2684,1/2-1/2,D97,,47,5.45,5.16
FideChamp1999,1999,FideChamp,FIDE_split,117,FIDE-Wch k.o.,"Bauer, Christian","Leko, Peter",2480,2701,1/2-1/2,B30,,32,5.83,12.42
FideChamp1999,1999,FideChamp,FIDE_split,109,FIDE-Wch k.o.,"Ponomariov, Ruslan","Topalov, Veselin",2616,2690,1-0,B90,,105,6.39,23.1
FideChamp1999,1999,FideChamp,FIDE_split,113,FIDE-Wch k.o.,"Almasi, Zoltan",Peng Xiaomin,2663,2574,0-1,D85,,82,29,16.76
FideChamp1999,1999,FideChamp,FIDE_split,115,FIDE-Wch k.o.,"Asrian, Karen","Sadler, Matthew",2575,2626,1-0,B92,,101,7.06,12.04
FideChamp1999,1999,FideChamp,FIDE_split,116,FIDE-Wch k.o.,"Azmaiparashvili, Zurab","Nisipeanu, Liviu Dieter",2681,2584,1/2-1/2,E13,,79,12.75,12.54
FideChamp1999,1999,FideChamp,FIDE_split,107,FIDE-Wch k.o.,"Timman, Jan H","Aronian, Levon",2650,2518,1-0,A16,,119,14.79,15.2
FideChamp1999,1999,FideChamp,FIDE_split,119,FIDE-Wch k.o.,"Ehlvest, Jaan","Bareev, Evgeny",2592,2698,1/2-1/2,A11,,155,8.54,8.79
FideChamp1999,1999,FideChamp,FIDE_split,125,FIDE-Wch k.o.,"Kobalija, Mihail","Adams, Michael",2573,2708,0-1,C64,,66,19.55,7.52
FideChamp1999,1999,FideChamp,FIDE_split,120,FIDE-Wch k.o.,"Georgiev, Kiril","Shaked, Tal",2650,2471,1-0,E34,,201,4.84,14.45
FideChamp1999,1999,FideChamp,FIDE_split,121,FIDE-Wch k.o.,"Gulko, Boris F","Fedorov, Alexei",2618,2659,1/2-1/2,E97,,85,14.54,15.71
FideChamp1999,1999,FideChamp,FIDE_split,123,FIDE-Wch k.o.,"Ivanchuk, Vassily","Wahls, Matthias",2702,2582,1-0,B90,,57,8.28,23.96
FideChamp1999,1999,FideChamp,FIDE_split,128,FIDE-Wch k.o.,"Lautier, Joel","Sakaev, Konstantin",2638,2648,1/2-1/2,D18,,34,2.08,2.15
FideChamp1999,1999,FideChamp,FIDE_split,126,FIDE-Wch k.o.,"Kortschnoj, Viktor","Dolmatov, Sergey",2676,2600,1-0,A88,,43,2.44,11.35
FideChamp1999,1999,FideChamp,FIDE_split,124,FIDE-Wch k.o.,"Kamsky, Gata","Khalifman, Alexander",2720,2628,1-0,B83,,73,8.82,19.09
FideChamp1999,1999,FideChamp,FIDE_split,118,FIDE-Wch k.o.,"Dreev, Alexey","Kotronias, Vasilios",2679,2536,1-0,A65,,115,5.63,10.19
FideChamp1999,1999,FideChamp,FIDE_split,111,FIDE-Wch k.o.,"Shirov, Alexei","Sokolov, Ivan",2734,2656,0-1,C42,,94,56.42,20.37
FideChamp1999,1999,FideChamp,FIDE_split,129,FIDE-Wch k.o.,"Leitao, Rafael","Macieja, Bartlomiej",2574,2542,1-0,E11,,77,18.77,21.71
FideChamp1999,1999,FideChamp,FIDE_split,134,FIDE-Wch k.o.,"Gelfand, Boris","Speelman, Jonathan S",2713,2597,1-0,E34,,106,3.1,11.31
FideChamp1999,1999,FideChamp,FIDE_split,133,FIDE-Wch k.o.,"Magem Badals, Jorge","Tkachiev, Vladislav",2528,2648,1/2-1/2,B07,,74,13.12,10.94
FideChamp1999,1999,FideChamp,FIDE_split,139,FIDE-Wch k.o.,"Sakaev, Konstantin","Lautier, Joel",2648,2638,1/2-1/2,D30,,18,,
FideChamp1999,1999,FideChamp,FIDE_split,130,FIDE-Wch k.o.,"Polgar, Judit","Nielsen, Peter Heine",2671,2560,1-0,C42,,75,3.68,12.97
FideChamp1999,1999,FideChamp,FIDE_split,127,FIDE-Wch k.o.,"Krasenkow, Michal","Miles, Anthony J",2647,2588,0-1,D10,,90,18.54,12.2
FideChamp1999,1999,FideChamp,FIDE_split,122,FIDE-Wch k.o.,"Hamdouchi, Hichem","Beliavsky, Alexander G",2520,2618,0-1,B07,,102,42.3,39.91
FideChamp1999,1999,FideChamp,FIDE_split,135,FIDE-Wch k.o.,"Bareev, Evgeny","Ehlvest, Jaan",2698,2592,1-0,E61,,79,29.19,28.49
FideChamp1999,1999,FideChamp,FIDE_split,137,FIDE-Wch k.o.,"Antonio, Rogelio Jr","Akopian, Vladimir",2558,2646,1/2-1/2,B08,,70,6,2.58
FideChamp1999,1999,FideChamp,FIDE_split,141,FIDE-Wch k.o.,"Fedorov, Alexei","Gulko, Boris F",2659,2618,1-0,C18,,67,14.6,26.97
FideChamp1999,1999,FideChamp,FIDE_split,136,FIDE-Wch k.o.,"Aronian, Levon","Timman, Jan H",2518,2650,1/2-1/2,A30,,97,14.24,11.3
FideChamp1999,1999,FideChamp,FIDE_split,142,FIDE-Wch k.o.,"Salov, Valery","Milos, Gilberto",2656,2586,0-1,E15,,74,20.03,3.94
FideChamp1999,1999,FideChamp,FIDE_split,144,FIDE-Wch k.o.,"Shipov, Sergei","Stefansson, Hannes",2658,2584,1/2-1/2,E32,,92,4.52,4.62
FideChamp1999,1999,FideChamp,FIDE_split,131,FIDE-Wch k.o.,"Movsesian, Sergei","Dizdar, Goran",2659,2549,1-0,C02,,79,9.44,20
FideChamp1999,1999,FideChamp,FIDE_split,145,FIDE-Wch k.o.,"Sokolov, Ivan","Shirov, Alexei",2656,2734,0-1,E97,,48,36,17
FideChamp1999,1999,FideChamp,FIDE_split,151,FIDE-Wch k.o.,"Psakhis, Lev","Smirin, Ilia",2581,2671,1/2-1/2,E65,,19,,
FideChamp1999,1999,FideChamp,FIDE_split,150,FIDE-Wch k.o.,"Rublevsky, Sergei","Yermolinsky, Alex",2660,2588,1/2-1/2,A34,,24,10.88,5.12
FideChamp1999,1999,FideChamp,FIDE_split,140,FIDE-Wch k.o.,"Beliavsky, Alexander G","Hamdouchi, Hichem",2618,2520,1/2-1/2,E94,,130,15.33,13.02
FideChamp1999,1999,FideChamp,FIDE_split,143,FIDE-Wch k.o.,"Shaked, Tal","Georgiev, Kiril",2471,2650,0-1,E20,,110,18.25,17.33
FideChamp1999,1999,FideChamp,FIDE_split,132,FIDE-Wch k.o.,"Milos, Gilberto","Salov, Valery",2586,2656,1-0,C65,,113,15.23,19.12
FideChamp1999,1999,FideChamp,FIDE_split,155,FIDE-Wch k.o.,"Fridman, Daniel","Short, Nigel D",2526,2675,1/2-1/2,A09,,39,7.56,4
FideChamp1999,1999,FideChamp,FIDE_split,146,FIDE-Wch k.o.,"Speelman, Jonathan S","Gelfand, Boris",2597,2713,1/2-1/2,A15,,83,16.76,12.19
FideChamp1999,1999,FideChamp,FIDE_split,149,FIDE-Wch k.o.,"Sadler, Matthew","Asrian, Karen",2626,2575,1/2-1/2,D36,,100,9.28,6.63
FideChamp1999,1999,FideChamp,FIDE_split,138,FIDE-Wch k.o.,"Adams, Michael","Kobalija, Mihail",2708,2573,1-0,B42,,103,21.02,22.26
FideChamp1999,1999,FideChamp,FIDE_split,147,FIDE-Wch k.o.,"Svidler, Peter","Aleksandrov, Aleksej",2684,2619,1-0,C67,,81,9.43,15.17
FideChamp1999,1999,FideChamp,FIDE_split,110,FIDE-Wch k.o.,"Short, Nigel D","Fridman, Daniel",2675,2526,1-0,C55,,57,6.44,33.33
FideChamp1999,1999,FideChamp,FIDE_split,148,FIDE-Wch k.o.,"Tkachiev, Vladislav","Magem Badals, Jorge",2648,2528,1/2-1/2,D26,,75,35.85,22.91
FideChamp1999,1999,FideChamp,FIDE_split,159,FIDE-Wch k.o.,"Zvjaginsev, Vadim","Andersson, Ulf",2652,2623,1/2-1/2,E21,,100,9.07,7.8
FideChamp1999,1999,FideChamp,FIDE_split,160,FIDE-Wch k.o.,"Macieja, Bartlomiej","Leitao, Rafael",2542,2574,1/2-1/2,B40,,92,9.02,8.67
FideChamp1999,1999,FideChamp,FIDE_split,162,FIDE-Wch k.o.,"Dolmatov, Sergey","Kortschnoj, Viktor",2600,2676,1-0,C65,,75,21,21.15
FideChamp1999,1999,FideChamp,FIDE_split,158,FIDE-Wch k.o.,"Kramnik, Vladimir","Tiviakov, Sergei",2760,2611,1-0,E32,,83,10.24,16.46
FideChamp1999,1999,FideChamp,FIDE_split,161,FIDE-Wch k.o.,"Dizdar, Goran","Movsesian, Sergei",2549,2659,0-1,E68,,94,25.74,19.44
FideChamp1999,1999,FideChamp,FIDE_split,153,FIDE-Wch k.o.,"Topalov, Veselin","Ponomariov, Ruslan",2690,2616,1-0,D20,,95,9.91,21.14
FideChamp1999,1999,FideChamp,FIDE_split,154,FIDE-Wch k.o.,"Wahls, Matthias","Ivanchuk, Vassily",2582,2702,0-1,C26,,64,59.11,28
FideChamp1999,1999,FideChamp,FIDE_split,157,FIDE-Wch k.o.,"Kotronias, Vasilios","Dreev, Alexey",2536,2679,1/2-1/2,B12,,114,24.08,25.42
FideChamp1999,1999,FideChamp,FIDE_split,166,FIDE-Wch k.o.,"Nisipeanu, Liviu Dieter","Azmaiparashvili, Zurab",2584,2681,1/2-1/2,C60,,88,9.07,8.38
FideChamp1999,1999,FideChamp,FIDE_split,164,FIDE-Wch k.o.,"Nielsen, Peter Heine","Polgar, Judit",2560,2671,1/2-1/2,E05,,115,12.57,9.55
FideChamp1999,1999,FideChamp,FIDE_split,163,FIDE-Wch k.o.,"Leko, Peter","Bauer, Christian",2701,2480,1-0,C41,,97,8.22,16.02
FideChamp1999,1999,FideChamp,FIDE_split,169,FIDE-Wch k.o. g/25+10,"Ponomariov, Ruslan","Topalov, Veselin",2616,2690,1/2-1/2,B51,,123,3.22,2.82
FideChamp1999,1999,FideChamp,FIDE_split,171,FIDE-Wch k.o. g/25+10,"Azmaiparashvili, Zurab","Nisipeanu, Liviu Dieter",2681,2584,0-1,E15,,100,25.54,14.54
FideChamp1999,1999,FideChamp,FIDE_split,174,FIDE-Wch k.o. g/25+10,"Shirov, Alexei","Sokolov, Ivan",2734,2656,1-0,C64,,104,4.08,36.33
FideChamp1999,1999,FideChamp,FIDE_split,170,FIDE-Wch k.o. g/25+10,"Almasi, Zoltan",Peng Xiaomin,2663,2574,1-0,C96,,91,9.29,15.88
FideChamp1999,1999,FideChamp,FIDE_split,156,FIDE-Wch k.o.,"Khalifman, Alexander","Kamsky, Gata",2628,2720,1-0,E15,,133,20.06,22.66
FideChamp1999,1999,FideChamp,FIDE_split,168,FIDE-Wch k.o. g/25+10,"Magem Badals, Jorge","Tkachiev, Vladislav",2528,2648,1-0,B06,,84,17.21,30.58
FideChamp1999,1999,FideChamp,FIDE_split,172,FIDE-Wch k.o. g/25+10,"Akopian, Vladimir","Antonio, Rogelio Jr",2646,2558,1-0,A45,,89,15.78,31.77
FideChamp1999,1999,FideChamp,FIDE_split,176,FIDE-Wch k.o. g/25+10,"Sakaev, Konstantin","Lautier, Joel",2648,2638,0-1,D20,,69,21.39,16.43
FideChamp1999,1999,FideChamp,FIDE_split,167,FIDE-Wch k.o. g/25+10,"Miles, Anthony J","Krasenkow, Michal",2588,2647,0-1,A06,,76,24.41,12.68
FideChamp1999,1999,FideChamp,FIDE_split,177,FIDE-Wch k.o. g/25+10,"Zvjaginsev, Vadim","Andersson, Ulf",2652,2623,1-0,E21,,110,10.53,15.78
FideChamp1999,1999,FideChamp,FIDE_split,152,FIDE-Wch k.o.,Peng Xiaomin,"Almasi, Zoltan",2574,2663,0-1,B43,,116,29.41,25.28
FideChamp1999,1999,FideChamp,FIDE_split,178,FIDE-Wch k.o. g/25+10,"Tkachiev, Vladislav","Magem Badals, Jorge",2648,2528,0-1,D26,,118,21.16,15.07
FideChamp1999,1999,FideChamp,FIDE_split,183,FIDE-Wch k.o. g/25+10,"Yermolinsky, Alex","Rublevsky, Sergei",2588,2660,0-1,A28,,98,15.13,8.02
FideChamp1999,1999,FideChamp,FIDE_split,173,FIDE-Wch k.o. g/25+10,"Smirin, Ilia","Psakhis, Lev",2671,2581,0-1,C11,,116,52.31,47.33
FideChamp1999,1999,FideChamp,FIDE_split,179,FIDE-Wch k.o. g/25+10,"Rublevsky, Sergei","Yermolinsky, Alex",2660,2588,1-0,B27,,81,24.22,20.36
FideChamp1999,1999,FideChamp,FIDE_split,180,FIDE-Wch k.o. g/25+10,"Krasenkow, Michal","Miles, Anthony J",2647,2588,1/2-1/2,A32,,236,4.72,3.61
FideChamp1999,1999,FideChamp,FIDE_split,188,FIDE-Wch k.o. g/25+10,"Psakhis, Lev","Smirin, Ilia",2581,2671,1/2-1/2,E65,,35,2.07,4.92
FideChamp1999,1999,FideChamp,FIDE_split,187,FIDE-Wch k.o. g/25+10,"Sokolov, Ivan","Shirov, Alexei",2656,2734,1/2-1/2,D85,,41,13.35,13.19
FideChamp1999,1999,FideChamp,FIDE_split,189,FIDE-Wch k.o. g/25+10,"Dolmatov, Sergey","Kortschnoj, Viktor",2600,2676,0-1,C11,,74,9.58,5.61
FideChamp1999,1999,FideChamp,FIDE_split,181,FIDE-Wch k.o. g/25+10,"Kortschnoj, Viktor","Dolmatov, Sergey",2676,2600,0-1,A87,,116,20.09,14.67
FideChamp1999,1999,FideChamp,FIDE_split,182,FIDE-Wch k.o. g/25+10,"Kamsky, Gata","Khalifman, Alexander",2720,2628,1/2-1/2,C42,,122,23.4,20.54
FideChamp1999,1999,FideChamp,FIDE_split,185,FIDE-Wch k.o. g/25+10,"Stefansson, Hannes","Shipov, Sergei",2584,2658,1/2-1/2,B85,,88,22.02,19.88
FideChamp1999,1999,FideChamp,FIDE_split,184,FIDE-Wch k.o. g/25+10,"Topalov, Veselin","Ponomariov, Ruslan",2690,2616,1/2-1/2,A32,,139,16.97,17.65
FideChamp1999,1999,FideChamp,FIDE_split,193,FIDE-Wch k.o. g/25+10,"Andersson, Ulf","Zvjaginsev, Vadim",2623,2652,1/2-1/2,D43,,44,10.11,6.5
FideChamp1999,1999,FideChamp,FIDE_split,195,FIDE-Wch k.o. g/25+10,"Antonio, Rogelio Jr","Akopian, Vladimir",2558,2646,1/2-1/2,B04,,119,5.71,6.05
FideChamp1999,1999,FideChamp,FIDE_split,190,FIDE-Wch k.o. g/15+10,"Kortschnoj, Viktor","Dolmatov, Sergey",2676,2600,1-0,A87,,73,15.52,45.22
FideChamp1999,1999,FideChamp,FIDE_split,186,FIDE-Wch k.o. g/15+10,"Ponomariov, Ruslan","Topalov, Veselin",2616,2690,0-1,B51,,90,20.15,13
FideChamp1999,1999,FideChamp,FIDE_split,196,FIDE-Wch k.o. g/25+10,"Lautier, Joel","Sakaev, Konstantin",2638,2648,1/2-1/2,D18,,49,11.33,4.75
FideChamp1999,1999,FideChamp,FIDE_split,175,FIDE-Wch k.o. g/25+10,"Shipov, Sergei","Stefansson, Hannes",2658,2584,1-0,E32,,95,12.25,21.65
FideChamp1999,1999,FideChamp,FIDE_split,194,FIDE-Wch k.o. g/25+10,Peng Xiaomin,"Almasi, Zoltan",2574,2663,0-1,C67,,98,18.49,10.16
FideChamp1999,1999,FideChamp,FIDE_split,192,FIDE-Wch k.o. g/15+10,"Dolmatov, Sergey","Kortschnoj, Viktor",2600,2676,0-1,B40,,97,14.78,10.68
FideChamp1999,1999,FideChamp,FIDE_split,165,FIDE-Wch k.o.,"Miles, Anthony J","Krasenkow, Michal",2588,2647,0-1,A54,,104,15.15,9.12
FideChamp1999,1999,FideChamp,FIDE_split,197,FIDE-Wch k.o. g/25+10,"Nisipeanu, Liviu Dieter","Azmaiparashvili, Zurab",2584,2681,1/2-1/2,B09,,102,14.81,12.49
FideChamp1999,1999,FideChamp,FIDE_split,200,FIDE-Wch k.o.,"Bareev, Evgeny","Akopian, Vladimir",2698,2646,1/2-1/2,D46,,59,3.35,2.24
FideChamp1999,1999,FideChamp,FIDE_split,204,FIDE-Wch k.o.,"Rublevsky, Sergei","Dreev, Alexey",2660,2679,1/2-1/2,B18,,30,10.82,9.55
FideChamp1999,1999,FideChamp,FIDE_split,203,FIDE-Wch k.o.,"Magem Badals, Jorge","Polgar, Judit",2528,2671,1/2-1/2,B90,,47,14.1,21.58
FideChamp1999,1999,FideChamp,FIDE_split,199,FIDE-Wch k.o. g/25+10,"Bareev, Evgeny","Akopian, Vladimir",2698,2646,1/2-1/2,D43,,153,17.71,16.4
FideChamp1999,1999,FideChamp,FIDE_split,202,FIDE-Wch k.o.,"Almasi, Zoltan","Adams, Michael",2663,2708,1/2-1/2,E13,,64,9.07,9.04
FideChamp1999,1999,FideChamp,FIDE_split,209,FIDE-Wch k.o. g/25+10,"Gelfand, Boris","Lautier, Joel",2713,2638,1/2-1/2,D46,,88,13.2,11.68
FideChamp1999,1999,FideChamp,FIDE_split,205,FIDE-Wch k.o. g/15+10,"Gelfand, Boris","Lautier, Joel",2713,2638,1-0,D46,,129,9.62,15.18
FideChamp1999,1999,FideChamp,FIDE_split,206,FIDE-Wch k.o. g/25+10,"Shirov, Alexei","Milos, Gilberto",2734,2586,1-0,B81,,67,27.9,64.79
FideChamp1999,1999,FideChamp,FIDE_split,191,FIDE-Wch k.o. g/15+10,"Topalov, Veselin","Ponomariov, Ruslan",2690,2616,1-0,D27,,135,37.66,38.46
FideChamp1999,1999,FideChamp,FIDE_split,207,FIDE-Wch k.o. g/25+10,"Nisipeanu, Liviu Dieter","Leitao, Rafael",2584,2574,1-0,B92,,95,19.11,31
FideChamp1999,1999,FideChamp,FIDE_split,214,FIDE-Wch k.o. g/25+10,"Akopian, Vladimir","Bareev, Evgeny",2646,2698,1-0,D23,,35,7.36,32.38
FideChamp1999,1999,FideChamp,FIDE_split,210,FIDE-Wch k.o. g/25+10,"Movsesian, Sergei","Leko, Peter",2659,2701,1-0,C65,,63,20.43,33.26
FideChamp1999,1999,FideChamp,FIDE_split,212,FIDE-Wch k.o. g/25+10,"Leitao, Rafael","Nisipeanu, Liviu Dieter",2574,2584,1/2-1/2,E15,,89,12.56,14.05
FideChamp1999,1999,FideChamp,FIDE_split,211,FIDE-Wch k.o. g/25+10,"Milos, Gilberto","Shirov, Alexei",2586,2734,0-1,C11,,84,55.84,21.66
FideChamp1999,1999,FideChamp,FIDE_split,215,FIDE-Wch k.o. g/15+10,"Lautier, Joel","Gelfand, Boris",2638,2713,0-1,C43,,50,104.14,49.38
FideChamp1999,1999,FideChamp,FIDE_split,198,FIDE-Wch k.o. g/25+10,"Khalifman, Alexander","Kamsky, Gata",2628,2720,1-0,D37,,121,28.23,31.54
FideChamp1999,1999,FideChamp,FIDE_split,221,FIDE-Wch k.o.,"Leitao, Rafael","Nisipeanu, Liviu Dieter",2574,2584,1/2-1/2,E43,,46,7.26,7
FideChamp1999,1999,FideChamp,FIDE_split,201,FIDE-Wch k.o.,"Beliavsky, Alexander G","Short, Nigel D",2618,2675,0-1,E34,,153,18.92,16.17
FideChamp1999,1999,FideChamp,FIDE_split,208,FIDE-Wch k.o. g/25+10,"Leko, Peter","Movsesian, Sergei",2701,2659,1/2-1/2,B48,,108,49.66,57.5
FideChamp1999,1999,FideChamp,FIDE_split,216,FIDE-Wch k.o.,"Georgiev, Kiril","Svidler, Peter",2650,2684,1-0,D77,,93,8.35,13.17
FideChamp1999,1999,FideChamp,FIDE_split,220,FIDE-Wch k.o.,"Leko, Peter","Movsesian, Sergei",2701,2659,1/2-1/2,B80,,87,6.28,6.97
FideChamp1999,1999,FideChamp,FIDE_split,224,FIDE-Wch k.o.,"Kortschnoj, Viktor","Kramnik, Vladimir",2676,2760,1/2-1/2,A32,,46,6.32,8.05
FideChamp1999,1999,FideChamp,FIDE_split,218,FIDE-Wch k.o.,"Timman, Jan H","Fedorov, Alexei",2650,2659,0-1,E63,,108,20.78,15.04
FideChamp1999,1999,FideChamp,FIDE_split,225,FIDE-Wch k.o.,"Khalifman, Alexander","Asrian, Karen",2628,2575,1/2-1/2,D58,,54,10,15.13
FideChamp1999,1999,FideChamp,FIDE_split,217,FIDE-Wch k.o.,"Topalov, Veselin","Psakhis, Lev",2690,2581,1-0,A30,,81,13,19.53
FideChamp1999,1999,FideChamp,FIDE_split,219,FIDE-Wch k.o.,"Shirov, Alexei","Milos, Gilberto",2734,2586,1-0,C88,,100,10.85,29.11
FideChamp1999,1999,FideChamp,FIDE_split,223,FIDE-Wch k.o.,"Krasenkow, Michal","Zvjaginsev, Vadim",2647,2652,0-1,D37,,92,16,4.64
FideChamp1999,1999,FideChamp,FIDE_split,231,FIDE-Wch k.o.,"Movsesian, Sergei","Leko, Peter",2659,2701,1/2-1/2,B18,,31,10.67,6.36
FideChamp1999,1999,FideChamp,FIDE_split,226,FIDE-Wch k.o.,"Ivanchuk, Vassily","Shipov, Sergei",2702,2658,1-0,D80,,81,5.38,13.17
FideChamp1999,1999,FideChamp,FIDE_split,222,FIDE-Wch k.o.,"Lautier, Joel","Gelfand, Boris",2638,2713,1/2-1/2,B87,,154,12.27,10.34
FideChamp1999,1999,FideChamp,FIDE_split,228,FIDE-Wch k.o.,"Shipov, Sergei","Ivanchuk, Vassily",2658,2702,0-1,E39,,62,77.48,3.59
FideChamp1999,1999,FideChamp,FIDE_split,235,FIDE-Wch k.o.,"Psakhis, Lev","Topalov, Veselin",2581,2690,1/2-1/2,B92,,37,12.07,6.29
FideChamp1999,1999,FideChamp,FIDE_split,232,FIDE-Wch k.o.,"Milos, Gilberto","Shirov, Alexei",2586,2734,1-0,C11,,63,8.57,19.19
FideChamp1999,1999,FideChamp,FIDE_split,233,FIDE-Wch k.o.,"Svidler, Peter","Georgiev, Kiril",2684,2650,1/2-1/2,B90,,61,7.59,4.77
FideChamp1999,1999,FideChamp,FIDE_split,230,FIDE-Wch k.o.,"Nisipeanu, Liviu Dieter","Leitao, Rafael",2584,2574,1/2-1/2,B92,,98,11.36,10.09
FideChamp1999,1999,FideChamp,FIDE_split,227,FIDE-Wch k.o.,"Polgar, Judit","Magem Badals, Jorge",2671,2528,1-0,B14,,79,16.31,37.34
FideChamp1999,1999,FideChamp,FIDE_split,213,FIDE-Wch k.o. g/25+10,"Lautier, Joel","Gelfand, Boris",2638,2713,1/2-1/2,E15,,132,20.66,19.82
FideChamp1999,1999,FideChamp,FIDE_split,239,FIDE-Wch k.o.,"Gelfand, Boris","Lautier, Joel",2713,2638,1/2-1/2,D46,,35,8.29,5.77
FideChamp1999,1999,FideChamp,FIDE_split,236,FIDE-Wch k.o.,"Akopian, Vladimir","Bareev, Evgeny",2646,2698,1/2-1/2,D10,,76,5.71,4.62
FideChamp1999,1999,FideChamp,FIDE_split,242,FIDE-Wch k.o.,"Fedorov, Alexei","Timman, Jan H",2659,2650,1/2-1/2,C39,,33,10.69,34.75
FideChamp1999,1999,FideChamp,FIDE_split,245,FIDE-Wch k.o.,"Polgar, Judit","Zvjaginsev, Vadim",2671,2652,1/2-1/2,B36,,35,8,5.15
FideChamp1999,1999,FideChamp,FIDE_split,229,FIDE-Wch k.o.,"Short, Nigel D","Beliavsky, Alexander G",2675,2618,1/2-1/2,B07,,120,17.43,14.45
FideChamp1999,1999,FideChamp,FIDE_split,237,FIDE-Wch k.o.,"Kramnik, Vladimir","Kortschnoj, Viktor",2760,2676,1-0,D26,,81,2.95,11.58
FideChamp1999,1999,FideChamp,FIDE_split,243,FIDE-Wch k.o.,"Topalov, Veselin","Kramnik, Vladimir",2690,2760,1/2-1/2,C42,,99,1.98,3.07
FideChamp1999,1999,FideChamp,FIDE_split,234,FIDE-Wch k.o.,"Zvjaginsev, Vadim","Krasenkow, Michal",2652,2647,1/2-1/2,A55,,75,13.71,12.27
FideChamp1999,1999,FideChamp,FIDE_split,248,FIDE-Wch k.o.,"Khalifman, Alexander","Gelfand, Boris",2628,2713,1/2-1/2,B92,,41,8.88,9.06
FideChamp1999,1999,FideChamp,FIDE_split,250,FIDE-Wch k.o.,"Adams, Michael","Dreev, Alexey",2708,2679,1/2-1/2,D26,,46,13.89,12.84
FideChamp1999,1999,FideChamp,FIDE_split,252,FIDE-Wch k.o.,"Dreev, Alexey","Adams, Michael",2679,2708,1/2-1/2,E12,,27,3.9,0
FideChamp1999,1999,FideChamp,FIDE_split,238,FIDE-Wch k.o.,"Adams, Michael","Almasi, Zoltan",2708,2663,1-0,C67,,87,2.35,6.56
FideChamp1999,1999,FideChamp,FIDE_split,247,FIDE-Wch k.o.,"Movsesian, Sergei","Fedorov, Alexei",2659,2659,1/2-1/2,B78,,73,26.55,20.47
FideChamp1999,1999,FideChamp,FIDE_split,249,FIDE-Wch k.o.,"Georgiev, Kiril","Akopian, Vladimir",2650,2646,1/2-1/2,A29,,107,11.76,9.43
FideChamp1999,1999,FideChamp,FIDE_split,256,FIDE-Wch k.o.,"Zvjaginsev, Vadim","Polgar, Judit",2652,2671,1/2-1/2,E20,,54,6.3,5.91
FideChamp1999,1999,FideChamp,FIDE_split,241,FIDE-Wch k.o.,"Dreev, Alexey","Rublevsky, Sergei",2679,2660,1-0,D20,,89,9.46,15.4
FideChamp1999,1999,FideChamp,FIDE_split,254,FIDE-Wch k.o.,"Ivanchuk, Vassily","Nisipeanu, Liviu Dieter",2702,2584,1/2-1/2,E15,,59,4.15,5.36
FideChamp1999,1999,FideChamp,FIDE_split,255,FIDE-Wch k.o.,"Kramnik, Vladimir","Topalov, Veselin",2760,2690,1/2-1/2,D28,,57,8.96,7.58
FideChamp1999,1999,FideChamp,FIDE_split,257,FIDE-Wch k.o.,"Short, Nigel D","Shirov, Alexei",2675,2734,1/2-1/2,C39,,72,8.09,12.25
FideChamp1999,1999,FideChamp,FIDE_split,240,FIDE-Wch k.o.,"Asrian, Karen","Khalifman, Alexander",2575,2628,0-1,B74,,122,18.12,14.72
FideChamp1999,1999,FideChamp,FIDE_split,259,FIDE-Wch k.o. g/25+10,"Ivanchuk, Vassily","Nisipeanu, Liviu Dieter",2702,2584,1/2-1/2,A30,,44,9.28,6.28
FideChamp1999,1999,FideChamp,FIDE_split,246,FIDE-Wch k.o.,"Nisipeanu, Liviu Dieter","Ivanchuk, Vassily",2584,2702,1/2-1/2,B66,,109,11.51,9.8
FideChamp1999,1999,FideChamp,FIDE_split,258,FIDE-Wch k.o.,"Gelfand, Boris","Khalifman, Alexander",2713,2628,1/2-1/2,D18,,47,3.3,0.68
FideChamp1999,1999,FideChamp,FIDE_split,244,FIDE-Wch k.o.,"Shirov, Alexei","Short, Nigel D",2734,2675,1-0,C11,,91,15.6,18.73
FideChamp1999,1999,FideChamp,FIDE_split,264,FIDE-Wch k.o. g/25+10,"Movsesian, Sergei","Fedorov, Alexei",2659,2659,1/2-1/2,B78,,42,10.71,8.06
FideChamp1999,1999,FideChamp,FIDE_split,260,FIDE-Wch k.o. g/25+10,"Fedorov, Alexei","Movsesian, Sergei",2659,2659,1/2-1/2,B20,,102,7.15,8.94
FideChamp1999,1999,FideChamp,FIDE_split,268,FIDE-Wch k.o. g/25+10,"Nisipeanu, Liviu Dieter","Ivanchuk, Vassily",2584,2702,1-0,C45,,27,14.7,64.44
FideChamp1999,1999,FideChamp,FIDE_split,261,FIDE-Wch k.o. g/25+10,"Gelfand, Boris","Khalifman, Alexander",2713,2628,1/2-1/2,A14,,92,14.24,10.21
FideChamp1999,1999,FideChamp,FIDE_split,253,FIDE-Wch k.o.,"Fedorov, Alexei","Movsesian, Sergei",2659,2659,1/2-1/2,A08,,178,18.98,15.36
FideChamp1999,1999,FideChamp,FIDE_split,263,FIDE-Wch k.o. g/25+10,"Adams, Michael","Dreev, Alexey",2708,2679,1/2-1/2,B19,,149,5.28,3.66
FideChamp1999,1999,FideChamp,FIDE_split,262,FIDE-Wch k.o. g/15+10,"Dreev, Alexey","Adams, Michael",2679,2708,0-1,E34,,90,41.76,23.98
FideChamp1999,1999,FideChamp,FIDE_split,267,FIDE-Wch k.o. g/25+10,"Polgar, Judit","Zvjaginsev, Vadim",2671,2652,1-0,B83,,87,8.35,21.21
FideChamp1999,1999,FideChamp,FIDE_split,266,FIDE-Wch k.o. g/25+10,"Topalov, Veselin","Kramnik, Vladimir",2690,2760,0-1,A32,,80,64.19,22.69
FideChamp1999,1999,FideChamp,FIDE_split,270,FIDE-Wch k.o. g/25+10,"Dreev, Alexey","Adams, Michael",2679,2708,1/2-1/2,E34,,101,3.74,4.63
FideChamp1999,1999,FideChamp,FIDE_split,269,FIDE-Wch k.o. g/15+10,"Fedorov, Alexei","Movsesian, Sergei",2659,2659,0-1,A08,,64,21.71,14.39
FideChamp1999,1999,FideChamp,FIDE_split,265,FIDE-Wch k.o. g/15+10,"Adams, Michael","Dreev, Alexey",2708,2679,1-0,B10,,185,19.46,18.5
FideChamp1999,1999,FideChamp,FIDE_split,276,FIDE-Wch k.o.,"Kramnik, Vladimir","Adams, Michael",2760,2708,1/2-1/2,E37,,55,1.67,3.43
FideChamp1999,1999,FideChamp,FIDE_split,278,FIDE-Wch k.o.,"Nisipeanu, Liviu Dieter","Shirov, Alexei",2584,2734,1/2-1/2,B96,,43,3.22,3.76
FideChamp1999,1999,FideChamp,FIDE_split,279,FIDE-Wch k.o.,"Movsesian, Sergei","Akopian, Vladimir",2659,2646,1/2-1/2,C43,,41,6.59,3.62
FideChamp1999,1999,FideChamp,FIDE_split,275,FIDE-Wch k.o.,"Akopian, Vladimir","Movsesian, Sergei",2646,2659,1/2-1/2,E69,,44,5.5,8.11
FideChamp1999,1999,FideChamp,FIDE_split,272,FIDE-Wch k.o. g/25+10,"Zvjaginsev, Vadim","Polgar, Judit",2652,2671,0-1,E92,,82,22.73,13.65
FideChamp1999,1999,FideChamp,FIDE_split,273,FIDE-Wch k.o. g/25+10,"Kramnik, Vladimir","Topalov, Veselin",2760,2690,1-0,D28,,119,12.12,41.27
FideChamp1999,1999,FideChamp,FIDE_split,282,FIDE-Wch k.o.,"Adams, Michael","Kramnik, Vladimir",2708,2760,1/2-1/2,B31,,34,16.15,15.85
FideChamp1999,1999,FideChamp,FIDE_split,281,FIDE-Wch k.o.,"Polgar, Judit","Khalifman, Alexander",2671,2628,1/2-1/2,B18,,83,4.76,2.08
FideChamp1999,1999,FideChamp,FIDE_split,283,FIDE-Wch k.o. g/25+10,"Adams, Michael","Kramnik, Vladimir",2708,2760,1/2-1/2,B25,,155,3.59,1.96
FideChamp1999,1999,FideChamp,FIDE_split,286,FIDE-Wch k.o. g/25+10,"Kramnik, Vladimir","Adams, Michael",2760,2708,1/2-1/2,A17,,55,6.75,7.17
FideChamp1999,1999,FideChamp,FIDE_split,287,FIDE-Wch k.o. g/25+10,"Movsesian, Sergei","Akopian, Vladimir",2659,2646,1/2-1/2,C55,,101,32.26,19.57
FideChamp1999,1999,FideChamp,FIDE_split,288,FIDE-Wch k.o. g/25+10,"Akopian, Vladimir","Movsesian, Sergei",2646,2659,1-0,A48,,83,18.68,49.59
FideChamp1999,1999,FideChamp,FIDE_split,280,FIDE-Wch k.o.,"Shirov, Alexei","Nisipeanu, Liviu Dieter",2734,2584,0-1,B12,,82,17.84,9
FideChamp1999,1999,FideChamp,FIDE_split,274,FIDE-Wch k.o. g/25+10,"Khalifman, Alexander","Gelfand, Boris",2628,2713,1-0,B92,,77,33.49,63.97
FideChamp1999,1999,FideChamp,FIDE_split,271,FIDE-Wch k.o. g/15+10,"Movsesian, Sergei","Fedorov, Alexei",2659,2659,1/2-1/2,B77,,81,33.24,37.75
FideChamp1999,1999,FideChamp,FIDE_split,294,FIDE-Wch k.o.,"Akopian, Vladimir","Adams, Michael",2646,2708,1/2-1/2,E05,,32,1.5,3.75
FideChamp1999,1999,FideChamp,FIDE_split,284,FIDE-Wch k.o. g/15+10,"Adams, Michael","Kramnik, Vladimir",2708,2760,1-0,B30,,119,27.95,47.16
FideChamp1999,1999,FideChamp,FIDE_split,293,FIDE-Wch k.o.,"Nisipeanu, Liviu Dieter","Khalifman, Alexander",2584,2628,1/2-1/2,C42,,55,3.67,4.57
FideChamp1999,1999,FideChamp,FIDE_split,292,FIDE-Wch k.o.,"Khalifman, Alexander","Nisipeanu, Liviu Dieter",2628,2584,1/2-1/2,E14,,84,37.55,34.68
FideChamp1999,1999,FideChamp,FIDE_split,290,FIDE-Wch k.o. g/25+10,"Nisipeanu, Liviu Dieter","Khalifman, Alexander",2580,2625,1/2-1/2,B36,,116,28.11,16.91
FideChamp1999,1999,FideChamp,FIDE_split,277,FIDE-Wch k.o.,"Khalifman, Alexander","Polgar, Judit",2628,2671,1-0,D39,,87,39.55,35.51
FideChamp1999,1999,FideChamp,FIDE_split,285,FIDE-Wch k.o. g/15+10,"Kramnik, Vladimir","Adams, Michael",2760,2708,0-1,A28,,100,39.04,37.22
FideChamp1999,1999,FideChamp,FIDE_split,299,FIDE-Wch k.o.,"Khalifman, Alexander","Akopian, Vladimir",2628,2646,1/2-1/2,E38,,35,11.79,11.54
FideChamp1999,1999,FideChamp,FIDE_split,295,FIDE-Wch k.o.,"Adams, Michael","Akopian, Vladimir",2708,2646,0-1,C07,,130,10.05,3.62
FideChamp1999,1999,FideChamp,FIDE_split,302,FIDE-Wch k.o.,"Akopian, Vladimir","Khalifman, Alexander",2646,2628,1/2-1/2,C90,,97,3.47,4.18
FideChamp1999,1999,FideChamp,FIDE_split,297,FIDE-Wch k.o.,"Nisipeanu, Liviu Dieter","Khalifman, Alexander",2584,2628,1-0,C45,,117,6.56,9.44
FideChamp2000,2000,FideChamp,FIDE_split,1,FIDE WCh KO,"Bezgodov,A","Gulko,B",2557,2643,1/2-1/2,B52,,67,9.93,8.55
FideChamp1999,1999,FideChamp,FIDE_split,289,FIDE-Wch k.o. g/25+10,"Khalifman, Alexander","Nisipeanu, Liviu Dieter",2628,2584,1-0,E07,,84,8.84,16.61
FideChamp1999,1999,FideChamp,FIDE_split,303,FIDE-Wch k.o.,"Khalifman, Alexander","Akopian, Vladimir",2628,2646,1/2-1/2,A77,,80,13.22,10.08
FideChamp1999,1999,FideChamp,FIDE_split,298,FIDE-Wch k.o.,"Akopian, Vladimir","Khalifman, Alexander",2646,2628,0-1,A15,,114,23.57,18.02
FideChamp2000,2000,FideChamp,FIDE_split,7,FIDE WCh KO,"Dizdarevic,E","Psakhis,L",2527,2611,1/2-1/2,A30,,36,2.36,1.07
FideChamp1999,1999,FideChamp,FIDE_split,296,FIDE-Wch k.o.,"Khalifman, Alexander","Nisipeanu, Liviu Dieter",2628,2584,1-0,E12,,83,3.87,15
FideChamp2000,2000,FideChamp,FIDE_split,6,FIDE WCh KO,"Kunte,A","Milos,G",2556,2633,1/2-1/2,C96,,61,11.26,10.46
FideChamp2000,2000,FideChamp,FIDE_split,10,FIDE WCh KO,"Van Wely,L","Asrian,K",2643,2566,1/2-1/2,D37,,27,5,1.44
FideChamp2000,2000,FideChamp,FIDE_split,3,FIDE WCh KO,"Bologan,V","Stefansson,H",2641,2557,1/2-1/2,C54,,73,14,12.69
FideChamp1999,1999,FideChamp,FIDE_split,301,FIDE-Wch k.o.,"Khalifman, Alexander","Akopian, Vladimir",2628,2646,1-0,E92,,121,11.49,41.54
FideChamp1999,1999,FideChamp,FIDE_split,300,FIDE-Wch k.o.,"Akopian, Vladimir","Khalifman, Alexander",2646,2628,1-0,B51,,167,7.22,27.59
FideChamp2000,2000,FideChamp,FIDE_split,9,FIDE WCh KO,"Villamayor,B","Minasian,Art",2495,2595,1/2-1/2,B07,,92,4.67,3.17
FideChamp2000,2000,FideChamp,FIDE_split,14,FIDE WCh KO,"Zaja,I","Baklan,V",2513,2599,1/2-1/2,E12,,58,11.92,10.24
FideChamp2000,2000,FideChamp,FIDE_split,4,FIDE WCh KO,"Lautier,J","Leitao,R",2648,2567,0-1,E45,,88,23.27,13.65
FideChamp2000,2000,FideChamp,FIDE_split,11,FIDE WCh KO,"Yermolinsky,A","Al Modiahki,M",2596,2499,1-0,E97,,73,8.48,18.91
FideChamp2000,2000,FideChamp,FIDE_split,12,FIDE WCh KO,"Bacrot,E","Rytshagov,M",2613,2529,1/2-1/2,A29,,135,7.34,8.84
FideChamp2000,2000,FideChamp,FIDE_split,5,FIDE WCh KO,"Sutovsky,E","Nataf,IA",2609,2526,0-1,B30,,92,42,28.93
FideChamp2000,2000,FideChamp,FIDE_split,19,FIDE WCh KO,"Hernandez,Gi","Piket,Je",2572,2649,1/2-1/2,B19,,73,4.79,3.5
FideChamp2000,2000,FideChamp,FIDE_split,20,FIDE WCh KO,"Simutowe,A","Sasikiran,K",2322,2573,1/2-1/2,E97,,46,7.16,7.47
FideChamp2000,2000,FideChamp,FIDE_split,18,FIDE WCh KO,"Nevednichy,V","Labib,I",2582,2426,1/2-1/2,A28,,86,9.62,13.36
FideChamp2000,2000,FideChamp,FIDE_split,13,FIDE WCh KO,"Fiorito,F","Benjamin,Joe",2418,2577,0-1,A48,,112,9.83,6.58
FideChamp2000,2000,FideChamp,FIDE_split,2,FIDE WCh KO,"Chernin,A","Utnasunov,A",2572,2257,1-0,D46,,291,10.37,19.07
FideChamp2000,2000,FideChamp,FIDE_split,8,FIDE WCh KO,"Kharlov,A","Hansen,SuB",2627,2545,1/2-1/2,D32,,114,22.11,21.92
FideChamp2000,2000,FideChamp,FIDE_split,16,FIDE WCh KO,"Aleksandrov,A","El Taher,F",2591,2485,1/2-1/2,E71,,122,5.61,8.37
FideChamp2000,2000,FideChamp,FIDE_split,27,FIDE WCh KO,"Nogueiras,J","Ehlvest,J",2552,2627,1/2-1/2,D11,,29,20.45,2.6
FideChamp2000,2000,FideChamp,FIDE_split,15,FIDE WCh KO,"Hakki,I","Adianto,U",2429,2583,0-1,B17,,88,26.38,15.65
FideChamp2000,2000,FideChamp,FIDE_split,26,FIDE WCh KO,"Godena,M","Iordachescu,V",2485,2594,1/2-1/2,C47,,72,5.5,6.59
FideChamp2000,2000,FideChamp,FIDE_split,21,FIDE WCh KO,"Malakhov,V","Kveinys,A",2605,2522,1-0,B42,,125,24.69,19.34
FideChamp2000,2000,FideChamp,FIDE_split,22,FIDE WCh KO,"Agrest,E","Onischuk,Al",2554,2627,0-1,E39,,76,39.97,23.82
FideChamp2000,2000,FideChamp,FIDE_split,23,FIDE WCh KO,"Serper,G","Bagheri,A",2574,2409,1-0,E13,,51,9.86,18.14
FideChamp2000,2000,FideChamp,FIDE_split,29,FIDE WCh KO,"Rustemov,A","Tregubov,P",2534,2620,1/2-1/2,A59,,72,10.03,8.31
FideChamp2000,2000,FideChamp,FIDE_split,24,FIDE WCh KO,"Ivanov,AV","Fedorov,Alex",2567,2646,1-0,B32,,95,10.86,19.16
FideChamp2000,2000,FideChamp,FIDE_split,28,FIDE WCh KO,"Lesiege,A","Vasquez,R",2584,2454,1-0,E52,,61,4.85,35.31
FideChamp1999,1999,FideChamp,FIDE_split,291,FIDE-Wch k.o.,"Adams, Michael","Akopian, Vladimir",2708,2646,0-1,B06,,172,14.82,12.29
FideChamp2000,2000,FideChamp,FIDE_split,25,FIDE WCh KO,"Lima,Da","Grischuk,A",2525,2606,1/2-1/2,C45,,90,19.07,19.61
FideChamp2000,2000,FideChamp,FIDE_split,32,FIDE WCh KO,"Lutz,C","Ghaem Maghami,E",2595,2488,1/2-1/2,B90,,44,4.28,9.61
FideChamp2000,2000,FideChamp,FIDE_split,17,FIDE WCh KO,"Hamdouchi,H","Vaganian,R",2541,2623,0-1,C08,,122,22.75,21.09
FideChamp2000,2000,FideChamp,FIDE_split,31,FIDE WCh KO,"Ponomariov,R",Dao Thien Hai,2630,2555,1/2-1/2,B43,,115,6.56,6.55
FideChamp2000,2000,FideChamp,FIDE_split,33,FIDE WCh KO,"Sakaev,K","Volkov,S",2627,2554,1-0,C14,,61,12.74,22.85
FideChamp2000,2000,FideChamp,FIDE_split,37,FIDE WCh KO,"Minasian,Art","Villamayor,B",2595,2495,1/2-1/2,C02,,70,7.39,5.81
FideChamp2000,2000,FideChamp,FIDE_split,40,FIDE WCh KO,"El Taher,F","Aleksandrov,A",2485,2591,1/2-1/2,C67,,33,8.38,3.67
FideChamp2000,2000,FideChamp,FIDE_split,41,FIDE WCh KO,"Baklan,V","Zaja,I",2599,2513,1/2-1/2,C78,,39,6.31,5.53
FideChamp2000,2000,FideChamp,FIDE_split,42,FIDE WCh KO,"Gulko,B","Bezgodov,A",2643,2557,1/2-1/2,E06,,35,1.36,1.92
FideChamp2000,2000,FideChamp,FIDE_split,30,FIDE WCh KO,"Barua,D","Vladimirov,E",2502,2598,0-1,C03,,116,25.52,15.2
FideChamp2000,2000,FideChamp,FIDE_split,35,FIDE WCh KO,"Speelman,J","Macieja,B",2623,2536,1-0,A46,,69,8.48,41.47
FideChamp2000,2000,FideChamp,FIDE_split,44,FIDE WCh KO,"Leitao,R","Lautier,J",2567,2648,1/2-1/2,B85,,45,14.05,11
FideChamp2000,2000,FideChamp,FIDE_split,47,FIDE WCh KO,"Psakhis,L","Dizdarevic,E",2611,2527,1/2-1/2,B12,,27,10.2,13.22
FideChamp2000,2000,FideChamp,FIDE_split,46,FIDE WCh KO,"Ghaem Maghami,E","Lutz,C",2488,2595,1/2-1/2,B90,,41,5.82,10.56
FideChamp2000,2000,FideChamp,FIDE_split,48,FIDE WCh KO,"Piket,Je","Hernandez,Gi",2649,2572,1/2-1/2,E94,,31,4.17,4.27
FideChamp2000,2000,FideChamp,FIDE_split,43,FIDE WCh KO,"Utnasunov,A","Chernin,A",2257,2572,1/2-1/2,E25,,69,26.16,14.37
FideChamp2000,2000,FideChamp,FIDE_split,38,FIDE WCh KO,"Labib,I","Nevednichy,V",2426,2582,0-1,B51,,82,16.81,10.24
FideChamp2000,2000,FideChamp,FIDE_split,45,FIDE WCh KO,"Nataf,IA","Sutovsky,E",2526,2609,1/2-1/2,B97,,82,15.62,18.38
FideChamp2000,2000,FideChamp,FIDE_split,34,FIDE WCh KO,"Wohl,A","Galkin,A",2461,2587,0-1,A00,,124,20.24,21.34
FideChamp2000,2000,FideChamp,FIDE_split,50,FIDE WCh KO,"Blehm,P","Lputian,S",2510,2598,1/2-1/2,C01,,80,2.47,2.08
FideChamp2000,2000,FideChamp,FIDE_split,39,FIDE WCh KO,"Vaganian,R","Hamdouchi,H",2623,2541,1-0,A35,,105,13.39,19.29
FideChamp2000,2000,FideChamp,FIDE_split,53,FIDE WCh KO,"Rytshagov,M","Bacrot,E",2529,2613,1/2-1/2,C92,,84,11.63,8.84
FideChamp2000,2000,FideChamp,FIDE_split,59,FIDE WCh KO,"Ehlvest,J","Nogueiras,J",2627,2552,1/2-1/2,B05,,19,,
FideChamp2000,2000,FideChamp,FIDE_split,57,FIDE WCh KO,"Grischuk,A","Lima,Da",2606,2525,1/2-1/2,B00,,39,14.62,5.93
FideChamp2000,2000,FideChamp,FIDE_split,54,FIDE WCh KO,"Onischuk,Al","Agrest,E",2627,2554,1/2-1/2,A30,,150,6.39,3.21
FideChamp2000,2000,FideChamp,FIDE_split,55,FIDE WCh KO,"Bagheri,A","Serper,G",2409,2574,1/2-1/2,B42,,44,23.72,7.89
FideChamp2000,2000,FideChamp,FIDE_split,51,FIDE WCh KO,"Stefansson,H","Bologan,V",2557,2641,0-1,C95,,98,19.91,16.78
FideChamp2000,2000,FideChamp,FIDE_split,58,FIDE WCh KO,"Iordachescu,V","Godena,M",2594,2485,1/2-1/2,C96,,79,6.19,6.14
FideChamp2000,2000,FideChamp,FIDE_split,49,FIDE WCh KO,"Macieja,B","Speelman,J",2536,2623,1-0,B17,,129,6.56,28.95
FideChamp2000,2000,FideChamp,FIDE_split,56,FIDE WCh KO,"Fedorov,Alex","Ivanov,AV",2646,2567,1/2-1/2,C36,,46,20.32,20.32
FideChamp2000,2000,FideChamp,FIDE_split,61,FIDE WCh KO,"Tregubov,P","Rustemov,A",2620,2534,1/2-1/2,D37,,64,7.14,6.04
FideChamp2000,2000,FideChamp,FIDE_split,63,FIDE WCh KO,"Milos,G","Kunte,A",2633,2556,1/2-1/2,E15,,58,11.24,9.88
FideChamp2000,2000,FideChamp,FIDE_split,68,FIDE WCh KO,"Adianto,U","Hakki,I",2583,2429,1/2-1/2,D40,,70,3.48,4.39
FideChamp2000,2000,FideChamp,FIDE_split,60,FIDE WCh KO,"Benjamin,Joe","Fiorito,F",2577,2418,1-0,C42,,91,9.69,18.59
FideChamp2000,2000,FideChamp,FIDE_split,52,FIDE WCh KO,Dao Thien Hai,"Ponomariov,R",2555,2630,1-0,E90,,133,17.14,39.9
FideChamp2000,2000,FideChamp,FIDE_split,67,FIDE WCh KO,"Hansen,SuB","Kharlov,A",2545,2627,0-1,C67,,80,13.94,4.89
FideChamp2000,2000,FideChamp,FIDE_split,66,FIDE WCh KO,"Kveinys,A","Malakhov,V",2522,2605,0-1,B27,,94,19.33,10.4
FideChamp2000,2000,FideChamp,FIDE_split,62,FIDE WCh KO,"Vladimirov,E","Barua,D",2598,2502,1-0,D90,,127,15.83,22.59
FideChamp2000,2000,FideChamp,FIDE_split,73,FIDE WCh KO,"Psakhis,L","Dizdarevic,E",2611,2527,0-1,A41,,54,25.22,5.48
FideChamp2000,2000,FideChamp,FIDE_split,64,FIDE WCh KO,"Sasikiran,K","Simutowe,A",2573,2322,1-0,E48,,105,9.94,23.46
FideChamp2000,2000,FideChamp,FIDE_split,69,FIDE WCh KO,"Galkin,A","Wohl,A",2587,2461,1-0,B40,,57,14.68,30.67
FideChamp2000,2000,FideChamp,FIDE_split,71,FIDE WCh KO,"Al Modiahki,M","Yermolinsky,A",2499,2596,1/2-1/2,B88,,105,9.69,9.42
FideChamp2000,2000,FideChamp,FIDE_split,70,FIDE WCh KO,"Volkov,S","Sakaev,K",2554,2627,1-0,E25,,71,12.12,24.03
FideChamp2000,2000,FideChamp,FIDE_split,74,FIDE WCh KO,"Hernandez,Gi","Piket,Je",2572,2649,0-1,C54,,96,14.77,4.34
FideChamp2000,2000,FideChamp,FIDE_split,76,FIDE WCh KO,"Baklan,V","Zaja,I",2599,2513,1/2-1/2,C78,,74,9.42,6.39
FideChamp2000,2000,FideChamp,FIDE_split,72,FIDE WCh KO,"Vasquez,R","Lesiege,A",2454,2584,0-1,B99,,102,14.96,8.3
FideChamp2000,2000,FideChamp,FIDE_split,78,FIDE WCh KO,"Aleksandrov,A","El Taher,F",2591,2485,1/2-1/2,E71,,103,12.27,12.38
FideChamp2000,2000,FideChamp,FIDE_split,36,FIDE WCh KO,"Lputian,S","Blehm,P",2598,2510,1-0,E66,,121,39.56,65.21
FideChamp2000,2000,FideChamp,FIDE_split,80,FIDE WCh KO,"Baklan,V","Zaja,I",2599,2513,1/2-1/2,C78,,86,17.56,18.51
FideChamp2000,2000,FideChamp,FIDE_split,75,FIDE WCh KO,"Aleksandrov,A","El Taher,F",2591,2485,1/2-1/2,A43,,69,33.29,24.87
FideChamp2000,2000,FideChamp,FIDE_split,65,FIDE WCh KO,"Asrian,K","Van Wely,L",2566,2643,0-1,B85,,122,10.58,11.84
FideChamp2000,2000,FideChamp,FIDE_split,79,FIDE WCh KO,"Zaja,I","Baklan,V",2513,2599,0-1,E11,,73,70.58,39.31
FideChamp2000,2000,FideChamp,FIDE_split,77,FIDE WCh KO,"Villamayor,B","Minasian,Art",2495,2595,0-1,A48,,120,21.61,31.96
FideChamp2000,2000,FideChamp,FIDE_split,81,FIDE WCh KO,"Aleksandrov,A","El Taher,F",2591,2485,1/2-1/2,B07,,106,20.08,17.1
FideChamp2000,2000,FideChamp,FIDE_split,83,FIDE WCh KO,"Nogueiras,J","Ehlvest,J",2552,2627,0-1,A11,,38,83.2,22
FideChamp2000,2000,FideChamp,FIDE_split,86,FIDE WCh KO,"Zaja,I","Baklan,V",2513,2599,1/2-1/2,E11,,42,12.71,12.29
FideChamp2000,2000,FideChamp,FIDE_split,87,FIDE WCh KO,"Ehlvest,J","Nogueiras,J",2627,2552,1-0,E07,,67,5.3,19.76
FideChamp2000,2000,FideChamp,FIDE_split,89,FIDE WCh KO,"Milos,G","Kunte,A",2633,2556,1-0,E52,,51,4.73,83.14
FideChamp2000,2000,FideChamp,FIDE_split,84,FIDE WCh KO,"Minasian,Art","Villamayor,B",2595,2495,1-0,C16,,107,18.96,29.27
FideChamp2000,2000,FideChamp,FIDE_split,85,FIDE WCh KO,"El Taher,F","Aleksandrov,A",2485,2591,1/2-1/2,C77,,102,9.19,12.19
FideChamp2000,2000,FideChamp,FIDE_split,88,FIDE WCh KO,"Rytshagov,M","Bacrot,E",2529,2613,0-1,C92,,66,22.14,8.07
FideChamp2000,2000,FideChamp,FIDE_split,82,FIDE WCh KO,"Psakhis,L","Dizdarevic,E",2611,2527,0-1,A54,,88,26.62,27.25
FideChamp2000,2000,FideChamp,FIDE_split,96,FIDE WCh KO,"Ehlvest,J","Nogueiras,J",2627,2552,1/2-1/2,D48,,28,13.1,2.5
FideChamp2000,2000,FideChamp,FIDE_split,93,FIDE WCh KO,"Minasian,Art","Villamayor,B",2595,2495,1-0,C18,,69,6.94,61.27
FideChamp2000,2000,FideChamp,FIDE_split,90,FIDE WCh KO,"Godena,M","Iordachescu,V",2485,2594,0-1,C41,,101,25.81,16.46
FideChamp2000,2000,FideChamp,FIDE_split,97,FIDE WCh KO,"Rustemov,A","Tregubov,P",2534,2620,1/2-1/2,A43,,58,12.76,8.8
FideChamp2000,2000,FideChamp,FIDE_split,101,FIDE WCh KO,"Dizdarevic,E","Psakhis,L",2527,2611,1/2-1/2,A07,,31,5.92,3.55
FideChamp2000,2000,FideChamp,FIDE_split,99,FIDE WCh KO,"Volkov,S","Sakaev,K",2554,2627,1/2-1/2,E46,,57,5.08,5.46
FideChamp2000,2000,FideChamp,FIDE_split,98,FIDE WCh KO,"Psakhis,L","Dizdarevic,E",2611,2527,1/2-1/2,E61,,86,8.15,7.31
FideChamp2000,2000,FideChamp,FIDE_split,100,FIDE WCh KO,"Piket,Je","Hernandez,Gi",2649,2572,1/2-1/2,E94,,58,13.76,13.44
FideChamp2000,2000,FideChamp,FIDE_split,104,FIDE WCh KO,"Nogueiras,J","Ehlvest,J",2552,2627,1/2-1/2,E05,,41,7.06,6.88
FideChamp2000,2000,FideChamp,FIDE_split,94,FIDE WCh KO,"Lima,Da","Grischuk,A",2525,2606,1/2-1/2,A08,,78,23.2,24.09
FideChamp2000,2000,FideChamp,FIDE_split,91,FIDE WCh KO,"Lutz,C","Ghaem Maghami,E",2595,2488,1-0,B42,,131,14.4,16.79
FideChamp2000,2000,FideChamp,FIDE_split,106,FIDE WCh KO,"Kunte,A","Milos,G",2556,2633,1/2-1/2,C84,,96,8,4.91
FideChamp2000,2000,FideChamp,FIDE_split,110,FIDE WCh KO,"Gulko,B","Bezgodov,A",2643,2557,1/2-1/2,E06,,91,4.1,3.88
FideChamp2000,2000,FideChamp,FIDE_split,102,FIDE WCh KO,"Grischuk,A","Lima,Da",2606,2525,1-0,B28,,97,12.84,16.27
FideChamp2000,2000,FideChamp,FIDE_split,108,FIDE WCh KO,"Ghaem Maghami,E","Lutz,C",2488,2595,1/2-1/2,B50,,163,6.49,6.86
FideChamp2000,2000,FideChamp,FIDE_split,95,FIDE WCh KO,"Iordachescu,V","Godena,M",2594,2485,1/2-1/2,C96,,131,23.02,14.74
FideChamp2000,2000,FideChamp,FIDE_split,103,FIDE WCh KO,"El Taher,F","Aleksandrov,A",2485,2591,0-1,C77,,112,31.94,20.83
FideChamp2000,2000,FideChamp,FIDE_split,105,FIDE WCh KO,"Bezgodov,A","Gulko,B",2557,2643,0-1,B65,,123,28.59,20.14
FideChamp2000,2000,FideChamp,FIDE_split,111,FIDE WCh KO,"Macieja,B","Speelman,J",2536,2623,1-0,C10,,77,12.89,49.41
FideChamp2000,2000,FideChamp,FIDE_split,109,FIDE WCh KO,"Volkov,S","Sakaev,K",2554,2627,0-1,E20,,86,20.36,14.62
FideChamp2000,2000,FideChamp,FIDE_split,115,FIDE WCh KO,"Tregubov,P","Rustemov,A",2620,2534,1/2-1/2,D37,,48,4.05,3.2
FideChamp2000,2000,FideChamp,FIDE_split,112,FIDE WCh KO,"Dizdarevic,E","Psakhis,L",2527,2611,0-1,E67,,118,14.25,13.22
FideChamp2000,2000,FideChamp,FIDE_split,107,FIDE WCh KO,"Bacrot,E","Rytshagov,M",2613,2529,1-0,A29,,144,17,47.65
FideChamp2000,2000,FideChamp,FIDE_split,119,FIDE WCh KO,Dao Thien Hai,"Adams,Mi",2555,2755,1/2-1/2,E34,,62,4.26,3.33
FideChamp2000,2000,FideChamp,FIDE_split,122,FIDE WCh KO,"Gulko,B","Chernin,A",2643,2572,1/2-1/2,A29,,23,14.25,5
FideChamp2000,2000,FideChamp,FIDE_split,118,FIDE WCh KO,"Speelman,J","Macieja,B",2623,2536,1/2-1/2,A46,,59,11.23,9.36
FideChamp2000,2000,FideChamp,FIDE_split,117,FIDE WCh KO,"Rustemov,A","Tregubov,P",2534,2620,1/2-1/2,D37,,102,4.72,4.81
FideChamp2000,2000,FideChamp,FIDE_split,92,FIDE WCh KO,"Sakaev,K","Volkov,S",2627,2554,0-1,A43,,97,27.47,32.52
FideChamp2000,2000,FideChamp,FIDE_split,120,FIDE WCh KO,"Shirov,A","Onischuk,Al",2746,2627,1/2-1/2,C88,,97,6.36,4.89
FideChamp2000,2000,FideChamp,FIDE_split,128,FIDE WCh KO,"Bacrot,E","Svidler,P",2613,2689,1/2-1/2,A16,,29,11.73,4.5
FideChamp2000,2000,FideChamp,FIDE_split,123,FIDE WCh KO,"Bologan,V","Anand,V",2641,2762,1/2-1/2,B31,,53,8.48,15
FideChamp2000,2000,FideChamp,FIDE_split,121,FIDE WCh KO,"Morozevich,A","Milos,G",2756,2633,1-0,C02,,75,7.91,20.79
FideChamp2000,2000,FideChamp,FIDE_split,116,FIDE WCh KO,"Tregubov,P","Rustemov,A",2620,2534,1-0,D37,,117,13.75,17.11
FideChamp2000,2000,FideChamp,FIDE_split,124,FIDE WCh KO,"Kharlov,A","Topalov,V",2627,2707,1/2-1/2,B52,,94,10.23,9.35
FideChamp2000,2000,FideChamp,FIDE_split,125,FIDE WCh KO,"Bareev,E","Vaganian,R",2702,2623,1-0,D37,,101,13.45,18.61
FideChamp2000,2000,FideChamp,FIDE_split,131,FIDE WCh KO,"Benjamin,Joe","Leitao,R",2577,2567,1/2-1/2,B52,,32,6.83,6
FideChamp2000,2000,FideChamp,FIDE_split,114,FIDE WCh KO,"Villamayor,B","Minasian,Art",2495,2595,1-0,B07,,121,9.93,9.14
FideChamp2000,2000,FideChamp,FIDE_split,135,FIDE WCh KO,"Volkov,S","Leko,P",2554,2743,1/2-1/2,D80,,38,6,7.27
FideChamp2000,2000,FideChamp,FIDE_split,129,FIDE WCh KO,"Gelfand,B","Dizdarevic,E",2681,2527,1-0,E61,,55,13.92,29.09
FideChamp2000,2000,FideChamp,FIDE_split,113,FIDE WCh KO,"Sakaev,K","Volkov,S",2627,2554,0-1,D15,,66,67.83,13.9
FideChamp2000,2000,FideChamp,FIDE_split,134,FIDE WCh KO,"Ivanchuk,V","Ehlvest,J",2719,2627,1/2-1/2,A29,,82,5.62,5.76
FideChamp2000,2000,FideChamp,FIDE_split,139,FIDE WCh KO,"Gurevich,M","Minasian,Art",2667,2595,1/2-1/2,A36,,30,3.82,5.09
FideChamp2000,2000,FideChamp,FIDE_split,137,FIDE WCh KO,"Smirin,I","Grischuk,A",2677,2606,1/2-1/2,C90,,62,4.56,3.52
FideChamp2000,2000,FideChamp,FIDE_split,138,FIDE WCh KO,"Malakhov,V","Dreev,A",2605,2676,1/2-1/2,B10,,60,5.27,3.65
FideChamp2000,2000,FideChamp,FIDE_split,132,FIDE WCh KO,"Sasikiran,K","Van Wely,L",2573,2643,0-1,D97,,114,11.08,4.66
FideChamp2000,2000,FideChamp,FIDE_split,127,FIDE WCh KO,"Kasimdzhanov,R","Tregubov,P",2690,2620,1-0,D31,,59,20.42,38.28
FideChamp2000,2000,FideChamp,FIDE_split,140,FIDE WCh KO,"Lputian,S","Rublevsky,S",2598,2670,1-0,D02,,51,5.36,25.48
FideChamp2000,2000,FideChamp,FIDE_split,133,FIDE WCh KO,"Ivanov,AV","Serper,G",2567,2574,0-1,B42,,86,14.46,7.49
FideChamp2000,2000,FideChamp,FIDE_split,126,FIDE WCh KO,"Macieja,B","Krasenkow,M",2536,2702,1/2-1/2,B30,,133,25.98,27.76
FideChamp2000,2000,FideChamp,FIDE_split,146,FIDE WCh KO,"Nisipeanu,LD","Georgiev,Ki",2592,2661,1/2-1/2,B84,,33,4.38,6
FideChamp2000,2000,FideChamp,FIDE_split,141,FIDE WCh KO,"Almasi,Z","Vladimirov,E",2668,2598,1/2-1/2,C95,,85,10.77,11.05
FideChamp2000,2000,FideChamp,FIDE_split,136,FIDE WCh KO,"Piket,Je","Nevednichy,V",2649,2582,1-0,E94,,135,14.09,14.76
FideChamp2000,2000,FideChamp,FIDE_split,144,FIDE WCh KO,"Galkin,A","Beliavsky,A",2587,2654,1/2-1/2,B07,,60,8.42,7.31
FideChamp2000,2000,FideChamp,FIDE_split,145,FIDE WCh KO,"Lutz,C","Khalifman,A",2595,2667,1/2-1/2,B31,,66,12.48,9.1
FideChamp2000,2000,FideChamp,FIDE_split,130,FIDE WCh KO,"Adianto,U",Peng Xiaomin,2583,2657,0-1,D79,,148,14.34,16.03
FideChamp2000,2000,FideChamp,FIDE_split,148,FIDE WCh KO,"Nataf,IA","Short,N",2526,2677,1/2-1/2,C01,,81,6.81,7.67
FideChamp2000,2000,FideChamp,FIDE_split,147,FIDE WCh KO,"Movsesian,S","Iordachescu,V",2666,2594,1-0,B19,,47,2.55,16.37
FideChamp2000,2000,FideChamp,FIDE_split,155,FIDE WCh KO,"Minasian,Art","Gurevich,M",2595,2667,1/2-1/2,B30,,32,4.42,9.17
FideChamp2000,2000,FideChamp,FIDE_split,151,FIDE WCh KO,"Nevednichy,V","Piket,Je",2582,2649,0-1,C43,,58,25.64,19.92
FideChamp2000,2000,FideChamp,FIDE_split,154,FIDE WCh KO,"Khalifman,A","Lutz,C",2667,2595,1/2-1/2,E32,,50,5.86,5.24
FideChamp2000,2000,FideChamp,FIDE_split,142,FIDE WCh KO,"Akopian,V","Aleksandrov,A",2660,2591,1/2-1/2,A13,,139,12.8,18.14
FideChamp2000,2000,FideChamp,FIDE_split,157,FIDE WCh KO,"Vladimirov,E","Almasi,Z",2598,2668,1/2-1/2,D35,,40,6.38,5.25
FideChamp2000,2000,FideChamp,FIDE_split,143,FIDE WCh KO,"Tkachiev,V","Lesiege,A",2657,2584,1-0,D27,,77,32.2,37.65
FideChamp2000,2000,FideChamp,FIDE_split,156,FIDE WCh KO,Xu Jun,"Yermolinsky,A",2668,2596,1/2-1/2,E01,,80,13.5,10.56
FideChamp2000,2000,FideChamp,FIDE_split,160,FIDE WCh KO,"Dreev,A","Malakhov,V",2676,2605,1/2-1/2,D37,,65,3.38,2.25
FideChamp2000,2000,FideChamp,FIDE_split,153,FIDE WCh KO,"Georgiev,Ki","Nisipeanu,LD",2661,2592,1/2-1/2,E15,,110,11.27,9
FideChamp2000,2000,FideChamp,FIDE_split,159,FIDE WCh KO,"Baklan,V","Azmaiparashvili,Z",2599,2673,1/2-1/2,C60,,69,17.77,15.83
FideChamp2000,2000,FideChamp,FIDE_split,164,FIDE WCh KO,"Svidler,P","Bacrot,E",2689,2613,1/2-1/2,C95,,55,3.12,3.26
FideChamp2000,2000,FideChamp,FIDE_split,149,FIDE WCh KO,"Azmaiparashvili,Z","Baklan,V",2673,2599,1-0,A43,,119,11.79,11.95
FideChamp2000,2000,FideChamp,FIDE_split,166,FIDE WCh KO,"Krasenkow,M","Macieja,B",2702,2536,1/2-1/2,A33,,21,20.57,0
FideChamp2000,2000,FideChamp,FIDE_split,169,FIDE WCh KO,"Ehlvest,J","Ivanchuk,V",2627,2719,1/2-1/2,D78,,13,,
FideChamp2000,2000,FideChamp,FIDE_split,161,FIDE WCh KO,"Grischuk,A","Smirin,I",2606,2677,1/2-1/2,B43,,63,17.32,11.11
FideChamp2000,2000,FideChamp,FIDE_split,162,FIDE WCh KO,"Short,N","Nataf,IA",2677,2526,1/2-1/2,B25,,65,11.86,9.25
FideChamp2000,2000,FideChamp,FIDE_split,158,FIDE WCh KO,"Rublevsky,S","Lputian,S",2670,2598,1/2-1/2,C05,,124,10.74,12.66
FideChamp2000,2000,FideChamp,FIDE_split,150,FIDE WCh KO,"Yermolinsky,A",Xu Jun,2596,2668,1-0,D15,,137,14.72,23.31
FideChamp2000,2000,FideChamp,FIDE_split,152,FIDE WCh KO,"Iordachescu,V","Movsesian,S",2594,2666,1-0,B51,,111,25.96,45.78
FideChamp2000,2000,FideChamp,FIDE_split,171,FIDE WCh KO,"Onischuk,Al","Shirov,A",2627,2746,1/2-1/2,A28,,35,1.86,5.23
FideChamp2000,2000,FideChamp,FIDE_split,163,FIDE WCh KO,"Dizdarevic,E","Gelfand,B",2527,2681,0-1,A11,,70,17.77,7.26
FideChamp2000,2000,FideChamp,FIDE_split,177,FIDE WCh KO,"Chernin,A","Gulko,B",2572,2643,1/2-1/2,A40,,22,11.57,7.57
FideChamp2000,2000,FideChamp,FIDE_split,172,FIDE WCh KO,"Adams,Mi",Dao Thien Hai,2755,2555,1/2-1/2,C42,,113,5.32,7.02
FideChamp2000,2000,FideChamp,FIDE_split,170,FIDE WCh KO,"Leko,P","Volkov,S",2743,2554,1-0,C14,,77,8.4,34.38
FideChamp2000,2000,FideChamp,FIDE_split,175,FIDE WCh KO,"Aleksandrov,A","Akopian,V",2591,2660,1-0,E45,,87,22.52,24.69
FideChamp2000,2000,FideChamp,FIDE_split,174,FIDE WCh KO,"Anand,V","Bologan,V",2762,2641,1-0,C95,,83,9.66,29.54
FideChamp2000,2000,FideChamp,FIDE_split,179,FIDE WCh KO,"Lesiege,A","Tkachiev,V",2584,2657,1/2-1/2,D28,,97,12.96,9.61
FideChamp2000,2000,FideChamp,FIDE_split,178,FIDE WCh KO,"Van Wely,L","Sasikiran,K",2643,2573,1-0,E92,,95,9.59,22.7
FideChamp2000,2000,FideChamp,FIDE_split,176,FIDE WCh KO,"Beliavsky,A","Galkin,A",2654,2587,1-0,D47,,89,25.49,18.75
FideChamp2000,2000,FideChamp,FIDE_split,168,FIDE WCh KO,"Topalov,V","Kharlov,A",2707,2627,1-0,D26,,81,6.38,18.58
FideChamp2000,2000,FideChamp,FIDE_split,167,FIDE WCh KO,"Vaganian,R","Bareev,E",2623,2702,1-0,D49,,139,8.45,10.2
FideChamp2000,2000,FideChamp,FIDE_split,187,FIDE WCh KO,"Ehlvest,J","Ivanchuk,V",2627,2719,1/2-1/2,A48,,29,5.73,1.4
FideChamp2000,2000,FideChamp,FIDE_split,182,FIDE WCh KO,"Serper,G","Ivanov,AV",2574,2567,1-0,B07,,82,10,16.84
FideChamp2000,2000,FideChamp,FIDE_split,183,FIDE WCh KO,"Movsesian,S","Iordachescu,V",2666,2594,1/2-1/2,B06,,116,11.37,9.91
FideChamp2000,2000,FideChamp,FIDE_split,188,FIDE WCh KO,"Almasi,Z","Vladimirov,E",2668,2598,0-1,E12,,66,73.62,21.31
FideChamp2000,2000,FideChamp,FIDE_split,189,FIDE WCh KO,"Krasenkow,M","Macieja,B",2702,2536,1/2-1/2,E11,,53,22.7,12.82
FideChamp2000,2000,FideChamp,FIDE_split,180,FIDE WCh KO,"Leitao,R","Benjamin,Joe",2567,2577,1-0,E11,,193,9.55,23.71
FideChamp2000,2000,FideChamp,FIDE_split,173,FIDE WCh KO,"Milos,G","Morozevich,A",2633,2756,0-1,D15,,130,21.44,9.93
FideChamp2000,2000,FideChamp,FIDE_split,185,FIDE WCh KO,Dao Thien Hai,"Adams,Mi",2555,2755,0-1,E15,,136,42.17,29.23
FideChamp2000,2000,FideChamp,FIDE_split,192,FIDE WCh KO,"Nataf,IA","Short,N",2526,2677,1/2-1/2,C45,,72,6.66,8.41
FideChamp2000,2000,FideChamp,FIDE_split,190,FIDE WCh KO,"Tregubov,P","Kasimdzhanov,R",2620,2690,1/2-1/2,D17,,148,12.37,12.66
FideChamp2000,2000,FideChamp,FIDE_split,181,FIDE WCh KO,Peng Xiaomin,"Adianto,U",2657,2583,0-1,B01,,142,61.01,29.94
FideChamp2000,2000,FideChamp,FIDE_split,193,FIDE WCh KO,"Smirin,I","Grischuk,A",2677,2606,0-1,D34,,128,15.35,3.65
FideChamp2000,2000,FideChamp,FIDE_split,197,FIDE WCh KO,"Iordachescu,V","Movsesian,S",2594,2666,1/2-1/2,B51,,49,7.1,5.15
FideChamp2000,2000,FideChamp,FIDE_split,195,FIDE WCh KO,"Bareev,E","Vaganian,R",2702,2623,1/2-1/2,D37,,125,13.83,9.95
FideChamp2000,2000,FideChamp,FIDE_split,186,FIDE WCh KO,"Shirov,A","Onischuk,Al",2746,2627,1-0,C88,,111,13.25,33.96
FideChamp2000,2000,FideChamp,FIDE_split,194,FIDE WCh KO,"Malakhov,V","Dreev,A",2605,2676,1-0,A12,,130,7.3,12.41
FideChamp2000,2000,FideChamp,FIDE_split,200,FIDE WCh KO,"Gulko,B","Chernin,A",2643,2572,1/2-1/2,A19,,129,4.08,2.53
FideChamp2000,2000,FideChamp,FIDE_split,198,FIDE WCh KO,"Georgiev,Ki","Nisipeanu,LD",2661,2592,1/2-1/2,E16,,95,33.25,32.98
FideChamp2000,2000,FideChamp,FIDE_split,191,FIDE WCh KO,"Svidler,P","Bacrot,E",2689,2613,1-0,C95,,127,18.17,20.49
FideChamp2000,2000,FideChamp,FIDE_split,184,FIDE WCh KO,"Khalifman,A","Lutz,C",2667,2595,1-0,A29,,157,26.55,27.2
FideChamp2000,2000,FideChamp,FIDE_split,203,FIDE WCh KO,"Onischuk,Al","Shirov,A",2627,2746,1/2-1/2,A28,,108,20.48,19.54
FideChamp2000,2000,FideChamp,FIDE_split,201,FIDE WCh KO,"Lutz,C","Khalifman,A",2595,2667,1/2-1/2,B33,,108,10.96,9.42
FideChamp2000,2000,FideChamp,FIDE_split,202,FIDE WCh KO,"Adams,Mi",Dao Thien Hai,2755,2555,1-0,B42,,75,12.85,25.94
FideChamp2000,2000,FideChamp,FIDE_split,204,FIDE WCh KO,"Ivanchuk,V","Ehlvest,J",2719,2627,0-1,B14,,56,22.5,7.83
FideChamp2000,2000,FideChamp,FIDE_split,206,FIDE WCh KO,"Macieja,B","Krasenkow,M",2536,2702,1/2-1/2,B22,,85,6.38,4.03
FideChamp2000,2000,FideChamp,FIDE_split,212,FIDE WCh KO,"Vaganian,R","Bareev,E",2623,2702,1/2-1/2,D47,,27,0.7,2.44
FideChamp2000,2000,FideChamp,FIDE_split,196,FIDE WCh KO,"Minasian,Art","Gurevich,M",2595,2667,0-1,B30,,122,37.28,23.07
FideChamp2000,2000,FideChamp,FIDE_split,165,FIDE WCh KO,"Tregubov,P","Kasimdzhanov,R",2620,2690,1-0,D17,,83,12.55,22.46
FideChamp2000,2000,FideChamp,FIDE_split,208,FIDE WCh KO,"Bacrot,E","Svidler,P",2613,2689,0-1,A23,,58,38.76,14.2
FideChamp2000,2000,FideChamp,FIDE_split,209,FIDE WCh KO,"Short,N","Nataf,IA",2677,2526,1/2-1/2,B23,,87,7.6,6.9
FideChamp2000,2000,FideChamp,FIDE_split,199,FIDE WCh KO,Peng Xiaomin,"Adianto,U",2657,2583,1-0,B19,,145,26.67,23.74
FideChamp2000,2000,FideChamp,FIDE_split,205,FIDE WCh KO,"Vladimirov,E","Almasi,Z",2598,2668,1/2-1/2,B07,,163,20.22,19.79
FideChamp2000,2000,FideChamp,FIDE_split,216,FIDE WCh KO,"Chernin,A","Gulko,B",2572,2643,1/2-1/2,B07,,50,9.67,6.14
FideChamp2000,2000,FideChamp,FIDE_split,211,FIDE WCh KO,"Dreev,A","Malakhov,V",2676,2605,1-0,D36,,77,5.91,12.5
FideChamp2000,2000,FideChamp,FIDE_split,214,FIDE WCh KO,"Nisipeanu,LD","Georgiev,Ki",2592,2661,1/2-1/2,C67,,113,15.75,12.37
FideChamp2000,2000,FideChamp,FIDE_split,217,FIDE WCh KO,"Macieja,B","Krasenkow,M",2536,2702,0-1,B45,,138,16.05,4.23
FideChamp2000,2000,FideChamp,FIDE_split,218,FIDE WCh KO,"Short,N","Nataf,IA",2677,2526,1/2-1/2,B32,,60,20.27,17.88
FideChamp2000,2000,FideChamp,FIDE_split,213,FIDE WCh KO,"Gurevich,M","Minasian,Art",2667,2595,1/2-1/2,A36,,107,28.64,26.57
FideChamp2000,2000,FideChamp,FIDE_split,207,FIDE WCh KO,"Kasimdzhanov,R","Tregubov,P",2690,2620,1-0,A57,,85,9.62,19.26
FideChamp2000,2000,FideChamp,FIDE_split,215,FIDE WCh KO,"Adianto,U",Peng Xiaomin,2583,2657,1/2-1/2,D78,,131,21.39,17.93
FideChamp2000,2000,FideChamp,FIDE_split,210,FIDE WCh KO,"Grischuk,A","Smirin,I",2606,2677,1-0,B33,,75,11.18,36.06
FideChamp2000,2000,FideChamp,FIDE_split,221,FIDE WCh KO,"Iordachescu,V","Movsesian,S",2594,2666,0-1,B51,,96,55.09,51.93
FideChamp2000,2000,FideChamp,FIDE_split,227,FIDE WCh KO,"Bareev,E","Vaganian,R",2702,2623,1-0,D37,,39,9.31,41.8
FideChamp2000,2000,FideChamp,FIDE_split,219,FIDE WCh KO,"Dreev,A","Malakhov,V",2676,2605,1-0,D30,,119,11.12,16.65
FideChamp2000,2000,FideChamp,FIDE_split,226,FIDE WCh KO,"Malakhov,V","Dreev,A",2605,2676,0-1,A12,,64,38.18,14.32
FideChamp2000,2000,FideChamp,FIDE_split,224,FIDE WCh KO,"Krasenkow,M","Macieja,B",2702,2536,0-1,A33,,130,19.61,4.98
FideChamp2000,2000,FideChamp,FIDE_split,232,FIDE WCh KO,"Krasenkow,M","Macieja,B",2702,2536,1/2-1/2,E11,,77,6.74,7.32
FideChamp2000,2000,FideChamp,FIDE_split,225,FIDE WCh KO,"Nataf,IA","Short,N",2526,2677,1-0,C10,,187,23.82,30.94
FideChamp2000,2000,FideChamp,FIDE_split,231,FIDE WCh KO,"Macieja,B","Krasenkow,M",2536,2702,1/2-1/2,B44,,99,43.93,26.16
FideChamp2000,2000,FideChamp,FIDE_split,223,FIDE WCh KO,"Chernin,A","Gulko,B",2572,2643,1/2-1/2,B07,,152,12.61,8.53
FideChamp2000,2000,FideChamp,FIDE_split,220,FIDE WCh KO,"Vaganian,R","Bareev,E",2623,2702,0-1,D73,,122,13.82,12.89
FideChamp2000,2000,FideChamp,FIDE_split,222,FIDE WCh KO,"Nisipeanu,LD","Georgiev,Ki",2592,2661,1/2-1/2,B85,,131,16.92,21.62
FideChamp2000,2000,FideChamp,FIDE_split,235,FIDE WCh KO,"Macieja,B","Krasenkow,M",2536,2702,1/2-1/2,B44,,98,8.69,6.71
FideChamp2000,2000,FideChamp,FIDE_split,228,FIDE WCh KO,"Movsesian,S","Iordachescu,V",2666,2594,1-0,B06,,117,12.07,28.54
FideChamp2000,2000,FideChamp,FIDE_split,238,FIDE WCh KO,"Beliavsky,A","Macieja,B",2654,2536,1/2-1/2,E11,,34,4.69,3.85
FideChamp2000,2000,FideChamp,FIDE_split,230,FIDE WCh KO,"Gulko,B","Chernin,A",2643,2572,1-0,E26,,105,12.63,20
FideChamp2000,2000,FideChamp,FIDE_split,234,FIDE WCh KO,"Macieja,B","Krasenkow,M",2536,2702,1-0,B45,,113,22,20.02
FideChamp2000,2000,FideChamp,FIDE_split,241,FIDE WCh KO,"Shirov,A","Gurevich,M",2746,2667,1/2-1/2,C11,,41,4.35,4
FideChamp2000,2000,FideChamp,FIDE_split,244,FIDE WCh KO,"Kasimdzhanov,R","Tkachiev,V",2690,2657,1/2-1/2,A22,,20,5.33,4.67
FideChamp2000,2000,FideChamp,FIDE_split,243,FIDE WCh KO,"Ehlvest,J","Movsesian,S",2627,2666,1/2-1/2,D10,,29,9.09,12.8
FideChamp2000,2000,FideChamp,FIDE_split,247,FIDE WCh KO,"Yermolinsky,A","Adams,Mi",2596,2755,1/2-1/2,A30,,35,5.14,2.46
FideChamp2000,2000,FideChamp,FIDE_split,240,FIDE WCh KO,"Gelfand,B","Piket,Je",2681,2649,1-0,D38,,63,6.86,24.48
FideChamp2000,2000,FideChamp,FIDE_split,239,FIDE WCh KO,Peng Xiaomin,"Svidler,P",2657,2689,1-0,C45,,109,2.65,11.38
FideChamp2000,2000,FideChamp,FIDE_split,237,FIDE WCh KO,"Georgiev,Ki","Topalov,V",2661,2707,0-1,B85,,110,21.8,11.76
FideChamp2000,2000,FideChamp,FIDE_split,248,FIDE WCh KO,"Lputian,S","Anand,V",2598,2762,1/2-1/2,D47,,37,3.53,3.14
FideChamp2000,2000,FideChamp,FIDE_split,245,FIDE WCh KO,"Bareev,E","Aleksandrov,A",2702,2591,1-0,E04,,62,2.07,16.7
FideChamp2000,2000,FideChamp,FIDE_split,229,FIDE WCh KO,"Georgiev,Ki","Nisipeanu,LD",2661,2592,1-0,B19,,137,37.03,18.36
FideChamp2000,2000,FideChamp,FIDE_split,251,FIDE WCh KO,"Khalifman,A","Leko,P",2667,2743,1/2-1/2,D97,,33,3.38,2.25
FideChamp2000,2000,FideChamp,FIDE_split,233,FIDE WCh KO,"Krasenkow,M","Macieja,B",2702,2536,1/2-1/2,E11,,128,50.83,58.7
FideChamp2000,2000,FideChamp,FIDE_split,255,FIDE WCh KO,"Gurevich,M","Shirov,A",2667,2746,1/2-1/2,A26,,43,6.78,3.59
FideChamp2000,2000,FideChamp,FIDE_split,236,FIDE WCh KO,"Grischuk,A","Serper,G",2606,2574,1-0,B38,,85,59.23,18.39
FideChamp2000,2000,FideChamp,FIDE_split,257,FIDE WCh KO,"Movsesian,S","Ehlvest,J",2666,2627,1/2-1/2,C02,,20,14.33,0.33
FideChamp2000,2000,FideChamp,FIDE_split,253,FIDE WCh KO,"Nataf,IA","Leitao,R",2526,2567,1/2-1/2,B47,,53,22.74,4.55
FideChamp2000,2000,FideChamp,FIDE_split,249,FIDE WCh KO,"Khalifman,A","Leko,P",2667,2743,1/2-1/2,E15,,97,9.22,7.73
FideChamp2000,2000,FideChamp,FIDE_split,256,FIDE WCh KO,"Serper,G","Grischuk,A",2574,2606,1/2-1/2,D30,,94,4.49,4.88
FideChamp2000,2000,FideChamp,FIDE_split,252,FIDE WCh KO,"Van Wely,L","Dreev,A",2643,2676,0-1,D46,,116,15.89,5.24
FideChamp2000,2000,FideChamp,FIDE_split,258,FIDE WCh KO,"Tkachiev,V","Kasimdzhanov,R",2657,2690,1/2-1/2,E63,,26,9.11,12.89
FideChamp2000,2000,FideChamp,FIDE_split,254,FIDE WCh KO,"Piket,Je","Gelfand,B",2649,2681,1/2-1/2,E15,,87,10.6,6.28
FideChamp2000,2000,FideChamp,FIDE_split,246,FIDE WCh KO,"Azmaiparashvili,Z","Gulko,B",2673,2643,0-1,E17,,84,27,27.16
FideChamp2000,2000,FideChamp,FIDE_split,260,FIDE WCh KO,"Dreev,A","Van Wely,L",2676,2643,1/2-1/2,E81,,56,10.71,8.67
FideChamp2000,2000,FideChamp,FIDE_split,263,FIDE WCh KO,"Adams,Mi","Yermolinsky,A",2755,2596,1/2-1/2,B65,,55,6.08,4.57
FideChamp2000,2000,FideChamp,FIDE_split,250,FIDE WCh KO,"Leitao,R","Nataf,IA",2567,2526,1-0,B32,,119,9.82,12.24
FideChamp2000,2000,FideChamp,FIDE_split,261,FIDE WCh KO,"Topalov,V","Georgiev,Ki",2707,2661,1/2-1/2,E94,,72,5.84,6.69
FideChamp2000,2000,FideChamp,FIDE_split,264,FIDE WCh KO,"Gulko,B","Azmaiparashvili,Z",2643,2673,1/2-1/2,B07,,96,5.34,3.64
FideChamp2000,2000,FideChamp,FIDE_split,242,FIDE WCh KO,"Morozevich,A","Vladimirov,E",2756,2598,1-0,C42,,97,8,10.8
FideChamp2000,2000,FideChamp,FIDE_split,259,FIDE WCh KO,"Vladimirov,E","Morozevich,A",2598,2756,1/2-1/2,A29,,88,45.83,56.05
FideChamp2000,2000,FideChamp,FIDE_split,265,FIDE WCh KO,"Leko,P","Khalifman,A",2743,2667,1/2-1/2,B65,,128,7.45,6.27
FideChamp2000,2000,FideChamp,FIDE_split,267,FIDE WCh KO,"Anand,V","Lputian,S",2762,2598,1-0,C18,,89,13.29,18.48
FideChamp2000,2000,FideChamp,FIDE_split,269,FIDE WCh KO,"Khalifman,A","Leko,P",2667,2743,1/2-1/2,B70,,70,8.71,6
FideChamp2000,2000,FideChamp,FIDE_split,268,FIDE WCh KO,"Aleksandrov,A","Bareev,E",2591,2702,0-1,D47,,68,30.03,22.07
FideChamp2000,2000,FideChamp,FIDE_split,266,FIDE WCh KO,"Macieja,B","Beliavsky,A",2536,2654,1/2-1/2,B07,,161,14.9,15.8
FideChamp2000,2000,FideChamp,FIDE_split,273,FIDE WCh KO,"Leko,P","Khalifman,A",2743,2667,1/2-1/2,B44,,55,15.04,13.52
FideChamp2000,2000,FideChamp,FIDE_split,262,FIDE WCh KO,"Svidler,P",Peng Xiaomin,2689,2657,1-0,C93,,111,9.13,51.59
FideChamp2000,2000,FideChamp,FIDE_split,271,FIDE WCh KO,"Movsesian,S","Ehlvest,J",2666,2627,0-1,C97,,86,49.56,34.92
FideChamp2000,2000,FideChamp,FIDE_split,272,FIDE WCh KO,"Kasimdzhanov,R","Tkachiev,V",2690,2657,0-1,C45,,72,29.59,10.75
FideChamp2000,2000,FideChamp,FIDE_split,276,FIDE WCh KO,"Gurevich,M","Shirov,A",2667,2746,1/2-1/2,A26,,89,7.17,6.1
FideChamp2000,2000,FideChamp,FIDE_split,274,FIDE WCh KO,Peng Xiaomin,"Svidler,P",2657,2689,1/2-1/2,A16,,102,11.09,9.85
FideChamp2000,2000,FideChamp,FIDE_split,270,FIDE WCh KO,"Shirov,A","Gurevich,M",2746,2667,1-0,C14,,90,30.49,42.9
FideChamp2000,2000,FideChamp,FIDE_split,281,FIDE WCh KO,"Ehlvest,J","Movsesian,S",2627,2666,1/2-1/2,D10,,48,7.5,4.95
FideChamp2000,2000,FideChamp,FIDE_split,282,FIDE WCh KO,"Yermolinsky,A","Adams,Mi",2596,2755,0-1,A17,,80,10.03,12.64
FideChamp2000,2000,FideChamp,FIDE_split,275,FIDE WCh KO,"Movsesian,S","Ehlvest,J",2666,2627,1/2-1/2,C92,,89,19.29,15.65
FideChamp2000,2000,FideChamp,FIDE_split,280,FIDE WCh KO,"Svidler,P",Peng Xiaomin,2689,2657,1-0,C65,,67,7.9,35.38
FideChamp2000,2000,FideChamp,FIDE_split,283,FIDE WCh KO,"Ehlvest,J","Movsesian,S",2627,2666,1-0,E61,,63,11.14,25.07
FideChamp2000,2000,FideChamp,FIDE_split,284,FIDE WCh KO,"Leko,P","Khalifman,A",2743,2667,1/2-1/2,B40,,138,15.17,14.4
FideChamp2000,2000,FideChamp,FIDE_split,278,FIDE WCh KO,"Leko,P","Khalifman,A",2743,2667,1/2-1/2,B80,,100,25.46,26.93
FideChamp2000,2000,FideChamp,FIDE_split,279,FIDE WCh KO,"Tkachiev,V","Kasimdzhanov,R",2657,2690,1/2-1/2,E63,,125,12.9,13.83
FideChamp2000,2000,FideChamp,FIDE_split,290,FIDE WCh KO,"Bareev,E","Gulko,B",2702,2643,1/2-1/2,E39,,38,24.53,21.4
FideChamp2000,2000,FideChamp,FIDE_split,277,FIDE WCh KO,"Gurevich,M","Shirov,A",2667,2746,1-0,A26,,164,27.82,37.59
FideChamp2000,2000,FideChamp,FIDE_split,292,FIDE WCh KO,"Leitao,R","Khalifman,A",2567,2667,1/2-1/2,D37,,37,5.67,0.93
FideChamp2000,2000,FideChamp,FIDE_split,291,FIDE WCh KO,"Macieja,B","Anand,V",2536,2762,1/2-1/2,B48,,51,5.23,5.29
FideChamp2000,2000,FideChamp,FIDE_split,286,FIDE WCh KO,"Beliavsky,A","Macieja,B",2654,2536,0-1,E11,,124,17.59,14.1
FideChamp2000,2000,FideChamp,FIDE_split,289,FIDE WCh KO,"Macieja,B","Beliavsky,A",2536,2654,1-0,C55,,89,16.88,28.75
FideChamp2000,2000,FideChamp,FIDE_split,295,FIDE WCh KO,"Ehlvest,J","Grischuk,A",2627,2606,1/2-1/2,A13,,28,7.9,2.7
FideChamp2000,2000,FideChamp,FIDE_split,294,FIDE WCh KO,"Shirov,A","Gelfand,B",2746,2681,1/2-1/2,B90,,42,9.47,1.94
FideChamp2000,2000,FideChamp,FIDE_split,285,FIDE WCh KO,"Khalifman,A","Leko,P",2667,2743,1-0,C42,,111,30.69,42.75
FideChamp2000,2000,FideChamp,FIDE_split,298,FIDE WCh KO,"Gulko,B","Bareev,E",2643,2702,1/2-1/2,D10,,30,3.82,2.09
FideChamp2000,2000,FideChamp,FIDE_split,288,FIDE WCh KO,"Adams,Mi","Yermolinsky,A",2755,2596,1-0,B33,,125,19.59,23.79
FideChamp2000,2000,FideChamp,FIDE_split,293,FIDE WCh KO,"Dreev,A","Topalov,V",2676,2707,1-0,D11,,49,15.62,35.95
FideChamp2000,2000,FideChamp,FIDE_split,287,FIDE WCh KO,"Shirov,A","Gurevich,M",2746,2667,1-0,C11,,155,23.27,27.73
FideChamp2000,2000,FideChamp,FIDE_split,299,FIDE WCh KO,"Gelfand,B","Shirov,A",2681,2746,1/2-1/2,D27,,41,4.53,6.12
FideChamp2000,2000,FideChamp,FIDE_split,296,FIDE WCh KO,"Morozevich,A","Tkachiev,V",2756,2657,1/2-1/2,B01,,59,30.46,21.32
FideChamp2000,2000,FideChamp,FIDE_split,301,FIDE WCh KO,"Khalifman,A","Leitao,R",2667,2567,1-0,A18,,117,4.42,7.96
FideChamp2000,2000,FideChamp,FIDE_split,297,FIDE WCh KO,"Svidler,P","Adams,Mi",2689,2755,1/2-1/2,C42,,74,6.45,6.03
FideChamp2000,2000,FideChamp,FIDE_split,305,FIDE WCh KO,"Adams,Mi","Svidler,P",2755,2689,1/2-1/2,B51,,81,6.24,6.97
FideChamp2000,2000,FideChamp,FIDE_split,304,FIDE WCh KO,"Grischuk,A","Ehlvest,J",2606,2627,1/2-1/2,B12,,68,13.47,9.7
FideChamp2000,2000,FideChamp,FIDE_split,311,FIDE WCh KO,"Svidler,P","Adams,Mi",2689,2755,1/2-1/2,C42,,64,2.86,1.61
FideChamp2000,2000,FideChamp,FIDE_split,310,FIDE WCh KO,"Gulko,B","Bareev,E",2643,2702,1/2-1/2,A29,,108,2.88,1.5
FideChamp2000,2000,FideChamp,FIDE_split,306,FIDE WCh KO,"Grischuk,A","Ehlvest,J",2606,2627,1-0,B81,,133,18.86,28.35
FideChamp2000,2000,FideChamp,FIDE_split,303,FIDE WCh KO,"Topalov,V","Dreev,A",2707,2676,1-0,D43,,67,4.7,17.48
FideChamp2000,2000,FideChamp,FIDE_split,307,FIDE WCh KO,"Dreev,A","Topalov,V",2676,2707,0-1,A65,,90,21.95,11.78
FideChamp2000,2000,FideChamp,FIDE_split,308,FIDE WCh KO,"Topalov,V","Dreev,A",2707,2676,1-0,B19,,85,22.95,50.63
FideChamp2000,2000,FideChamp,FIDE_split,309,FIDE WCh KO,"Bareev,E","Gulko,B",2702,2643,1-0,E33,,63,2.96,18.26
FideChamp2000,2000,FideChamp,FIDE_split,318,FIDE WCh KO,"Grischuk,A","Tkachiev,V",2606,2657,1/2-1/2,C88,,33,4.23,10.5
FideChamp2000,2000,FideChamp,FIDE_split,312,FIDE WCh KO,"Ehlvest,J","Grischuk,A",2627,2606,1/2-1/2,D34,,130,13.11,13.18
FideChamp2000,2000,FideChamp,FIDE_split,313,FIDE WCh KO,"Gelfand,B","Shirov,A",2681,2746,1/2-1/2,D27,,143,14.09,12.72
FideChamp2000,2000,FideChamp,FIDE_split,319,FIDE WCh KO,"Anand,V","Khalifman,A",2762,2667,1/2-1/2,C89,,61,4.37,6.15
FideChamp2000,2000,FideChamp,FIDE_split,316,FIDE WCh KO,"Topalov,V","Dreev,A",2707,2676,1-0,B19,,71,16.16,35.71
FideChamp2000,2000,FideChamp,FIDE_split,315,FIDE WCh KO,"Adams,Mi","Svidler,P",2755,2689,1-0,B84,,87,14.62,21.03
FideChamp2000,2000,FideChamp,FIDE_split,300,FIDE WCh KO,"Tkachiev,V","Morozevich,A",2657,2756,1-0,D10,,129,13.07,13.23
FideChamp2000,2000,FideChamp,FIDE_split,322,FIDE WCh KO,"Tkachiev,V","Grischuk,A",2657,2606,1/2-1/2,A84,,37,7.87,6.64
FideChamp2000,2000,FideChamp,FIDE_split,325,FIDE WCh KO,"Khalifman,A","Anand,V",2667,2762,1/2-1/2,A17,,33,6.62,6.08
FideChamp2000,2000,FideChamp,FIDE_split,320,FIDE WCh KO,"Bareev,E","Shirov,A",2702,2746,1-0,D27,,81,4.89,13.97
FideChamp2000,2000,FideChamp,FIDE_split,323,FIDE WCh KO,"Topalov,V","Adams,Mi",2707,2755,1/2-1/2,C42,,81,8.81,7.78
FideChamp2000,2000,FideChamp,FIDE_split,324,FIDE WCh KO,"Shirov,A","Bareev,E",2746,2702,1-0,C11,,57,6.48,21.92
FideChamp2000,2000,FideChamp,FIDE_split,321,FIDE WCh KO,"Adams,Mi","Topalov,V",2755,2707,1-0,B84,,139,7.41,11.05
FideChamp2000,2000,FideChamp,FIDE_split,330,FIDE WCh KO,"Bareev,E","Shirov,A",2702,2746,1/2-1/2,A29,,56,8.08,7.5
FideChamp2000,2000,FideChamp,FIDE_split,314,FIDE WCh KO,"Dreev,A","Topalov,V",2676,2707,1-0,A65,,91,27.98,37.27
FideChamp2000,2000,FideChamp,FIDE_split,326,FIDE WCh KO,"Shirov,A","Bareev,E",2746,2702,1-0,B12,,63,5.64,18.48
FideChamp2000,2000,FideChamp,FIDE_split,329,FIDE WCh KO,"Khalifman,A","Anand,V",2667,2762,1/2-1/2,E55,,103,6.21,5.91
FideChamp2000,2000,FideChamp,FIDE_split,302,FIDE WCh KO,"Anand,V","Macieja,B",2762,2536,1-0,B17,,69,6.68,23.9
FideChamp2000,2000,FideChamp,FIDE_split,317,FIDE WCh KO,"Shirov,A","Gelfand,B",2746,2681,1-0,B90,,51,4.82,30.14
FideChamp2000,2000,FideChamp,FIDE_split,327,FIDE WCh KO,"Anand,V","Khalifman,A",2762,2667,1/2-1/2,C88,,128,24.28,31.2
FideChamp2000,2000,FideChamp,FIDE_split,332,FIDE WCh KO,"Khalifman,A","Anand,V",2667,2762,1/2-1/2,E42,,43,12.28,13
FideChamp2000,2000,FideChamp,FIDE_split,333,FIDE WCh KO,"Tkachiev,V","Grischuk,A",2657,2606,1/2-1/2,A84,,99,3.74,3.33
FideChamp2000,2000,FideChamp,FIDE_split,334,FIDE WCh KO,"Adams,Mi","Anand,V",2755,2762,1/2-1/2,C42,,58,0.68,4.84
FideChamp2000,2000,FideChamp,FIDE_split,331,FIDE WCh KO,"Anand,V","Khalifman,A",2762,2667,1-0,D17,,81,7.3,17.25
FideChamp2000,2000,FideChamp,FIDE_split,337,FIDE WCh KO,"Grischuk,A","Shirov,A",2606,2746,1-0,B90,,57,7.24,39.62
FideChamp2000,2000,FideChamp,FIDE_split,328,FIDE WCh KO,"Grischuk,A","Tkachiev,V",2606,2657,1-0,C88,,95,7.02,23.98
FideChamp2000,2000,FideChamp,FIDE_split,336,FIDE WCh KO,"Anand,V","Adams,Mi",2762,2755,1-0,C78,,71,9.78,15.03
FideChamp2000,2000,FideChamp,FIDE_split,340,FIDE WCh KO,"Grischuk,A","Shirov,A",2606,2746,1/2-1/2,C42,,70,7.16,7.65
FideChamp2000,2000,FideChamp,FIDE_split,342,FIDE WCh KO,"Shirov,A","Anand,V",2746,2762,1/2-1/2,C02,,67,5.93,5.9
FideChamp2000,2000,FideChamp,FIDE_split,338,FIDE WCh KO,"Adams,Mi","Anand,V",2755,2762,1/2-1/2,C42,,146,3.07,4.48
FideChamp2000,2000,FideChamp,FIDE_split,335,FIDE WCh KO,"Shirov,A","Grischuk,A",2746,2606,1-0,C65,,87,13.43,31.13
FideChamp2000,2000,FideChamp,FIDE_split,341,FIDE WCh KO,"Anand,V","Adams,Mi",2762,2755,1/2-1/2,C78,,74,6.97,8.73
FideChamp2000,2000,FideChamp,FIDE_split,343,FIDE WCh KO,"Anand,V","Shirov,A",2762,2746,1-0,C78,,127,6.77,11.37
FideChamp2000,2000,FideChamp,FIDE_split,344,FIDE WCh KO,"Shirov,A","Anand,V",2746,2762,0-1,B49,,82,16.46,3.92
FideChamp2002,2002,FideChamp,FIDE_split,8,FIDE WCh KO,"Dreev,A","Anand,V",2676,2770,1/2-1/2,E12,,23,6.5,0
FideChamp2002,2002,FideChamp,FIDE_split,4,FIDE WCh KO,"Lautier,J","Nikolic,Pr",2653,2652,1/2-1/2,E42,,84,4.03,5.26
FideChamp2000,2000,FideChamp,FIDE_split,339,FIDE WCh KO,"Shirov,A","Grischuk,A",2746,2606,1-0,C96,,97,7.53,15.2
FideChamp2002,2002,FideChamp,FIDE_split,2,FIDE WCh KO,"Ivanchuk,V",Ye Jiangchuan,2731,2681,1-0,E97,,73,13.76,27.47
FideChamp2002,2002,FideChamp,FIDE_split,1,FIDE WCh KO,"Adams,Mi","Svidler,P",2731,2686,1/2-1/2,B90,,91,11.02,13.83
FideChamp2002,2002,FideChamp,FIDE_split,10,FIDE WCh KO,"Kobalija,M","Aseev,K",2603,2591,1/2-1/2,C54,,45,5.63,5.06
FideChamp2000,2000,FideChamp,FIDE_split,345,FIDE WCh KO,"Anand,V","Shirov,A",2762,2746,1-0,C11,,81,14,16.11
FideChamp2002,2002,FideChamp,FIDE_split,6,FIDE WCh KO,"Azmaiparashvili,Z","Gelfand,B",2674,2701,1/2-1/2,E05,,156,6.93,6.43
FideChamp2002,2002,FideChamp,FIDE_split,3,FIDE WCh KO,"Ponomariov,R","Morozevich,A",2684,2742,1-0,C11,,119,7.88,15.02
FideChamp2002,2002,FideChamp,FIDE_split,9,FIDE WCh KO,"Nielsen,PH","Goldin,A",2620,2612,1-0,E05,,95,16.2,43.47
FideChamp2002,2002,FideChamp,FIDE_split,11,FIDE WCh KO,"Sasikiran,K","Eingorn,V",2569,2601,1/2-1/2,E11,,49,21.33,14.6
FideChamp2002,2002,FideChamp,FIDE_split,5,FIDE WCh KO,"Bareev,E","Ehlvest,J",2719,2626,1-0,E11,,87,19.27,20.74
FideChamp2002,2002,FideChamp,FIDE_split,17,FIDE WCh KO,"Conquest,S","Gyimesi,Z",2601,2605,1/2-1/2,E54,,35,5.93,1.92
FideChamp2002,2002,FideChamp,FIDE_split,18,FIDE WCh KO,"Asrian,K","Khenkin,I",2604,2572,1/2-1/2,B12,,33,12.15,8.75
FideChamp2002,2002,FideChamp,FIDE_split,7,FIDE WCh KO,"Topalov,V","Shirov,A",2733,2706,1/2-1/2,C42,,159,9.42,12.19
FideChamp2002,2002,FideChamp,FIDE_split,19,FIDE WCh KO,"Volkov,S","Luther,T",2578,2604,1-0,D12,,39,3.38,28.93
FideChamp2002,2002,FideChamp,FIDE_split,13,FIDE WCh KO,"Korchnoi,V","Psakhis,L",2639,2573,1/2-1/2,E13,,138,5.29,4.65
FideChamp2002,2002,FideChamp,FIDE_split,16,FIDE WCh KO,"Gulko,B","Vescovi,G",2608,2585,1/2-1/2,E51,,79,5.81,5.86
FideChamp2002,2002,FideChamp,FIDE_split,15,FIDE WCh KO,"Dominguez,L","Kotsur,P",2596,2572,1/2-1/2,B36,,133,7.21,5.66
FideChamp2002,2002,FideChamp,FIDE_split,20,FIDE WCh KO,"Kaidanov,G","Shabalov,A",2605,2585,0-1,D37,,70,29.65,11.74
FideChamp2002,2002,FideChamp,FIDE_split,14,FIDE WCh KO,"Christiansen,L","Tiviakov,S",2570,2599,0-1,B77,,170,20.33,15.21
FideChamp2002,2002,FideChamp,FIDE_split,26,FIDE WCh KO,"Christiansen,L","Tiviakov,S",2570,2599,1/2-1/2,B76,,52,9.73,9.77
FideChamp2002,2002,FideChamp,FIDE_split,30,FIDE WCh KO,"Malakhatko,V","Movsesian,S",2555,2631,1/2-1/2,D11,,19,,
FideChamp2002,2002,FideChamp,FIDE_split,22,FIDE WCh KO,"Nisipeanu,LD","Bruzon,L",2609,2564,1/2-1/2,B85,,147,8.1,7.52
FideChamp2002,2002,FideChamp,FIDE_split,25,FIDE WCh KO,"Yermolinsky,A","Milov,V",2577,2602,1/2-1/2,E94,,101,11.4,11.61
FideChamp2002,2002,FideChamp,FIDE_split,23,FIDE WCh KO,"Sulskis,S","Graf,A",2571,2610,1-0,B80,,60,20.31,22.27
FideChamp2002,2002,FideChamp,FIDE_split,21,FIDE WCh KO,"Krasenkow,M","Lputian,S",2592,2618,0-1,D31,,96,22.98,15.16
FideChamp2002,2002,FideChamp,FIDE_split,28,FIDE WCh KO,"Lesiege,A","Shipov,S",2588,2625,1/2-1/2,D42,,83,18.63,17.19
FideChamp2002,2002,FideChamp,FIDE_split,24,FIDE WCh KO,"Pigusov,E","Ivanov,AV",2613,2586,1-0,A30,,79,30.19,22.06
FideChamp2002,2002,FideChamp,FIDE_split,29,FIDE WCh KO,"Ehlvest,J","Radjabov,T",2626,2567,1/2-1/2,B20,,41,5.82,10.62
FideChamp2002,2002,FideChamp,FIDE_split,27,FIDE WCh KO,"Korchnoi,V","Psakhis,L",2639,2573,1/2-1/2,A30,,100,17.37,15.83
FideChamp2002,2002,FideChamp,FIDE_split,32,FIDE WCh KO,"Cvitan,O","Lastin,A",2550,2628,1/2-1/2,D34,,67,5.93,5.07
FideChamp2002,2002,FideChamp,FIDE_split,12,FIDE WCh KO,"Avrukh,B","Macieja,B",2606,2582,0-1,E15,,98,44.87,11.6
FideChamp2002,2002,FideChamp,FIDE_split,34,FIDE WCh KO,"Savchenko,S","Vallejo Pons,F",2550,2630,1-0,D15,,83,24.05,23.49
FideChamp2002,2002,FideChamp,FIDE_split,36,FIDE WCh KO,"Gdanski,J","Zvjaginsev,V",2537,2640,1/2-1/2,B46,,143,5.4,3.81
FideChamp2002,2002,FideChamp,FIDE_split,39,FIDE WCh KO,"Ganguly,S","Khalifman,A",2493,2702,0-1,C45,,76,26.59,22.03
FideChamp2002,2002,FideChamp,FIDE_split,38,FIDE WCh KO,"Sulskis,S","Graf,A",2571,2610,1-0,B81,,85,15.77,56.03
FideChamp2002,2002,FideChamp,FIDE_split,35,FIDE WCh KO,"Gurevich,M","Rogozenko,D",2605,2536,1-0,E39,,87,7.22,20.46
FideChamp2002,2002,FideChamp,FIDE_split,41,FIDE WCh KO,"Sutovsky,E","Zapata,A",2664,2530,1-0,B43,,73,6.27,15.72
FideChamp2002,2002,FideChamp,FIDE_split,37,FIDE WCh KO,"Rublevsky,S",Nguyen Anh Dung,2634,2533,1/2-1/2,C43,,81,43.73,37.11
FideChamp2002,2002,FideChamp,FIDE_split,43,FIDE WCh KO,"Savchenko,S","Vallejo Pons,F",2550,2630,1/2-1/2,D15,,109,3.41,3.42
FideChamp2002,2002,FideChamp,FIDE_split,33,FIDE WCh KO,"Delchev,A","Timoshenko,G",2634,2555,1-0,E04,,133,10.87,20.23
FideChamp2002,2002,FideChamp,FIDE_split,49,FIDE WCh KO,"Karpov,An",Zhang Pengxiang,2692,2530,0-1,D10,,44,12.22,7.39
FideChamp2002,2002,FideChamp,FIDE_split,40,FIDE WCh KO,"Belkhodja,S","Vaganian,R",2489,2650,0-1,B03,,104,15.44,11.27
FideChamp2002,2002,FideChamp,FIDE_split,31,FIDE WCh KO,"Motylev,A",Liang Chong,2641,2531,1-0,C45,,105,21.02,23.25
FideChamp2002,2002,FideChamp,FIDE_split,42,FIDE WCh KO,"Volokitin,A","Sakaev,K",2566,2639,0-1,C43,,124,75.29,37.88
FideChamp2002,2002,FideChamp,FIDE_split,47,FIDE WCh KO,Yu Shaoteng,Zhang Zhong,2518,2657,0-1,C67,,50,35.52,14.95
FideChamp2002,2002,FideChamp,FIDE_split,45,FIDE WCh KO,"Tkachiev,V","Hamdouchi,H",2632,2501,1-0,E15,,91,17.26,18.78
FideChamp2002,2002,FideChamp,FIDE_split,44,FIDE WCh KO,"Rublevsky,S",Nguyen Anh Dung,2634,2533,0-1,B18,,76,44.44,52.82
FideChamp2002,2002,FideChamp,FIDE_split,48,FIDE WCh KO,Ye Jiangchuan,"Barsov,A",2681,2525,1-0,C03,,57,86.76,82.42
FideChamp2002,2002,FideChamp,FIDE_split,50,FIDE WCh KO,"El Taher,F","Georgiev,Ki",2481,2686,0-1,B53,,60,15.69,3.38
FideChamp2002,2002,FideChamp,FIDE_split,46,FIDE WCh KO,"Zapata,A","Sutovsky,E",2530,2664,0-1,B87,,74,157.24,185.67
FideChamp2002,2002,FideChamp,FIDE_split,56,FIDE WCh KO,"Sakaev,K","Volokitin,A",2639,2566,0-1,A46,,66,31.28,3.86
FideChamp2002,2002,FideChamp,FIDE_split,57,FIDE WCh KO,"Radjabov,T","Ehlvest,J",2567,2626,1/2-1/2,D10,,43,11.06,11.76
FideChamp2002,2002,FideChamp,FIDE_split,52,FIDE WCh KO,"Kobese,W","Leko,P",2396,2739,0-1,B10,,90,15.68,5.68
FideChamp2002,2002,FideChamp,FIDE_split,55,FIDE WCh KO,Nguyen Anh Dung,"Rublevsky,S",2533,2634,1-0,D26,,81,9.86,28.33
FideChamp2002,2002,FideChamp,FIDE_split,53,FIDE WCh KO,"Anand,V","Touzane,O",2770,2368,1-0,A26,,69,9.45,26.03
FideChamp2002,2002,FideChamp,FIDE_split,59,FIDE WCh KO,"Tiviakov,S","Christiansen,L",2599,2570,1-0,B01,,61,6.41,23.04
FideChamp2002,2002,FideChamp,FIDE_split,54,FIDE WCh KO,"Vallejo Pons,F","Savchenko,S",2630,2550,1-0,B90,,71,25.66,43.61
FideChamp2002,2002,FideChamp,FIDE_split,60,FIDE WCh KO,"Milov,V","Yermolinsky,A",2602,2577,1/2-1/2,E21,,83,5.87,4.95
FideChamp2002,2002,FideChamp,FIDE_split,63,FIDE WCh KO,"Luther,T","Volkov,S",2604,2578,1-0,C11,,65,21,50.93
FideChamp2002,2002,FideChamp,FIDE_split,62,FIDE WCh KO,"Bruzon,L","Nisipeanu,LD",2564,2609,1/2-1/2,A30,,82,18.62,16.38
FideChamp2002,2002,FideChamp,FIDE_split,61,FIDE WCh KO,"Graf,A","Sulskis,S",2610,2571,0-1,D60,,94,14.51,7.42
FideChamp2002,2002,FideChamp,FIDE_split,65,FIDE WCh KO,Yu Shaoteng,Zhang Zhong,2518,2657,0-1,C67,,50,35.52,44.71
FideChamp2002,2002,FideChamp,FIDE_split,68,FIDE WCh KO,"Georgiev,Ki","El Taher,F",2686,2481,1-0,E62,,35,7.29,33.77
FideChamp2002,2002,FideChamp,FIDE_split,70,FIDE WCh KO,"Asrian,K","Khenkin,I",2604,2572,1/2-1/2,B45,,82,3.7,2.89
FideChamp2002,2002,FideChamp,FIDE_split,51,FIDE WCh KO,"Khalifman,A","Ganguly,S",2702,2493,1-0,D24,,137,25.14,23.7
FideChamp2002,2002,FideChamp,FIDE_split,64,FIDE WCh KO,"Hamdouchi,H","Tkachiev,V",2501,2632,0-1,C42,,88,23.12,10.7
FideChamp2002,2002,FideChamp,FIDE_split,67,FIDE WCh KO,Zhang Pengxiang,"Karpov,An",2530,2692,1-0,C54,,89,30.95,44.88
FideChamp2002,2002,FideChamp,FIDE_split,75,FIDE WCh KO,"Khenkin,I","Asrian,K",2572,2604,1/2-1/2,D36,,50,2.95,4.52
FideChamp2002,2002,FideChamp,FIDE_split,74,FIDE WCh KO,"Touzane,O","Anand,V",2368,2770,1/2-1/2,E34,,92,23.57,25.98
FideChamp2002,2002,FideChamp,FIDE_split,69,FIDE WCh KO,"Volkov,S","Luther,T",2578,2604,0-1,D30,,154,29.11,10.92
FideChamp2002,2002,FideChamp,FIDE_split,71,FIDE WCh KO,"Kotsur,P","Dominguez,L",2572,2596,0-1,E95,,114,25.72,32.62
FideChamp2002,2002,FideChamp,FIDE_split,58,FIDE WCh KO,"Psakhis,L","Korchnoi,V",2573,2639,1-0,B19,,119,50.45,36.93
FideChamp2002,2002,FideChamp,FIDE_split,79,FIDE WCh KO,"Kobalija,M","Aseev,K",2603,2591,1-0,B75,,43,4.78,11.35
FideChamp2002,2002,FideChamp,FIDE_split,72,FIDE WCh KO,"Baklan,V","Benjamin,Joe",2590,2587,0-1,C60,,123,23.97,22.12
FideChamp2002,2002,FideChamp,FIDE_split,73,FIDE WCh KO,"Eingorn,V","Sasikiran,K",2601,2569,0-1,D07,,124,46.67,42.66
FideChamp2002,2002,FideChamp,FIDE_split,80,FIDE WCh KO,"Volokitin,A","Sakaev,K",2566,2639,0-1,B70,,140,30.92,19.11
FideChamp2002,2002,FideChamp,FIDE_split,66,FIDE WCh KO,"Barsov,A",Ye Jiangchuan,2525,2681,0-1,E77,,102,33.09,27.81
FideChamp2002,2002,FideChamp,FIDE_split,87,FIDE WCh KO,"Sakaev,K","Volokitin,A",2639,2566,1/2-1/2,A46,,27,49.8,8.44
FideChamp2002,2002,FideChamp,FIDE_split,77,FIDE WCh KO,"Benjamin,Joe","Baklan,V",2587,2590,0-1,B50,,90,22.1,11.49
FideChamp2002,2002,FideChamp,FIDE_split,78,FIDE WCh KO,"Sasikiran,K","Eingorn,V",2569,2601,1/2-1/2,A40,,102,20.53,27.36
FideChamp2002,2002,FideChamp,FIDE_split,82,FIDE WCh KO,"Milov,V","Yermolinsky,A",2602,2577,1-0,E33,,75,13.5,20.33
FideChamp2002,2002,FideChamp,FIDE_split,85,FIDE WCh KO,"Baklan,V","Benjamin,Joe",2590,2587,1/2-1/2,C60,,88,6.3,4.3
FideChamp2002,2002,FideChamp,FIDE_split,81,FIDE WCh KO,"Ehlvest,J","Radjabov,T",2626,2567,1-0,E68,,85,35.26,45.71
FideChamp2002,2002,FideChamp,FIDE_split,83,FIDE WCh KO,"Nisipeanu,LD","Bruzon,L",2609,2564,0-1,B92,,78,11.37,12.11
FideChamp2002,2002,FideChamp,FIDE_split,88,FIDE WCh KO,"Volokitin,A","Sakaev,K",2566,2639,1/2-1/2,C42,,63,5.75,3.3
FideChamp2002,2002,FideChamp,FIDE_split,86,FIDE WCh KO,"Sutovsky,E","Zapata,A",2664,2530,1-0,B47,,64,19.96,19.79
FideChamp2002,2002,FideChamp,FIDE_split,91,FIDE WCh KO,"Hamdouchi,H","Tkachiev,V",2501,2632,1/2-1/2,C42,,40,8.5,6
FideChamp2002,2002,FideChamp,FIDE_split,89,FIDE WCh KO,"Dautov,R","Gurevich,D",2630,2554,1-0,D27,,51,11.23,32.9
FideChamp2002,2002,FideChamp,FIDE_split,76,FIDE WCh KO,"Dominguez,L","Kotsur,P",2596,2572,1/2-1/2,B80,,69,41.23,37.43
FideChamp2002,2002,FideChamp,FIDE_split,92,FIDE WCh KO,"Yermolinsky,A","Milov,V",2577,2602,1/2-1/2,E94,,119,10.64,9
FideChamp2002,2002,FideChamp,FIDE_split,90,FIDE WCh KO,"Milov,V","Yermolinsky,A",2602,2577,0-1,E53,,140,7.52,1.42
FideChamp2002,2002,FideChamp,FIDE_split,84,FIDE WCh KO,"Khenkin,I","Asrian,K",2572,2604,1-0,D36,,137,61.28,30.86
FideChamp2002,2002,FideChamp,FIDE_split,96,FIDE WCh KO,"Mohota,N","Stepovaia Dianchenko,T",2262,2435,1/2-1/2,D15,,95,20.18,18.6
FideChamp2002,2002,FideChamp,FIDE_split,94,FIDE WCh KO,"Asrian,K","Khenkin,I",2604,2572,1/2-1/2,A04,,98,51.73,43.98
FideChamp2002,2002,FideChamp,FIDE_split,104,FIDE WCh KO,"Stepovaia Dianchenko,T","Mohota,N",2435,2262,1/2-1/2,B01,,30,16.73,5.64
FideChamp2002,2002,FideChamp,FIDE_split,100,FIDE WCh KO,"Baginskaite,C","Prudnikova,S",2336,2411,1-0,D24,,74,22.73,38.15
FideChamp2002,2002,FideChamp,FIDE_split,95,FIDE WCh KO,"Bruzon,L","Nisipeanu,LD",2564,2609,1-0,E14,,88,42.98,39.83
FideChamp2002,2002,FideChamp,FIDE_split,102,FIDE WCh KO,"Paehtz,E","Radziewicz,I",2392,2387,1-0,C10,,65,14.28,36.86
FideChamp2002,2002,FideChamp,FIDE_split,101,FIDE WCh KO,"Zielinska,Mar","Gaprindashvili,N",2405,2349,1/2-1/2,D35,,163,32.29,31.52
FideChamp2002,2002,FideChamp,FIDE_split,103,FIDE WCh KO,"Kiseleva,N",Wang Yu,2382,2378,1-0,D46,,75,17.09,22.06
FideChamp2002,2002,FideChamp,FIDE_split,98,FIDE WCh KO,Xu Yuanyuan,"Pina,S",2409,2345,1-0,A44,,95,29.77,29.95
FideChamp2002,2002,FideChamp,FIDE_split,99,FIDE WCh KO,"Foisor,C",Gu Xiaobing,2444,2299,1-0,A36,,99,42.28,72.76
FideChamp2002,2002,FideChamp,FIDE_split,97,FIDE WCh KO,"Arakhamia,K","Ciuksyte,D",2437,2271,0-1,B43,,84,66.26,65.37
FideChamp2002,2002,FideChamp,FIDE_split,93,FIDE WCh KO,"Bruzon,L","Nisipeanu,LD",2564,2609,0-1,A30,,220,38.25,21.26
FideChamp2002,2002,FideChamp,FIDE_split,112,FIDE WCh KO,"Mohota,N","Stepovaia Dianchenko,T",2262,2435,1/2-1/2,D15,,80,14.94,13.47
FideChamp2002,2002,FideChamp,FIDE_split,105,FIDE WCh KO,"Ciuksyte,D","Arakhamia,K",2271,2437,1/2-1/2,B01,,113,19.21,19.12
FideChamp2002,2002,FideChamp,FIDE_split,108,FIDE WCh KO,"Prudnikova,S","Baginskaite,C",2411,2336,1-0,A08,,87,35.1,46.05
FideChamp2002,2002,FideChamp,FIDE_split,111,FIDE WCh KO,Wang Yu,"Kiseleva,N",2378,2382,0-1,C03,,72,35.31,29.34
FideChamp2002,2002,FideChamp,FIDE_split,106,FIDE WCh KO,"Pina,S",Xu Yuanyuan,2345,2409,1-0,B01,,109,27.8,61.22
FideChamp2002,2002,FideChamp,FIDE_split,114,FIDE WCh KO,"Baginskaite,C","Prudnikova,S",2336,2411,1-0,A77,,57,11.4,32
FideChamp2002,2002,FideChamp,FIDE_split,113,FIDE WCh KO,"Pina,S",Xu Yuanyuan,2345,2409,0-1,B01,,92,47.57,18.17
FideChamp2002,2002,FideChamp,FIDE_split,110,FIDE WCh KO,"Radziewicz,I","Paehtz,E",2387,2392,1-0,B23,,105,17.49,26.15
FideChamp2002,2002,FideChamp,FIDE_split,119,FIDE WCh KO,"Prudnikova,S","Baginskaite,C",2411,2336,1-0,A22,,72,37.19,33.84
FideChamp2002,2002,FideChamp,FIDE_split,109,FIDE WCh KO,"Gaprindashvili,N","Zielinska,Mar",2349,2405,1/2-1/2,E90,,111,52.13,42.9
FideChamp2002,2002,FideChamp,FIDE_split,118,FIDE WCh KO,Xu Yuanyuan,"Pina,S",2409,2345,1-0,A44,,93,27.3,35.88
FideChamp2002,2002,FideChamp,FIDE_split,117,FIDE WCh KO,"Mohota,N","Stepovaia Dianchenko,T",2262,2435,0-1,A80,,106,25.24,17.2
FideChamp2002,2002,FideChamp,FIDE_split,120,FIDE WCh KO,"Gaprindashvili,N","Zielinska,Mar",2349,2405,0-1,E90,,69,31.77,34.53
FideChamp2002,2002,FideChamp,FIDE_split,115,FIDE WCh KO,"Zielinska,Mar","Gaprindashvili,N",2405,2349,1/2-1/2,D35,,127,80.87,70.49
FideChamp2002,2002,FideChamp,FIDE_split,125,FIDE WCh KO,Dao Thien Hai,"Milos,G",2531,2610,1/2-1/2,D60,,48,4.8,7.6
FideChamp2002,2002,FideChamp,FIDE_split,107,FIDE WCh KO,Gu Xiaobing,"Foisor,C",2299,2444,0-1,B15,,108,55.16,28.88
FideChamp2002,2002,FideChamp,FIDE_split,122,FIDE WCh KO,"Anastasian,A","Fedorov,Alex",2588,2599,1-0,A26,,95,13.68,21.05
FideChamp2002,2002,FideChamp,FIDE_split,121,FIDE WCh KO,Xu Jun,"Atalik,S",2654,2527,1-0,A28,,119,8.29,16.91
FideChamp2002,2002,FideChamp,FIDE_split,123,FIDE WCh KO,"Radziewicz,I","Paehtz,E",2387,2392,1/2-1/2,A42,,92,89.19,105.64
FideChamp2002,2002,FideChamp,FIDE_split,127,FIDE WCh KO,"Anand,V","Touzane,O",2770,2368,0-1,C42,,78,21.34,11.77
FideChamp2002,2002,FideChamp,FIDE_split,126,FIDE WCh KO,"El Taher,F","Georgiev,Ki",2481,2686,1-0,B36,,109,6.2,12
FideChamp2002,2002,FideChamp,FIDE_split,128,FIDE WCh KO,"Sarthou,G","Adams,Mi",2361,2731,0-1,E55,,64,26.89,6.36
FideChamp2002,2002,FideChamp,FIDE_split,130,FIDE WCh KO,"Shovunov,B","Ivanchuk,V",2353,2731,1/2-1/2,B76,,55,5.71,11
FideChamp2002,2002,FideChamp,FIDE_split,124,FIDE WCh KO,"Baklan,V","Benjamin,Joe",2590,2587,1/2-1/2,C60,,134,16.79,20.02
FideChamp2002,2002,FideChamp,FIDE_split,129,FIDE WCh KO,"Morozevich,A","Zeliakov,Nugzar",2742,,1/2-1/2,B50,,119,2.16,4.16
FideChamp2002,2002,FideChamp,FIDE_split,135,FIDE WCh KO,"Shirov,A","Rizouk,A",2706,2464,1-0,C67,,55,6.58,17.57
FideChamp2002,2002,FideChamp,FIDE_split,138,FIDE WCh KO,"Ganguly,S","Khalifman,A",2493,2702,1/2-1/2,C45,,43,5.94,0.53
FideChamp2002,2002,FideChamp,FIDE_split,131,FIDE WCh KO,"Leko,P","Kobese,W",2739,2396,1-0,C88,,85,7.9,15.37
FideChamp2002,2002,FideChamp,FIDE_split,134,FIDE WCh KO,"Pierrot,F","Topalov,V",2427,2733,0-1,B51,,122,19.11,12.82
FideChamp2002,2002,FideChamp,FIDE_split,132,FIDE WCh KO,"Gluzman,M","Bareev,E",2400,2719,0-1,B19,,54,28.26,5.96
FideChamp2002,2002,FideChamp,FIDE_split,140,FIDE WCh KO,Zhang Pengxiang,"Karpov,An",2530,2692,1/2-1/2,C54,,80,2.83,2.03
FideChamp2002,2002,FideChamp,FIDE_split,141,FIDE WCh KO,"Svidler,P","Hoffman,A",2686,2506,1-0,B07,,47,13.2,26.79
FideChamp2002,2002,FideChamp,FIDE_split,143,FIDE WCh KO,"Bologan,V","Nataf,IA",2668,2535,1/2-1/2,B33,,117,5.58,2.7
FideChamp2002,2002,FideChamp,FIDE_split,142,FIDE WCh KO,"Safin,S","Nikolic,Pr",2538,2652,1/2-1/2,E41,,84,5.74,5.95
FideChamp2002,2002,FideChamp,FIDE_split,144,FIDE WCh KO,"Harikrishna,P","Beliavsky,A",2502,2668,1/2-1/2,E05,,66,10.07,11.9
FideChamp2002,2002,FideChamp,FIDE_split,133,FIDE WCh KO,"Gelfand,B","Cabrera,A",2701,2440,1/2-1/2,B38,,121,13.18,18.68
FideChamp2002,2002,FideChamp,FIDE_split,146,FIDE WCh KO,"Ghaem Maghami,E","Grischuk,A",2513,2666,1/2-1/2,D34,,40,4.19,2.94
FideChamp2002,2002,FideChamp,FIDE_split,137,FIDE WCh KO,"Smirin,I","Simutowe,A",2698,2428,1-0,B17,,107,26.1,28.53
FideChamp2002,2002,FideChamp,FIDE_split,150,FIDE WCh KO,"Barsov,A",Ye Jiangchuan,2525,2681,1/2-1/2,E97,,39,10.88,9.33
FideChamp2002,2002,FideChamp,FIDE_split,136,FIDE WCh KO,"Vlassov,N","Kasimdzhanov,R",2453,2706,1/2-1/2,C41,,138,22.6,25.11
FideChamp2002,2002,FideChamp,FIDE_split,139,FIDE WCh KO,"Van Wely,L","Felgaer,R",2714,2467,1-0,E91,,106,11.45,17.35
FideChamp2002,2002,FideChamp,FIDE_split,153,FIDE WCh KO,"Dreev,A","Supatashvili,K",2676,2515,1/2-1/2,E12,,37,4.2,7.21
FideChamp2002,2002,FideChamp,FIDE_split,149,FIDE WCh KO,"Lautier,J","Barua,D",2653,2521,1-0,D30,,65,7.14,51.86
FideChamp2002,2002,FideChamp,FIDE_split,148,FIDE WCh KO,"Campora,D","Short,N",2536,2675,1-0,B40,,111,27.88,31.98
FideChamp2002,2002,FideChamp,FIDE_split,116,FIDE WCh KO,"Paehtz,E","Radziewicz,I",2392,2387,1-0,B27,,167,29.54,62.27
FideChamp2002,2002,FideChamp,FIDE_split,151,FIDE WCh KO,"Ponomariov,R",Li Wenliang,2684,2511,1-0,B19,,91,5.86,14.66
FideChamp2002,2002,FideChamp,FIDE_split,145,FIDE WCh KO,Zhang Zhong,Yu Shaoteng,2657,2518,0-1,C11,,142,18.76,12.55
FideChamp2002,2002,FideChamp,FIDE_split,152,FIDE WCh KO,"Al Modiahki,M","Polgar,Ju",2506,2686,0-1,B50,,166,36.09,35.41
FideChamp2002,2002,FideChamp,FIDE_split,157,FIDE WCh KO,"Kotsur,P","Dominguez,L",2572,2596,1/2-1/2,A36,,48,10.2,10.2
FideChamp2002,2002,FideChamp,FIDE_split,147,FIDE WCh KO,"Azmaiparashvili,Z","Iuldachev,S",2674,2523,1-0,D22,,139,16.55,18.57
FideChamp2002,2002,FideChamp,FIDE_split,154,FIDE WCh KO,"Eingorn,V","Sasikiran,K",2601,2569,1/2-1/2,A21,,134,20.83,22.97
FideChamp2002,2002,FideChamp,FIDE_split,160,FIDE WCh KO,"Goldin,A","Nielsen,PH",2612,2620,1/2-1/2,D39,,69,6.16,5.2
FideChamp2002,2002,FideChamp,FIDE_split,158,FIDE WCh KO,"Benjamin,Joe","Baklan,V",2587,2590,1/2-1/2,B50,,72,7.78,5.34
FideChamp2002,2002,FideChamp,FIDE_split,161,FIDE WCh KO,"Khenkin,I","Asrian,K",2572,2604,1/2-1/2,D48,,40,5.88,10
FideChamp2002,2002,FideChamp,FIDE_split,159,FIDE WCh KO,"Macieja,B","Avrukh,B",2582,2606,1-0,B07,,61,7.48,24.12
FideChamp2002,2002,FideChamp,FIDE_split,165,FIDE WCh KO,"Shabalov,A","Kaidanov,G",2585,2605,1/2-1/2,D47,,38,21.13,37
FideChamp2002,2002,FideChamp,FIDE_split,163,FIDE WCh KO,"Gurevich,D","Dautov,R",2554,2630,1/2-1/2,D11,,43,119.17,102.24
FideChamp2002,2002,FideChamp,FIDE_split,156,FIDE WCh KO,"Fedorov,Alex","Anastasian,A",2599,2588,1/2-1/2,C10,,127,22.02,22.68
FideChamp2002,2002,FideChamp,FIDE_split,162,FIDE WCh KO,"Luther,T","Volkov,S",2604,2578,1-0,C11,,131,5.79,15.28
FideChamp2002,2002,FideChamp,FIDE_split,168,FIDE WCh KO,"Lastin,A","Cvitan,O",2628,2550,1-0,B96,,41,8.06,23.88
FideChamp2002,2002,FideChamp,FIDE_split,164,FIDE WCh KO,"Sakaev,K","Volokitin,A",2639,2566,1/2-1/2,A46,,114,12.94,7.28
FideChamp2002,2002,FideChamp,FIDE_split,167,FIDE WCh KO,"Timoshenko,G","Delchev,A",2555,2634,1/2-1/2,C97,,140,3.88,4.24
FideChamp2002,2002,FideChamp,FIDE_split,173,FIDE WCh KO,"Psakhis,L","Korchnoi,V",2573,2639,1/2-1/2,B18,,32,10.92,7.5
FideChamp2002,2002,FideChamp,FIDE_split,171,FIDE WCh KO,"Radjabov,T","Ehlvest,J",2567,2626,1/2-1/2,E52,,44,13.83,6.56
FideChamp2002,2002,FideChamp,FIDE_split,170,FIDE WCh KO,"Movsesian,S","Malakhatko,V",2631,2555,1/2-1/2,B18,,73,20.3,13.16
FideChamp2002,2002,FideChamp,FIDE_split,166,FIDE WCh KO,"Lputian,S","Krasenkow,M",2618,2592,1-0,E69,,99,23.37,25.78
FideChamp2002,2002,FideChamp,FIDE_split,174,FIDE WCh KO,"Tiviakov,S","Christiansen,L",2599,2570,1/2-1/2,C45,,99,26.46,29.49
FideChamp2002,2002,FideChamp,FIDE_split,177,FIDE WCh KO,"Grischuk,A","Ghaem Maghami,E",2666,2513,1-0,B90,,59,4.73,17.56
FideChamp2002,2002,FideChamp,FIDE_split,178,FIDE WCh KO,"Beliavsky,A","Harikrishna,P",2668,2502,1-0,D46,,75,6.41,36.18
FideChamp2002,2002,FideChamp,FIDE_split,169,FIDE WCh KO,Liang Chong,"Motylev,A",2531,2641,1/2-1/2,A36,,104,44.96,38.9
FideChamp2002,2002,FideChamp,FIDE_split,155,FIDE WCh KO,"Aseev,K","Kobalija,M",2591,2603,1/2-1/2,A87,,150,12.94,8.55
FideChamp2002,2002,FideChamp,FIDE_split,183,FIDE WCh KO,"Bruzon,L","Nisipeanu,LD",2564,2609,1/2-1/2,E14,,31,3.58,15.64
FideChamp2002,2002,FideChamp,FIDE_split,172,FIDE WCh KO,"Shipov,S","Lesiege,A",2625,2588,1-0,D27,,60,7.23,25.85
FideChamp2002,2002,FideChamp,FIDE_split,176,FIDE WCh KO,Yu Shaoteng,Zhang Zhong,2518,2657,0-1,B08,,130,33.03,24.3
FideChamp2002,2002,FideChamp,FIDE_split,180,FIDE WCh KO,"Graf,A","Sulskis,S",2610,2571,1-0,E59,,61,4.89,14.42
FideChamp2002,2002,FideChamp,FIDE_split,179,FIDE WCh KO,"Nataf,IA","Bologan,V",2535,2668,1-0,C45,,69,6.29,13.83
FideChamp2002,2002,FideChamp,FIDE_split,182,FIDE WCh KO,"Ivanov,AV","Pigusov,E",2586,2613,1/2-1/2,B76,,79,14.22,13.91
FideChamp2002,2002,FideChamp,FIDE_split,184,FIDE WCh KO,"Gyimesi,Z","Conquest,S",2605,2601,1/2-1/2,E15,,91,12.64,11.71
FideChamp2002,2002,FideChamp,FIDE_split,191,FIDE WCh KO,"Simutowe,A","Smirin,I",2428,2698,0-1,E97,,44,29.89,4.72
FideChamp2002,2002,FideChamp,FIDE_split,185,FIDE WCh KO,"Vescovi,G","Gulko,B",2585,2608,1-0,B52,,83,6.66,13.54
FideChamp2002,2002,FideChamp,FIDE_split,190,FIDE WCh KO,"Nikolic,Pr","Safin,S",2652,2538,1-0,D15,,99,10.35,18.18
FideChamp2002,2002,FideChamp,FIDE_split,187,FIDE WCh KO,"Vaganian,R","Belkhodja,S",2650,2489,1/2-1/2,B07,,210,5.25,3.78
FideChamp2002,2002,FideChamp,FIDE_split,189,FIDE WCh KO,"Bareev,E","Gluzman,M",2719,2400,1-0,D34,,85,9.87,19.21
FideChamp2002,2002,FideChamp,FIDE_split,186,FIDE WCh KO,"Cabrera,A","Gelfand,B",2440,2701,0-1,B50,,132,22.98,18.31
FideChamp2002,2002,FideChamp,FIDE_split,188,FIDE WCh KO,"Iuldachev,S","Azmaiparashvili,Z",2523,2674,1/2-1/2,B06,,102,48.43,51.94
FideChamp2002,2002,FideChamp,FIDE_split,193,FIDE WCh KO,"Topalov,V","Pierrot,F",2733,2427,1-0,E04,,58,6.76,17.72
FideChamp2002,2002,FideChamp,FIDE_split,192,FIDE WCh KO,"Rizouk,A","Shirov,A",2464,2706,0-1,C48,,79,46.58,8.34
FideChamp2002,2002,FideChamp,FIDE_split,194,FIDE WCh KO,"Kasimdzhanov,R","Vlassov,N",2706,2453,1-0,D94,,101,6.11,19.74
FideChamp2002,2002,FideChamp,FIDE_split,196,FIDE WCh KO,"Rogozenko,D","Gurevich,M",2536,2605,1/2-1/2,D52,,71,20.31,9.1
FideChamp2002,2002,FideChamp,FIDE_split,181,FIDE WCh KO,"Milos,G",Dao Thien Hai,2610,2531,1-0,C42,,87,9.88,17.38
FideChamp2002,2002,FideChamp,FIDE_split,197,FIDE WCh KO,"Zvjaginsev,V","Gdanski,J",2640,2537,1-0,B90,,87,6.72,27.03
FideChamp2002,2002,FideChamp,FIDE_split,199,FIDE WCh KO,"Tkachiev,V","Hamdouchi,H",2632,2501,1/2-1/2,E15,,98,6.71,6.8
FideChamp2002,2002,FideChamp,FIDE_split,202,FIDE WCh KO,Ye Jiangchuan,"Barsov,A",2681,2525,1/2-1/2,C03,,49,10.76,8.25
FideChamp2002,2002,FideChamp,FIDE_split,195,FIDE WCh KO,"Zapata,A","Sutovsky,E",2530,2664,1-0,B87,,135,16.08,17.9
FideChamp2002,2002,FideChamp,FIDE_split,198,FIDE WCh KO,"Atalik,S",Xu Jun,2527,2654,1/2-1/2,D39,,103,10.15,10.34
FideChamp2002,2002,FideChamp,FIDE_split,204,FIDE WCh KO,"Hoffman,A","Svidler,P",2506,2686,1/2-1/2,A16,,52,13.91,12.41
FideChamp2002,2002,FideChamp,FIDE_split,201,FIDE WCh KO,"Barua,D","Lautier,J",2521,2653,0-1,B92,,72,19.5,6
FideChamp2002,2002,FideChamp,FIDE_split,200,FIDE WCh KO,"Short,N","Campora,D",2675,2536,1/2-1/2,B07,,132,16.34,9.85
FideChamp2002,2002,FideChamp,FIDE_split,205,FIDE WCh KO,Li Wenliang,"Ponomariov,R",2511,2684,1/2-1/2,A01,,102,9.62,10.53
FideChamp2002,2002,FideChamp,FIDE_split,213,FIDE WCh KO,Nguyen Anh Dung,"Rublevsky,S",2533,2634,1/2-1/2,D26,,13,,
FideChamp2002,2002,FideChamp,FIDE_split,208,FIDE WCh KO,"Karpov,An",Zhang Pengxiang,2692,2530,1/2-1/2,D12,,81,8.05,6.94
FideChamp2002,2002,FideChamp,FIDE_split,212,FIDE WCh KO,"Khalifman,A","Ganguly,S",2702,2493,1/2-1/2,D24,,26,1.78,5
FideChamp2002,2002,FideChamp,FIDE_split,207,FIDE WCh KO,"Supatashvili,K","Dreev,A",2515,2676,0-1,D47,,74,48.67,3.76
FideChamp2002,2002,FideChamp,FIDE_split,216,FIDE WCh KO,"Zeliakov,Nugzar","Morozevich,A",,2742,0-1,D11,,34,50.54,6.77
FideChamp2002,2002,FideChamp,FIDE_split,210,FIDE WCh KO,"Georgiev,Ki","El Taher,F",2686,2481,1-0,E62,,71,16.44,23.77
FideChamp2002,2002,FideChamp,FIDE_split,214,FIDE WCh KO,"Touzane,O","Anand,V",2368,2770,0-1,A57,,46,29.11,5.05
FideChamp2002,2002,FideChamp,FIDE_split,203,FIDE WCh KO,"Kobese,W","Leko,P",2396,2739,1-0,B10,,117,17.96,26.17
FideChamp2002,2002,FideChamp,FIDE_split,211,FIDE WCh KO,"Felgaer,R","Van Wely,L",2467,2714,1/2-1/2,B82,,87,16.07,10.97
FideChamp2002,2002,FideChamp,FIDE_split,219,FIDE WCh KO,"Bareev,E","Baklan,V",2719,2590,1/2-1/2,E97,,30,2,5.27
FideChamp2002,2002,FideChamp,FIDE_split,175,FIDE WCh KO,"Yermolinsky,A","Milov,V",2577,2602,0-1,E94,,148,17.47,23.74
FideChamp2002,2002,FideChamp,FIDE_split,209,FIDE WCh KO,"Vallejo Pons,F","Savchenko,S",2630,2550,1-0,C11,,105,13.31,14.98
FideChamp2002,2002,FideChamp,FIDE_split,206,FIDE WCh KO,"Polgar,Ju","Al Modiahki,M",2686,2506,1-0,B45,,97,15.76,47.89
FideChamp2002,2002,FideChamp,FIDE_split,218,FIDE WCh KO,"Anastasian,A","Leko,P",2588,2739,1/2-1/2,D00,,64,7.46,6.11
FideChamp2002,2002,FideChamp,FIDE_split,217,FIDE WCh KO,"Ivanchuk,V","Shovunov,B",2731,2353,1-0,A57,,51,9.73,28.19
FideChamp2002,2002,FideChamp,FIDE_split,215,FIDE WCh KO,"Adams,Mi","Sarthou,G",2731,2361,1-0,B30,,85,4.13,10.18
FideChamp2002,2002,FideChamp,FIDE_split,223,FIDE WCh KO,"Sasikiran,K","Morozevich,A",2569,2742,1/2-1/2,D10,,64,6.68,5.43
FideChamp2002,2002,FideChamp,FIDE_split,222,FIDE WCh KO,"Topalov,V","Vescovi,G",2733,2585,1-0,C92,,61,6.11,14.35
FideChamp2002,2002,FideChamp,FIDE_split,221,FIDE WCh KO,"Dominguez,L","Gelfand,B",2596,2701,1/2-1/2,C42,,127,14.4,15.73
FideChamp2002,2002,FideChamp,FIDE_split,228,FIDE WCh KO,"Vaganian,R","Gurevich,M",2650,2605,1/2-1/2,D47,,140,2.5,3.12
FideChamp2002,2002,FideChamp,FIDE_split,230,FIDE WCh KO,"Nikolic,Pr","Dautov,R",2652,2630,1/2-1/2,D15,,59,5.23,6.04
FideChamp2002,2002,FideChamp,FIDE_split,227,FIDE WCh KO,"Zvjaginsev,V",Xu Jun,2640,2654,1-0,D30,,43,12.94,33.06
FideChamp2002,2002,FideChamp,FIDE_split,225,FIDE WCh KO,"Adams,Mi","Kobalija,M",2731,2603,1-0,B90,,79,12.58,33.86
FideChamp2002,2002,FideChamp,FIDE_split,231,FIDE WCh KO,"Shipov,S","Lautier,J",2625,2653,1/2-1/2,E05,,98,3.98,3.29
FideChamp2002,2002,FideChamp,FIDE_split,229,FIDE WCh KO,"Vallejo Pons,F","Sutovsky,E",2630,2664,0-1,B90,,62,26.07,10.3
FideChamp2002,2002,FideChamp,FIDE_split,236,FIDE WCh KO,"Khalifman,A","Shabalov,A",2702,2585,1/2-1/2,D58,,31,4.42,2.73
FideChamp2002,2002,FideChamp,FIDE_split,235,FIDE WCh KO,"Luther,T","Smirin,I",2604,2698,1/2-1/2,B60,,41,7.88,6.12
FideChamp2002,2002,FideChamp,FIDE_split,224,FIDE WCh KO,"Nielsen,PH","Anand,V",2620,2770,0-1,E15,,66,16.55,4.28
FideChamp2002,2002,FideChamp,FIDE_split,238,FIDE WCh KO,"Georgiev,Ki","Bruzon,L",2686,2564,1/2-1/2,E05,,51,4.41,3.24
FideChamp2002,2002,FideChamp,FIDE_split,226,FIDE WCh KO,"Tkachiev,V",Nguyen Anh Dung,2632,2533,1-0,E17,,133,25.92,37.45
FideChamp2002,2002,FideChamp,FIDE_split,234,FIDE WCh KO,"Kasimdzhanov,R","Khenkin,I",2706,2572,1/2-1/2,D47,,46,1.11,4.63
FideChamp2002,2002,FideChamp,FIDE_split,220,FIDE WCh KO,"Ivanchuk,V","Macieja,B",2731,2582,1-0,B44,,111,11.08,19.45
FideChamp2002,2002,FideChamp,FIDE_split,244,FIDE WCh KO,Ye Jiangchuan,"Psakhis,L",2681,2573,1/2-1/2,C07,,37,6.07,3.79
FideChamp2002,2002,FideChamp,FIDE_split,241,FIDE WCh KO,"Milos,G","Dreev,A",2610,2676,1/2-1/2,B10,,57,8.52,5.12
FideChamp2002,2002,FideChamp,FIDE_split,240,FIDE WCh KO,Zhang Pengxiang,"Pigusov,E",2530,2613,0-1,D01,,50,24.24,9.05
FideChamp2002,2002,FideChamp,FIDE_split,245,FIDE WCh KO,"Campora,D","Ehlvest,J",2536,2626,1/2-1/2,B83,,45,18.42,14.17
FideChamp2002,2002,FideChamp,FIDE_split,232,FIDE WCh KO,"Ivanchuk,V","Macieja,B",2731,2582,1-0,A30,,69,4.06,22.47
FideChamp2002,2002,FideChamp,FIDE_split,233,FIDE WCh KO,"Gyimesi,Z","Shirov,A",2605,2706,0-1,E71,,58,46.52,19.2
FideChamp2002,2002,FideChamp,FIDE_split,237,FIDE WCh KO,"Lputian,S","Van Wely,L",2618,2714,0-1,D72,,96,35.93,5.34
FideChamp2002,2002,FideChamp,FIDE_split,243,FIDE WCh KO,"Tiviakov,S","Ponomariov,R",2599,2684,1/2-1/2,C77,,73,11,7.34
FideChamp2002,2002,FideChamp,FIDE_split,247,FIDE WCh KO,"Grischuk,A","Motylev,A",2666,2641,1/2-1/2,C42,,76,5.74,6.26
FideChamp2002,2002,FideChamp,FIDE_split,246,FIDE WCh KO,"Movsesian,S","Azmaiparashvili,Z",2631,2674,1/2-1/2,B07,,89,7.22,8.55
FideChamp2002,2002,FideChamp,FIDE_split,253,FIDE WCh KO,"Vaganian,R","Gurevich,M",2650,2605,1/2-1/2,D47,,67,2.77,2.28
FideChamp2002,2002,FideChamp,FIDE_split,249,FIDE WCh KO,"Beliavsky,A","Delchev,A",2668,2634,1/2-1/2,D38,,65,12.79,12.75
FideChamp2002,2002,FideChamp,FIDE_split,242,FIDE WCh KO,"Polgar,Ju","Milov,V",2686,2602,1-0,B90,,83,17.71,47.81
FideChamp2002,2002,FideChamp,FIDE_split,252,FIDE WCh KO,"Polgar,Ju","Milov,V",2686,2602,1/2-1/2,C67,,68,21.1,20.57
FideChamp2002,2002,FideChamp,FIDE_split,255,FIDE WCh KO,"Kasimdzhanov,R","Khenkin,I",2706,2572,1/2-1/2,B10,,29,15.64,11.9
FideChamp2002,2002,FideChamp,FIDE_split,250,FIDE WCh KO,"Lastin,A",Zhang Zhong,2628,2657,1/2-1/2,B12,,79,18.69,19.14
FideChamp2002,2002,FideChamp,FIDE_split,254,FIDE WCh KO,"Khalifman,A","Shabalov,A",2702,2585,1-0,B75,,67,11.4,29.21
FideChamp2002,2002,FideChamp,FIDE_split,248,FIDE WCh KO,"Sakaev,K","Nataf,IA",2639,2535,1-0,E92,,83,14.37,22.92
FideChamp2002,2002,FideChamp,FIDE_split,257,FIDE WCh KO,"Dautov,R","Nikolic,Pr",2630,2652,1/2-1/2,E15,,127,14.78,9.39
FideChamp2002,2002,FideChamp,FIDE_split,239,FIDE WCh KO,"Sulskis,S","Svidler,P",2571,2686,1-0,C83,,115,16.44,15.85
FideChamp2002,2002,FideChamp,FIDE_split,258,FIDE WCh KO,"Movsesian,S","Azmaiparashvili,Z",2631,2674,0-1,C60,,112,44.67,19.67
FideChamp2002,2002,FideChamp,FIDE_split,256,FIDE WCh KO,"Anastasian,A","Leko,P",2588,2739,1-0,A48,,103,24.48,56.38
FideChamp2002,2002,FideChamp,FIDE_split,259,FIDE WCh KO,"Lautier,J","Shipov,S",2653,2625,1-0,D85,,93,32.67,37.76
FideChamp2002,2002,FideChamp,FIDE_split,265,FIDE WCh KO,"Beliavsky,A","Delchev,A",2668,2634,1/2-1/2,E15,,122,14.91,16.77
FideChamp2002,2002,FideChamp,FIDE_split,251,FIDE WCh KO,"Ponomariov,R","Tiviakov,S",2684,2599,1-0,B78,,99,23.96,33.2
FideChamp2002,2002,FideChamp,FIDE_split,261,FIDE WCh KO,"Bruzon,L","Georgiev,Ki",2564,2686,0-1,B90,,88,36.3,20.4
FideChamp2002,2002,FideChamp,FIDE_split,264,FIDE WCh KO,"Nikolic,Pr","Dautov,R",2652,2630,1-0,D13,,97,16.58,23.75
FideChamp2002,2002,FideChamp,FIDE_split,268,FIDE WCh KO,"Psakhis,L",Ye Jiangchuan,2573,2681,0-1,B30,,122,4.21,4.02
FideChamp2002,2002,FideChamp,FIDE_split,260,FIDE WCh KO,"Sulskis,S","Svidler,P",2571,2686,0-1,C52,,68,20.9,10.4
FideChamp2002,2002,FideChamp,FIDE_split,263,FIDE WCh KO,"Gurevich,M","Vaganian,R",2605,2650,1-0,D37,,135,13.48,11.94
FideChamp2002,2002,FideChamp,FIDE_split,269,FIDE WCh KO,"Tiviakov,S","Ponomariov,R",2599,2684,0-1,C78,,48,20.7,5.35
FideChamp2002,2002,FideChamp,FIDE_split,272,FIDE WCh KO,"Georgiev,Ki","Bruzon,L",2686,2564,1-0,D13,,81,6.49,34
FideChamp2002,2002,FideChamp,FIDE_split,266,FIDE WCh KO,"Azmaiparashvili,Z","Movsesian,S",2674,2631,1/2-1/2,A07,,97,20.47,30.45
FideChamp2002,2002,FideChamp,FIDE_split,267,FIDE WCh KO,"Shipov,S","Lautier,J",2625,2653,1/2-1/2,D31,,110,19.86,16.24
FideChamp2002,2002,FideChamp,FIDE_split,271,FIDE WCh KO,"Svidler,P","Sulskis,S",2686,2571,1/2-1/2,B80,,69,8.52,18.93
FideChamp2002,2002,FideChamp,FIDE_split,278,FIDE WCh KO,"Shabalov,A","Khalifman,A",2585,2702,1/2-1/2,D37,,55,11.46,7.04
FideChamp2002,2002,FideChamp,FIDE_split,279,FIDE WCh KO,"Anand,V","Nielsen,PH",2770,2620,1/2-1/2,B52,,59,5.65,4.08
FideChamp2002,2002,FideChamp,FIDE_split,277,FIDE WCh KO,Ye Jiangchuan,"Psakhis,L",2681,2573,1/2-1/2,C07,,65,7.17,3.07
FideChamp2002,2002,FideChamp,FIDE_split,270,FIDE WCh KO,"Milov,V","Polgar,Ju",2602,2686,1-0,E54,,79,13.42,48.77
FideChamp2002,2002,FideChamp,FIDE_split,273,FIDE WCh KO,"Shabalov,A","Khalifman,A",2585,2702,0-1,E60,,70,22.35,5.55
FideChamp2002,2002,FideChamp,FIDE_split,262,FIDE WCh KO,"Delchev,A","Beliavsky,A",2634,2668,1-0,E11,,139,16.24,41.17
FideChamp2002,2002,FideChamp,FIDE_split,274,FIDE WCh KO,"Khenkin,I","Kasimdzhanov,R",2572,2706,0-1,D37,,84,27.21,9.05
FideChamp2002,2002,FideChamp,FIDE_split,276,FIDE WCh KO,"Macieja,B","Ivanchuk,V",2582,2731,0-1,C11,,54,39.57,9.78
FideChamp2002,2002,FideChamp,FIDE_split,288,FIDE WCh KO,"Khenkin,I","Kasimdzhanov,R",2572,2706,1/2-1/2,D37,,19,,
FideChamp2002,2002,FideChamp,FIDE_split,283,FIDE WCh KO,"Leko,P","Anastasian,A",2739,2588,1/2-1/2,B19,,113,5.51,3.85
FideChamp2002,2002,FideChamp,FIDE_split,280,FIDE WCh KO,"Kobalija,M","Adams,Mi",2603,2731,1/2-1/2,A07,,75,18.21,15.39
FideChamp2002,2002,FideChamp,FIDE_split,284,FIDE WCh KO,"Baklan,V","Bareev,E",2590,2719,0-1,B12,,76,23.56,11.5
FideChamp2002,2002,FideChamp,FIDE_split,289,FIDE WCh KO,"Smirin,I","Luther,T",2698,2604,1-0,C05,,59,8.73,22.64
FideChamp2002,2002,FideChamp,FIDE_split,285,FIDE WCh KO,"Gelfand,B","Dominguez,L",2701,2596,1-0,E92,,77,7.09,17.53
FideChamp2002,2002,FideChamp,FIDE_split,286,FIDE WCh KO,"Vescovi,G","Topalov,V",2585,2733,1/2-1/2,C42,,122,5.33,5.19
FideChamp2002,2002,FideChamp,FIDE_split,287,FIDE WCh KO,"Shirov,A","Gyimesi,Z",2706,2605,1/2-1/2,B12,,141,10.9,10.68
FideChamp2002,2002,FideChamp,FIDE_split,293,FIDE WCh KO,"Gurevich,M","Vaganian,R",2605,2650,1/2-1/2,D53,,57,4.68,5
FideChamp2002,2002,FideChamp,FIDE_split,291,FIDE WCh KO,"Ponomariov,R","Tiviakov,S",2684,2599,1/2-1/2,B78,,71,8,7.77
FideChamp2002,2002,FideChamp,FIDE_split,294,FIDE WCh KO,Nguyen Anh Dung,"Tkachiev,V",2533,2632,1/2-1/2,C48,,49,13.38,17.85
FideChamp2002,2002,FideChamp,FIDE_split,298,FIDE WCh KO,"Delchev,A","Beliavsky,A",2634,2668,1/2-1/2,D39,,93,3.42,1.52
FideChamp2002,2002,FideChamp,FIDE_split,292,FIDE WCh KO,Xu Jun,"Zvjaginsev,V",2654,2640,1/2-1/2,C10,,78,16.57,18.43
FideChamp2002,2002,FideChamp,FIDE_split,282,FIDE WCh KO,"Macieja,B","Ivanchuk,V",2582,2731,1-0,C45,,133,11.81,45.08
FideChamp2002,2002,FideChamp,FIDE_split,295,FIDE WCh KO,"Sutovsky,E","Vallejo Pons,F",2664,2630,1-0,B30,,53,11.57,80.09
FideChamp2002,2002,FideChamp,FIDE_split,297,FIDE WCh KO,"Nataf,IA","Sakaev,K",2535,2639,1/2-1/2,C42,,68,17.43,11.47
FideChamp2002,2002,FideChamp,FIDE_split,304,FIDE WCh KO,"Psakhis,L",Ye Jiangchuan,2573,2681,1/2-1/2,B40,,14,,
FideChamp2002,2002,FideChamp,FIDE_split,290,FIDE WCh KO,"Milov,V","Polgar,Ju",2602,2686,1-0,E29,,107,45.46,39.61
FideChamp2002,2002,FideChamp,FIDE_split,301,FIDE WCh KO,"Azmaiparashvili,Z","Movsesian,S",2674,2631,1/2-1/2,D11,,45,6.58,2.44
FideChamp2002,2002,FideChamp,FIDE_split,296,FIDE WCh KO,"Dautov,R","Nikolic,Pr",2630,2652,1/2-1/2,E15,,83,10.79,10.03
FideChamp2002,2002,FideChamp,FIDE_split,299,FIDE WCh KO,Zhang Zhong,"Lastin,A",2657,2628,1-0,C17,,53,3.74,16.68
FideChamp2002,2002,FideChamp,FIDE_split,275,FIDE WCh KO,"Leko,P","Anastasian,A",2739,2588,1/2-1/2,B12,,148,41.61,44.04
FideChamp2002,2002,FideChamp,FIDE_split,310,FIDE WCh KO,"Azmaiparashvili,Z","Kasimdzhanov,R",2674,2706,1/2-1/2,D54,,30,4.45,8.45
FideChamp2002,2002,FideChamp,FIDE_split,300,FIDE WCh KO,"Motylev,A","Grischuk,A",2641,2666,1-0,C48,,77,7.09,14.44
FideChamp2002,2002,FideChamp,FIDE_split,305,FIDE WCh KO,"Bruzon,L","Georgiev,Ki",2564,2686,1/2-1/2,B90,,114,11.43,12.42
FideChamp2002,2002,FideChamp,FIDE_split,312,FIDE WCh KO,"Anastasian,A","Nikolic,Pr",2588,2652,1/2-1/2,A27,,66,8,5.97
FideChamp2002,2002,FideChamp,FIDE_split,303,FIDE WCh KO,"Lautier,J","Shipov,S",2653,2625,1/2-1/2,D85,,151,12.47,11.04
FideChamp2002,2002,FideChamp,FIDE_split,306,FIDE WCh KO,"Van Wely,L","Lputian,S",2714,2618,1-0,A40,,59,8.77,18.12
FideChamp2002,2002,FideChamp,FIDE_split,308,FIDE WCh KO,"Svidler,P","Sulskis,S",2686,2571,1-0,C42,,87,24.62,29.1
FideChamp2002,2002,FideChamp,FIDE_split,307,FIDE WCh KO,"Pigusov,E",Zhang Pengxiang,2613,2530,1-0,A07,,83,39.58,52.46
FideChamp2002,2002,FideChamp,FIDE_split,309,FIDE WCh KO,"Dreev,A","Milos,G",2676,2610,1-0,E12,,91,5.38,9.95
FideChamp2002,2002,FideChamp,FIDE_split,316,FIDE WCh KO,"Sutovsky,E","Ivanchuk,V",2664,2731,1/2-1/2,C85,,54,5.39,4.57
FideChamp2002,2002,FideChamp,FIDE_split,302,FIDE WCh KO,"Ehlvest,J","Campora,D",2626,2536,1-0,C66,,121,17.96,21.64
FideChamp2002,2002,FideChamp,FIDE_split,311,FIDE WCh KO,"Svidler,P","Milov,V",2686,2602,1-0,C45,,57,12.52,73.21
FideChamp2002,2002,FideChamp,FIDE_split,314,FIDE WCh KO,"Zvjaginsev,V","Adams,Mi",2640,2731,1/2-1/2,A17,,64,11.75,29.57
FideChamp2002,2002,FideChamp,FIDE_split,313,FIDE WCh KO,"Anand,V","Tkachiev,V",2770,2632,1/2-1/2,C78,,95,20.2,15.7
FideChamp2002,2002,FideChamp,FIDE_split,321,FIDE WCh KO,"Shirov,A","Motylev,A",2706,2641,1/2-1/2,D27,,99,3.89,3.53
FideChamp2002,2002,FideChamp,FIDE_split,315,FIDE WCh KO,"Morozevich,A","Gurevich,M",2742,2605,1-0,C11,,97,34.51,41.32
FideChamp2002,2002,FideChamp,FIDE_split,318,FIDE WCh KO,"Sakaev,K","Bareev,E",2639,2719,1-0,B12,,75,8.76,19.82
FideChamp2002,2002,FideChamp,FIDE_split,319,FIDE WCh KO,"Gelfand,B","Delchev,A",2701,2634,1-0,D41,,63,2.75,13.89
FideChamp2002,2002,FideChamp,FIDE_split,326,FIDE WCh KO,"Ehlvest,J","Smirin,I",2626,2698,1/2-1/2,B60,,26,3.56,3.78
FideChamp2002,2002,FideChamp,FIDE_split,322,FIDE WCh KO,"Smirin,I","Ehlvest,J",2698,2626,1/2-1/2,B92,,77,12.26,10.12
FideChamp2002,2002,FideChamp,FIDE_split,324,FIDE WCh KO,"Lautier,J","Khalifman,A",2653,2702,1/2-1/2,D37,,71,10.03,12.42
FideChamp2002,2002,FideChamp,FIDE_split,327,FIDE WCh KO,"Khalifman,A","Lautier,J",2702,2653,1/2-1/2,B96,,35,10.14,14.92
FideChamp2002,2002,FideChamp,FIDE_split,330,FIDE WCh KO,"Kasimdzhanov,R","Azmaiparashvili,Z",2706,2674,1/2-1/2,D15,,22,11.57,0
FideChamp2002,2002,FideChamp,FIDE_split,329,FIDE WCh KO,"Motylev,A","Shirov,A",2641,2706,1/2-1/2,C45,,83,3.05,4.49
FideChamp2002,2002,FideChamp,FIDE_split,320,FIDE WCh KO,Zhang Zhong,"Topalov,V",2657,2733,1/2-1/2,B51,,134,18.14,13.9
FideChamp2002,2002,FideChamp,FIDE_split,328,FIDE WCh KO,Ye Jiangchuan,"Van Wely,L",2681,2714,1/2-1/2,B43,,118,18.18,15.18
FideChamp2002,2002,FideChamp,FIDE_split,317,FIDE WCh KO,"Ponomariov,R","Georgiev,Ki",2684,2686,1-0,B90,,113,15.92,23.08
FideChamp2002,2002,FideChamp,FIDE_split,336,FIDE WCh KO,"Gurevich,M","Morozevich,A",2605,2742,1/2-1/2,D45,,37,16,1.43
FideChamp2002,2002,FideChamp,FIDE_split,332,FIDE WCh KO,"Delchev,A","Gelfand,B",2634,2701,0-1,E14,,48,26.5,8.45
FideChamp2002,2002,FideChamp,FIDE_split,281,FIDE WCh KO,"Morozevich,A","Sasikiran,K",2742,2569,1-0,B12,,89,6.78,21.75
FideChamp2002,2002,FideChamp,FIDE_split,325,FIDE WCh KO,"Van Wely,L",Ye Jiangchuan,2714,2681,0-1,E97,,114,37.4,25.43
FideChamp2002,2002,FideChamp,FIDE_split,339,FIDE WCh KO,"Tkachiev,V","Anand,V",2632,2770,1/2-1/2,A29,,25,1.11,0.88
FideChamp2002,2002,FideChamp,FIDE_split,323,FIDE WCh KO,"Dreev,A","Pigusov,E",2676,2613,1-0,D37,,177,7.59,11
FideChamp2002,2002,FideChamp,FIDE_split,337,FIDE WCh KO,"Adams,Mi","Zvjaginsev,V",2731,2640,1/2-1/2,B48,,40,11.19,9.31
FideChamp2002,2002,FideChamp,FIDE_split,340,FIDE WCh KO,"Pigusov,E","Dreev,A",2613,2676,1/2-1/2,D43,,35,24.5,9.23
FideChamp2002,2002,FideChamp,FIDE_split,338,FIDE WCh KO,"Georgiev,Ki","Ponomariov,R",2686,2684,0-1,C95,,80,57.11,7.69
FideChamp2002,2002,FideChamp,FIDE_split,344,FIDE WCh KO,"Shirov,A","Motylev,A",2706,2641,1-0,D20,,25,36.33,148.38
FideChamp2002,2002,FideChamp,FIDE_split,331,FIDE WCh KO,"Topalov,V",Zhang Zhong,2733,2657,1-0,B90,,59,23.35,29.08
FideChamp2002,2002,FideChamp,FIDE_split,335,FIDE WCh KO,"Ivanchuk,V","Sutovsky,E",2731,2664,1-0,A20,,115,10.06,17.17
FideChamp2002,2002,FideChamp,FIDE_split,343,FIDE WCh KO,"Bareev,E","Sakaev,K",2719,2639,1-0,E38,,51,12.05,22.95
FideChamp2002,2002,FideChamp,FIDE_split,334,FIDE WCh KO,"Nikolic,Pr","Anastasian,A",2652,2588,1-0,E15,,89,8.78,10.88
FideChamp2002,2002,FideChamp,FIDE_split,341,FIDE WCh KO,"Tkachiev,V","Anand,V",2632,2770,0-1,E15,,124,33.05,7.62
FideChamp2002,2002,FideChamp,FIDE_split,342,FIDE WCh KO,"Zvjaginsev,V","Adams,Mi",2640,2731,0-1,A17,,68,28.73,14.9
FideChamp2002,2002,FideChamp,FIDE_split,345,FIDE WCh KO,"Kasimdzhanov,R","Azmaiparashvili,Z",2706,2674,1/2-1/2,D94,,102,11.26,9.55
FideChamp2002,2002,FideChamp,FIDE_split,349,FIDE WCh KO,"Adams,Mi","Zvjaginsev,V",2731,2640,1-0,B51,,67,9.43,13.9
FideChamp2002,2002,FideChamp,FIDE_split,333,FIDE WCh KO,"Bareev,E","Sakaev,K",2719,2639,1-0,E34,,49,2.95,33
FideChamp2002,2002,FideChamp,FIDE_split,351,FIDE WCh KO,"Motylev,A","Shirov,A",2641,2706,1-0,C48,,177,3.56,9.54
FideChamp2002,2002,FideChamp,FIDE_split,346,FIDE WCh KO,"Smirin,I","Ehlvest,J",2698,2626,1/2-1/2,C88,,116,14.94,10.41
FideChamp2002,2002,FideChamp,FIDE_split,348,FIDE WCh KO,"Anand,V","Tkachiev,V",2770,2632,1/2-1/2,B07,,142,7.49,7.48
FideChamp2002,2002,FideChamp,FIDE_split,353,FIDE WCh KO,"Ehlvest,J","Smirin,I",2626,2698,1/2-1/2,D73,,86,6.92,6.03
FideChamp2002,2002,FideChamp,FIDE_split,354,FIDE WCh KO,"Shirov,A","Motylev,A",2706,2641,1-0,D17,,53,12.17,24.55
FideChamp2002,2002,FideChamp,FIDE_split,347,FIDE WCh KO,"Khalifman,A","Lautier,J",2702,2653,0-1,B90,,116,12.37,14.22
FideChamp2002,2002,FideChamp,FIDE_split,359,FIDE WCh KO,"Milov,V","Svidler,P",2602,2686,0-1,D85,,74,23.55,11.73
FideChamp2002,2002,FideChamp,FIDE_split,357,FIDE WCh KO,"Ehlvest,J","Smirin,I",2626,2698,1-0,B60,,67,29.83,62
FideChamp2002,2002,FideChamp,FIDE_split,362,FIDE WCh KO,"Nikolic,Pr","Lautier,J",2652,2653,1/2-1/2,E15,,27,8.6,7.67
FideChamp2002,2002,FideChamp,FIDE_split,355,FIDE WCh KO,"Smirin,I","Ehlvest,J",2698,2626,1-0,B83,,83,26.08,66.16
FideChamp2002,2002,FideChamp,FIDE_split,358,FIDE WCh KO,"Ehlvest,J","Smirin,I",2626,2698,1-0,B66,,77,48,93.65
FideChamp2002,2002,FideChamp,FIDE_split,364,FIDE WCh KO,"Svidler,P","Adams,Mi",2686,2731,1/2-1/2,C88,,55,4.62,5.04
FideChamp2002,2002,FideChamp,FIDE_split,352,FIDE WCh KO,"Azmaiparashvili,Z","Kasimdzhanov,R",2674,2706,1-0,C45,,148,29.57,25.09
FideChamp2002,2002,FideChamp,FIDE_split,367,FIDE WCh KO,Ye Jiangchuan,"Ivanchuk,V",2681,2731,1/2-1/2,C02,,45,7.21,6.11
FideChamp2002,2002,FideChamp,FIDE_split,365,FIDE WCh KO,"Morozevich,A","Ponomariov,R",2742,2684,1/2-1/2,C92,,85,5.85,7.42
FideChamp2002,2002,FideChamp,FIDE_split,361,FIDE WCh KO,"Adams,Mi","Svidler,P",2731,2686,1/2-1/2,B90,,99,17.26,16.56
FideChamp2002,2002,FideChamp,FIDE_split,360,FIDE WCh KO,"Lautier,J","Khalifman,A",2653,2702,1-0,E94,,155,14.09,18.04
FideChamp2002,2002,FideChamp,FIDE_split,363,FIDE WCh KO,"Morozevich,A","Ponomariov,R",2742,2684,1-0,C96,,65,3.07,13.39
FideChamp2002,2002,FideChamp,FIDE_split,356,FIDE WCh KO,"Motylev,A","Shirov,A",2641,2706,1/2-1/2,C48,,123,26.14,19.61
FideChamp2002,2002,FideChamp,FIDE_split,370,FIDE WCh KO,"Shirov,A","Topalov,V",2706,2733,1/2-1/2,B77,,65,6.48,5.5
FideChamp2002,2002,FideChamp,FIDE_split,369,FIDE WCh KO,"Ehlvest,J","Bareev,E",2626,2719,0-1,B12,,52,25.27,9.36
FideChamp2002,2002,FideChamp,FIDE_split,373,FIDE WCh KO,"Shirov,A","Topalov,V",2706,2733,1-0,B77,,73,13.45,50.91
FideChamp2002,2002,FideChamp,FIDE_split,366,FIDE WCh KO,"Lautier,J","Nikolic,Pr",2653,2652,1-0,D94,,121,13.61,16.62
FideChamp2002,2002,FideChamp,FIDE_split,368,FIDE WCh KO,"Ponomariov,R","Morozevich,A",2684,2742,1-0,C78,,88,17.12,28.88
FideChamp2002,2002,FideChamp,FIDE_split,371,FIDE WCh KO,"Svidler,P","Adams,Mi",2686,2731,1/2-1/2,C88,,117,14.67,13.22
FideChamp2002,2002,FideChamp,FIDE_split,378,FIDE WCh KO,"Gelfand,B","Azmaiparashvili,Z",2701,2674,1/2-1/2,D15,,71,5.41,6.16
FideChamp2002,2002,FideChamp,FIDE_split,374,FIDE WCh KO,"Shirov,A","Topalov,V",2706,2733,1/2-1/2,C42,,75,26.24,20.7
FideChamp2002,2002,FideChamp,FIDE_split,380,FIDE WCh KO,"Topalov,V","Shirov,A",2733,2706,1/2-1/2,C42,,61,4.11,3.08
FideChamp2002,2002,FideChamp,FIDE_split,382,FIDE WCh KO,"Nikolic,Pr","Lautier,J",2652,2653,0-1,E12,,38,34.33,3.93
FideChamp2002,2002,FideChamp,FIDE_split,377,FIDE WCh KO,"Topalov,V","Shirov,A",2733,2706,0-1,C42,,106,27.08,20.33
FideChamp2002,2002,FideChamp,FIDE_split,350,FIDE WCh KO,"Sakaev,K","Bareev,E",2639,2719,0-1,B12,,60,72.15,50.81
FideChamp2002,2002,FideChamp,FIDE_split,384,FIDE WCh KO,"Svidler,P","Adams,Mi",2686,2731,1/2-1/2,C88,,50,7.9,7.38
FideChamp2002,2002,FideChamp,FIDE_split,376,FIDE WCh KO,"Topalov,V","Shirov,A",2733,2706,1-0,C42,,84,8.95,12.03
FideChamp2002,2002,FideChamp,FIDE_split,381,FIDE WCh KO,"Gelfand,B","Azmaiparashvili,Z",2701,2674,0-1,B07,,82,21.24,10.78
FideChamp2002,2002,FideChamp,FIDE_split,388,FIDE WCh KO,"Lautier,J","Ivanchuk,V",2653,2731,1/2-1/2,E15,,41,6.06,2.81
FideChamp2002,2002,FideChamp,FIDE_split,372,FIDE WCh KO,"Gelfand,B","Azmaiparashvili,Z",2701,2674,1-0,D56,,111,59.85,39.67
FideChamp2002,2002,FideChamp,FIDE_split,387,FIDE WCh KO,"Ponomariov,R","Bareev,E",2684,2719,1/2-1/2,C10,,56,1.5,0.62
FideChamp2002,2002,FideChamp,FIDE_split,379,FIDE WCh KO,"Azmaiparashvili,Z","Gelfand,B",2674,2701,0-1,D12,,136,31.66,10.06
FideChamp2002,2002,FideChamp,FIDE_split,389,FIDE WCh KO,"Gelfand,B","Svidler,P",2701,2686,1/2-1/2,E05,,45,3.47,3.39
FideChamp2002,2002,FideChamp,FIDE_split,390,FIDE WCh KO,"Bareev,E","Ponomariov,R",2719,2684,1/2-1/2,D27,,57,6.16,4
FideChamp2002,2002,FideChamp,FIDE_split,375,FIDE WCh KO,"Azmaiparashvili,Z","Gelfand,B",2674,2701,1/2-1/2,D10,,153,22.42,14.39
FideChamp2002,2002,FideChamp,FIDE_split,385,FIDE WCh KO,"Anand,V","Dreev,A",2770,2676,1-0,B19,,83,5.5,11.35
FideChamp2002,2002,FideChamp,FIDE_split,395,FIDE WCh KO,"Svidler,P","Gelfand,B",2686,2701,1/2-1/2,C10,,40,4.38,8
FideChamp2002,2002,FideChamp,FIDE_split,394,FIDE WCh KO,"Ponomariov,R","Bareev,E",2684,2719,1-0,B06,,67,48.9,37.55
FideChamp2002,2002,FideChamp,FIDE_split,397,FIDE WCh KO,"Ivanchuk,V","Lautier,J",2731,2653,1/2-1/2,E15,,57,9.16,7.5
FideChamp2002,2002,FideChamp,FIDE_split,392,FIDE WCh KO,"Lautier,J","Ivanchuk,V",2653,2731,1/2-1/2,E15,,87,20.88,23
FideChamp2002,2002,FideChamp,FIDE_split,398,FIDE WCh KO,"Shirov,A","Anand,V",2706,2770,1/2-1/2,C10,,63,11.89,9.41
FideChamp2002,2002,FideChamp,FIDE_split,391,FIDE WCh KO,"Gelfand,B","Svidler,P",2701,2686,1/2-1/2,E05,,184,74.49,80.9
FideChamp2002,2002,FideChamp,FIDE_split,399,FIDE WCh KO,"Svidler,P","Gelfand,B",2686,2701,1/2-1/2,C02,,75,3.53,5.18
FideChamp2002,2002,FideChamp,FIDE_split,393,FIDE WCh KO,"Ivanchuk,V","Lautier,J",2731,2653,1-0,E15,,103,25.54,31.87
FideChamp2002,2002,FideChamp,FIDE_split,400,FIDE WCh KO,"Ivanchuk,V","Lautier,J",2731,2653,1/2-1/2,E15,,43,20.61,11.88
FideChamp2002,2002,FideChamp,FIDE_split,401,FIDE WCh KO,"Lautier,J","Ivanchuk,V",2653,2731,1/2-1/2,E16,,55,4.08,1.26
FideChamp2002,2002,FideChamp,FIDE_split,396,FIDE WCh KO,"Svidler,P","Gelfand,B",2686,2701,1-0,C02,,97,32.44,64.25
FideChamp2002,2002,FideChamp,FIDE_split,407,FIDE WCh KO,"Anand,V","Ivanchuk,V",2770,2731,1/2-1/2,B30,,35,7.07,3.38
FideChamp2002,2002,FideChamp,FIDE_split,383,FIDE WCh KO,"Adams,Mi","Svidler,P",2731,2686,0-1,B50,,133,53.37,29.71
FideChamp2002,2002,FideChamp,FIDE_split,405,FIDE WCh KO,"Ivanchuk,V","Anand,V",2731,2770,1/2-1/2,C10,,86,4.26,3.05
FideChamp2002,2002,FideChamp,FIDE_split,404,FIDE WCh KO,"Svidler,P","Ponomariov,R",2686,2684,1/2-1/2,C42,,69,8.74,7.73
FideChamp2002,2002,FideChamp,FIDE_split,409,FIDE WCh KO,"Ivanchuk,V","Anand,V",2731,2770,1/2-1/2,C10,,53,3.83,3.64
FideChamp2002,2002,FideChamp,FIDE_split,402,FIDE WCh KO,"Bareev,E","Ponomariov,R",2719,2684,0-1,D27,,78,23.34,13.4
FideChamp2002,2002,FideChamp,FIDE_split,411,FIDE WCh KO,"Ponomariov,R","Svidler,P",2684,2686,1/2-1/2,B22,,36,9.14,12.29
FideChamp2002,2002,FideChamp,FIDE_split,406,FIDE WCh KO,"Ponomariov,R","Svidler,P",2684,2686,1/2-1/2,B80,,91,14.69,11.07
FideChamp2002,2002,FideChamp,FIDE_split,414,FIDE WCh KO Final,"Ponomariov,R","Ivanchuk,V",2727,2717,1/2-1/2,B47,,93,3.37,1.79
FideChamp2002,2002,FideChamp,FIDE_split,417,FIDE WCh KO Final,"Ivanchuk,V","Ponomariov,R",2717,2727,1/2-1/2,C42,,53,7.35,4.68
FideChamp2002,2002,FideChamp,FIDE_split,412,FIDE WCh KO Final,"Ponomariov,R","Ivanchuk,V",2727,2717,1-0,C11,,45,12.89,22.17
FideChamp2002,2002,FideChamp,FIDE_split,410,FIDE WCh KO,"Anand,V","Ivanchuk,V",2770,2731,0-1,B30,,84,10.45,3.11
FideChamp2002,2002,FideChamp,FIDE_split,415,FIDE WCh KO Final,"Ivanchuk,V","Ponomariov,R",2717,2727,1/2-1/2,D20,,100,12.26,11.93
FideChamp2002,2002,FideChamp,FIDE_split,418,FIDE WCh KO Final,"Ponomariov,R","Ivanchuk,V",2727,2717,1/2-1/2,B04,,43,2.67,12.24
FideChamp2002,2002,FideChamp,FIDE_split,413,FIDE WCh KO Final,"Ivanchuk,V","Ponomariov,R",2717,2727,1/2-1/2,D20,,116,12.89,8.65
FideChamp2004,2004,FideChamp,FIDE_split,2,FIDE WCh KO,"Adams,Mi","Asabri,Hu",2731,2277,1-0,C65,,69,8.32,53.53
FideChamp2004,2004,FideChamp,FIDE_split,1,FIDE WCh KO,"Topalov,V","Abulhul,T",2737,2076,1-0,A17,,81,10.05,20.17
FideChamp2002,2002,FideChamp,FIDE_split,416,FIDE WCh KO Final,"Ponomariov,R","Ivanchuk,V",2727,2717,1-0,C88,,127,15.45,39.85
FideChamp2004,2004,FideChamp,FIDE_split,5,FIDE WCh KO,"Kadhi,H","Short,N",2379,2712,0-1,C45,,106,27.2,18.02
FideChamp2004,2004,FideChamp,FIDE_split,3,FIDE WCh KO,"Solomon,K","Grischuk,A",2352,2719,0-1,D18,,104,21.54,15.31
FideChamp2002,2002,FideChamp,FIDE_split,408,FIDE WCh KO,"Svidler,P","Ponomariov,R",2686,2684,0-1,C43,,88,19.52,16.12
FideChamp2002,2002,FideChamp,FIDE_split,386,FIDE WCh KO,"Anand,V","Shirov,A",2770,2706,1-0,C42,,87,9.6,20.87
FideChamp2004,2004,FideChamp,FIDE_split,6,FIDE WCh KO,"Malakhov,V","Haznedaroglu,K",2695,2395,1-0,D12,,109,11.43,11.94
FideChamp2004,2004,FideChamp,FIDE_split,7,FIDE WCh KO,"Dableo,R","Nisipeanu,LD",2426,2692,1/2-1/2,A36,,104,6.46,7.1
FideChamp2004,2004,FideChamp,FIDE_split,11,FIDE WCh KO,"Garcia Palermo,C",Ye Jiangchuan,2444,2681,1/2-1/2,A47,,66,19.72,18.1
FideChamp2004,2004,FideChamp,FIDE_split,10,FIDE WCh KO,"Akopian,Vl","Gonzalez Garcia,J",2689,2443,1-0,C07,,75,4.44,17.15
FideChamp2004,2004,FideChamp,FIDE_split,15,FIDE WCh KO,"Rublevsky,S","Adly,A",2671,2490,1/2-1/2,B52,,70,15.35,14
FideChamp2004,2004,FideChamp,FIDE_split,18,FIDE WCh KO,"Barsov,A","Beliavsky,A",2507,2667,1/2-1/2,E35,,25,2.22,0
FideChamp2004,2004,FideChamp,FIDE_split,14,FIDE WCh KO,"Johansen,D","Gurevich,M",2489,2672,1/2-1/2,C08,,67,6.5,8.03
FideChamp2004,2004,FideChamp,FIDE_split,9,FIDE WCh KO,"Tissir,M","Dreev,A",2442,2689,0-1,B56,,68,21.37,6.57
FideChamp2004,2004,FideChamp,FIDE_split,8,FIDE WCh KO,"Sokolov,I","Simutowe,A",2690,2442,1-0,D27,,161,15.18,16.33
FideChamp2002,2002,FideChamp,FIDE_split,403,FIDE WCh KO,"Gelfand,B","Svidler,P",2701,2686,1/2-1/2,E05,,258,81.53,116.09
FideChamp2004,2004,FideChamp,FIDE_split,16,FIDE WCh KO,"Bartel,Mat","Radjabov,T",2501,2670,0-1,B33,,106,24.73,14.63
FideChamp2004,2004,FideChamp,FIDE_split,23,FIDE WCh KO,"Mamedyarov,S","Neverov,V",2657,2537,1/2-1/2,D37,,97,25.6,25.86
FideChamp2004,2004,FideChamp,FIDE_split,12,FIDE WCh KO,"Mahjoob,M","Azmaiparashvili,Z",2478,2679,1-0,B09,,155,23.05,16.4
FideChamp2004,2004,FideChamp,FIDE_split,4,FIDE WCh KO,"Ivanchuk,V","Arab,A",2716,2374,1-0,B63,,67,4.33,29.93
FideChamp2004,2004,FideChamp,FIDE_split,21,FIDE WCh KO,"Sakaev,K","Mastrovasilis,D",2665,2533,1/2-1/2,D44,,51,17.36,14.71
FideChamp2004,2004,FideChamp,FIDE_split,19,FIDE WCh KO,"Vallejo Pons,F","Vasquez,R",2666,2523,1/2-1/2,B80,,57,17.96,19
FideChamp2004,2004,FideChamp,FIDE_split,28,FIDE WCh KO,"Hamdouchi,H","Motylev,A",2544,2649,1/2-1/2,D00,,23,10.25,5.29
FideChamp2004,2004,FideChamp,FIDE_split,20,FIDE WCh KO,"Paragua,M","Bologan,V",2529,2665,1-0,D42,,83,12.95,23.7
FideChamp2004,2004,FideChamp,FIDE_split,29,FIDE WCh KO,"Vescovi,G","Guseinov,G",2648,2548,1/2-1/2,B52,,33,7,3.58
FideChamp2004,2004,FideChamp,FIDE_split,26,FIDE WCh KO,"Ramirez,Al","Kasimdzhanov,R",2542,2652,1/2-1/2,B49,,65,4.03,4.21
FideChamp2004,2004,FideChamp,FIDE_split,25,FIDE WCh KO,"Zvjaginsev,V","Lima,Da",2654,2542,1-0,A28,,55,9.54,11.91
FideChamp2004,2004,FideChamp,FIDE_split,13,FIDE WCh KO,"Bacrot,E","Charbonneau,P",2675,2484,1-0,B33,,101,6.74,12.46
FideChamp2004,2004,FideChamp,FIDE_split,31,FIDE WCh KO,"Movsesian,S","Landa,K",2647,2550,1/2-1/2,C45,,47,13,9.95
FideChamp2004,2004,FideChamp,FIDE_split,17,FIDE WCh KO,"Aleksandrov,A","El Gindy,E",2668,2507,1-0,D45,,147,17.74,18.81
FideChamp2004,2004,FideChamp,FIDE_split,32,FIDE WCh KO,"Carlsen,M","Aronian,L",2552,2645,1/2-1/2,E32,,62,10.44,10.67
FideChamp2004,2004,FideChamp,FIDE_split,22,FIDE WCh KO,"Kritz,L","Sasikiran,K",2534,2659,1-0,B80,,77,21.57,34.91
FideChamp2004,2004,FideChamp,FIDE_split,35,FIDE WCh KO,"Wojtkiewicz,A","Georgiev,Ki",2559,2637,1/2-1/2,E05,,33,0.54,0
FideChamp2004,2004,FideChamp,FIDE_split,27,FIDE WCh KO,"Van Wely,L","Ivanov,AV USA",2651,2544,1/2-1/2,E15,,87,19.62,15.41
FideChamp2004,2004,FideChamp,FIDE_split,30,FIDE WCh KO,"Acs,P","Nikolic,Pr",2548,2648,1/2-1/2,C18,,95,19.02,14.93
FideChamp2004,2004,FideChamp,FIDE_split,24,FIDE WCh KO,"Barua,D","Graf,A",2539,2656,0-1,C55,,92,33.12,23.29
FideChamp2004,2004,FideChamp,FIDE_split,33,FIDE WCh KO,"Campora,D","Filippov,Va",2557,2639,1/2-1/2,B33,,77,18.8,13.47
FideChamp2004,2004,FideChamp,FIDE_split,34,FIDE WCh KO,"Vaganian,R","Ghaem Maghami,E",2639,2558,0-1,E14,,72,20.22,12.56
FideChamp2004,2004,FideChamp,FIDE_split,41,FIDE WCh KO,"Kobalia,M","Karjakin,Sergey",2630,2580,1/2-1/2,C55,,69,12.84,11.6
FideChamp2004,2004,FideChamp,FIDE_split,37,FIDE WCh KO,Zhang Zhong,"Leitao,R",2633,2564,1/2-1/2,B10,,60,16.31,19.19
FideChamp2004,2004,FideChamp,FIDE_split,44,FIDE WCh KO,"Morovic Fernandez,I","Iordachescu,V",2583,2627,1/2-1/2,E32,,65,9.48,8.36
FideChamp2004,2004,FideChamp,FIDE_split,42,FIDE WCh KO,"Nakamura,H","Volkov,S1",2580,2629,1/2-1/2,C02,,76,10.82,10.56
FideChamp2004,2004,FideChamp,FIDE_split,39,FIDE WCh KO,"Moiseenko,A","Dolmatov,S",2631,2573,1-0,D10,,87,4.97,13.18
FideChamp2004,2004,FideChamp,FIDE_split,40,FIDE WCh KO,"Al Modiahki,M","Almasi,Z",2579,2631,0-1,C88,,118,17.07,8.38
FideChamp2004,2004,FideChamp,FIDE_split,49,FIDE WCh KO,"Vladimirov,E",Ni Hua,2621,2587,1/2-1/2,D19,,46,8.11,5.68
FideChamp2004,2004,FideChamp,FIDE_split,43,FIDE WCh KO,"Nielsen,PH","Ganguly,S",2628,2582,1-0,D87,,80,28.06,38.58
FideChamp2004,2004,FideChamp,FIDE_split,50,FIDE WCh KO,"Adianto,U","Alekseev,Evgeny",2591,2616,1/2-1/2,E15,,70,12.29,11.26
FideChamp2004,2004,FideChamp,FIDE_split,47,FIDE WCh KO,"Lastin,A","Kempinski,R",2622,2586,1/2-1/2,E81,,99,17.2,19.07
FideChamp2004,2004,FideChamp,FIDE_split,52,FIDE WCh KO,"Kharlov,A","Dautov,R",2593,2616,1/2-1/2,E54,,95,4.93,3.81
FideChamp2004,2004,FideChamp,FIDE_split,36,FIDE WCh KO,"Gagunashvili,M","Lputian,S",2562,2634,0-1,C18,,96,29.16,27.86
FideChamp2004,2004,FideChamp,FIDE_split,53,FIDE WCh KO,"Sargissian,G","Tiviakov,S",2614,2593,1/2-1/2,E46,,132,15.34,16.69
FideChamp2004,2004,FideChamp,FIDE_split,38,FIDE WCh KO,"Sulskis,S","Macieja,B",2570,2633,1-0,B14,,143,12.53,46.78
FideChamp2004,2004,FideChamp,FIDE_split,46,FIDE WCh KO,"Kotsur,P","Sadvakasov,D",2586,2626,0-1,A14,,92,25.57,19.81
FideChamp2004,2004,FideChamp,FIDE_split,58,FIDE WCh KO,"Agrest,E","Asrian,K",2601,2605,1/2-1/2,D58,,36,12.43,7.71
FideChamp2004,2004,FideChamp,FIDE_split,60,FIDE WCh KO,"Galkin,A","Delchev,A",2602,2602,1/2-1/2,C80,,60,3.77,3.46
FideChamp2004,2004,FideChamp,FIDE_split,55,FIDE WCh KO,"Krasenkow,M","Milos,G",2609,2599,1/2-1/2,D63,,127,13.73,12.24
FideChamp2004,2004,FideChamp,FIDE_split,56,FIDE WCh KO,"Harikrishna,P",Xu Jun,2599,2608,1-0,E32,,111,8.96,13.37
FideChamp2004,2004,FideChamp,FIDE_split,48,FIDE WCh KO,"Anastasian,A",Bu Xiangzhi,2587,2621,1-0,A22,,103,22.23,26.87
FideChamp2004,2004,FideChamp,FIDE_split,59,FIDE WCh KO,"Bruzon,L","Smirnov,P",2602,2601,1/2-1/2,D47,,85,8.15,7.47
FideChamp2004,2004,FideChamp,FIDE_split,45,FIDE WCh KO,"Kozul,Z",Dao Thien Hai,2627,2583,1-0,A07,,125,20.64,30.97
FideChamp2004,2004,FideChamp,FIDE_split,64,FIDE WCh KO,"Arab,A","Ivanchuk,V",2374,2716,0-1,E35,,165,8.99,2.69
FideChamp2004,2004,FideChamp,FIDE_split,63,FIDE WCh KO,"Grischuk,A","Solomon,K",2719,2352,1/2-1/2,E05,,64,4.5,7.21
FideChamp2004,2004,FideChamp,FIDE_split,67,FIDE WCh KO,"Nisipeanu,LD","Dableo,R",2692,2426,1-0,B12,,71,7.62,17.77
FideChamp2004,2004,FideChamp,FIDE_split,62,FIDE WCh KO,"Asabri,Hu","Adams,Mi",2277,2731,0-1,E15,,72,24.94,5.53
FideChamp2004,2004,FideChamp,FIDE_split,57,FIDE WCh KO,"Kotronias,V","Kacheishvili,G",2607,2600,0-1,B19,,100,34.52,17.7
FideChamp2004,2004,FideChamp,FIDE_split,54,FIDE WCh KO,"Inarkiev,E","Dominguez,L",2595,2612,1-0,B90,,125,15.1,22.59
FideChamp2004,2004,FideChamp,FIDE_split,66,FIDE WCh KO,"Haznedaroglu,K","Malakhov,V",2395,2695,1/2-1/2,B36,,215,15.2,17.45
FideChamp2004,2004,FideChamp,FIDE_split,65,FIDE WCh KO,"Short,N","Kadhi,H",2712,2379,1-0,C12,,73,8.09,21.62
FideChamp2004,2004,FideChamp,FIDE_split,68,FIDE WCh KO,"Simutowe,A","Sokolov,I",2442,2690,0-1,A28,,50,42.57,17.48
FideChamp2004,2004,FideChamp,FIDE_split,71,FIDE WCh KO,Ye Jiangchuan,"Garcia Palermo,C",2681,2444,1/2-1/2,B19,,87,4.9,6.56
FideChamp2004,2004,FideChamp,FIDE_split,51,FIDE WCh KO,"Jobava,Ba","Felgaer,R",2616,2592,1-0,D17,,125,22.05,28.1
FideChamp2004,2004,FideChamp,FIDE_split,61,FIDE WCh KO,"Abulhul,T","Topalov,V",2076,2737,0-1,A37,,118,16.96,14.98
FideChamp2004,2004,FideChamp,FIDE_split,70,FIDE WCh KO,"Gonzalez Garcia,J","Akopian,Vl",2443,2689,1/2-1/2,E42,,64,7.89,6.86
FideChamp2004,2004,FideChamp,FIDE_split,73,FIDE WCh KO,"Charbonneau,P","Bacrot,E",2484,2675,0-1,C45,,44,31,4.17
FideChamp2004,2004,FideChamp,FIDE_split,69,FIDE WCh KO,"Dreev,A","Tissir,M",2689,2442,1-0,E62,,91,37.69,55.66
FideChamp2004,2004,FideChamp,FIDE_split,75,FIDE WCh KO,"Adly,A","Rublevsky,S",2490,2671,1/2-1/2,D27,,106,4.76,3.63
FideChamp2004,2004,FideChamp,FIDE_split,74,FIDE WCh KO,"Gurevich,M","Johansen,D",2672,2489,1-0,A90,,54,5.96,13.78
FideChamp2004,2004,FideChamp,FIDE_split,77,FIDE WCh KO,"El Gindy,E","Aleksandrov,A",2507,2668,1/2-1/2,D38,,132,1.63,1.84
FideChamp2004,2004,FideChamp,FIDE_split,76,FIDE WCh KO,"Radjabov,T","Bartel,Mat",2670,2501,1-0,A85,,49,15.24,19.2
FideChamp2004,2004,FideChamp,FIDE_split,72,FIDE WCh KO,"Azmaiparashvili,Z","Mahjoob,M",2679,2478,1-0,A00,,55,13.25,37.91
FideChamp2004,2004,FideChamp,FIDE_split,78,FIDE WCh KO,"Beliavsky,A","Barsov,A",2667,2507,1/2-1/2,D37,,49,23.86,10.95
FideChamp2004,2004,FideChamp,FIDE_split,80,FIDE WCh KO,"Bologan,V","Paragua,M",2665,2529,1-0,E17,,55,8.71,21.17
FideChamp2004,2004,FideChamp,FIDE_split,87,FIDE WCh KO,"Ivanov,AV USA","Van Wely,L",2544,2651,1/2-1/2,B30,,26,4.22,3.22
FideChamp2004,2004,FideChamp,FIDE_split,79,FIDE WCh KO,"Vasquez,R","Vallejo Pons,F",2523,2666,1/2-1/2,D47,,85,13.23,8.95
FideChamp2004,2004,FideChamp,FIDE_split,89,FIDE WCh KO,"Guseinov,G","Vescovi,G",2548,2648,1/2-1/2,B30,,25,10.22,6.12
FideChamp2004,2004,FideChamp,FIDE_split,86,FIDE WCh KO,"Kasimdzhanov,R","Ramirez,Al",2652,2542,1/2-1/2,A58,,38,13,9.53
FideChamp2004,2004,FideChamp,FIDE_split,90,FIDE WCh KO,"Nikolic,Pr","Acs,P",2648,2548,1/2-1/2,E63,,116,3.19,1.96
FideChamp2004,2004,FideChamp,FIDE_split,82,FIDE WCh KO,"Sasikiran,K","Kritz,L",2659,2534,0-1,D03,,122,26.91,27.32
FideChamp2004,2004,FideChamp,FIDE_split,92,FIDE WCh KO,"Aronian,L","Carlsen,M",2645,2552,1/2-1/2,B10,,37,4.8,5
FideChamp2004,2004,FideChamp,FIDE_split,83,FIDE WCh KO,"Neverov,V","Mamedyarov,S",2537,2657,1/2-1/2,E62,,139,7.52,8.12
FideChamp2004,2004,FideChamp,FIDE_split,91,FIDE WCh KO,"Landa,K","Movsesian,S",2550,2647,1/2-1/2,B85,,49,6.14,5.75
FideChamp2004,2004,FideChamp,FIDE_split,85,FIDE WCh KO,"Lima,Da","Zvjaginsev,V",2542,2654,0-1,B30,,79,24.67,17.8
FideChamp2004,2004,FideChamp,FIDE_split,88,FIDE WCh KO,"Motylev,A","Hamdouchi,H",2649,2544,0-1,B33,,94,22.21,13.88
FideChamp2004,2004,FideChamp,FIDE_split,94,FIDE WCh KO,"Ghaem Maghami,E","Vaganian,R",2558,2639,1-0,B04,,61,13.37,27.88
FideChamp2004,2004,FideChamp,FIDE_split,99,FIDE WCh KO,"Dolmatov,S","Moiseenko,A",2573,2631,1/2-1/2,B32,,43,10.94,5.41
FideChamp2004,2004,FideChamp,FIDE_split,97,FIDE WCh KO,"Leitao,R",Zhang Zhong,2564,2633,1-0,C92,,87,3.7,25.62
FideChamp2004,2004,FideChamp,FIDE_split,96,FIDE WCh KO,"Lputian,S","Gagunashvili,M",2634,2562,1-0,A57,,55,8.33,30.39
FideChamp2004,2004,FideChamp,FIDE_split,98,FIDE WCh KO,"Macieja,B","Sulskis,S",2633,2570,1/2-1/2,C58,,105,8.53,6.38
FideChamp2004,2004,FideChamp,FIDE_split,81,FIDE WCh KO,"Mastrovasilis,D","Sakaev,K",2533,2665,0-1,B90,,122,16.54,18.11
FideChamp2004,2004,FideChamp,FIDE_split,84,FIDE WCh KO,"Graf,A","Barua,D",2656,2539,1-0,D08,,79,23.75,32.23
FideChamp2004,2004,FideChamp,FIDE_split,93,FIDE WCh KO,"Filippov,Va","Campora,D",2639,2557,1-0,D93,,105,14.96,24.35
FideChamp2004,2004,FideChamp,FIDE_split,103,FIDE WCh KO,"Ganguly,S","Nielsen,PH",2582,2628,0-1,C83,,58,20.76,8.68
FideChamp2004,2004,FideChamp,FIDE_split,101,FIDE WCh KO,"Karjakin,Sergey","Kobalia,M",2580,2630,0-1,C99,,82,44.76,33.16
FideChamp2004,2004,FideChamp,FIDE_split,95,FIDE WCh KO,"Georgiev,Ki","Wojtkiewicz,A",2637,2559,0-1,B80,,150,18.11,14.75
FideChamp2004,2004,FideChamp,FIDE_split,105,FIDE WCh KO,Dao Thien Hai,"Kozul,Z",2583,2627,0-1,E91,,56,31.79,18.46
FideChamp2004,2004,FideChamp,FIDE_split,104,FIDE WCh KO,"Iordachescu,V","Morovic Fernandez,I",2627,2583,1-0,C42,,59,39.88,14
FideChamp2004,2004,FideChamp,FIDE_split,102,FIDE WCh KO,"Volkov,S1","Nakamura,H",2629,2580,1/2-1/2,E94,,128,8.42,7.98
FideChamp2004,2004,FideChamp,FIDE_split,113,FIDE WCh KO,"Tiviakov,S","Sargissian,G",2593,2614,1/2-1/2,C54,,23,5.88,2.29
FideChamp2004,2004,FideChamp,FIDE_split,109,FIDE WCh KO,Ni Hua,"Vladimirov,E",2587,2621,1/2-1/2,C45,,113,12.72,7.38
FideChamp2004,2004,FideChamp,FIDE_split,108,FIDE WCh KO,Bu Xiangzhi,"Anastasian,A",2621,2587,1/2-1/2,A30,,107,6.54,6.61
FideChamp2004,2004,FideChamp,FIDE_split,112,FIDE WCh KO,"Dautov,R","Kharlov,A",2616,2593,1/2-1/2,D27,,95,2.77,4.84
FideChamp2004,2004,FideChamp,FIDE_split,118,FIDE WCh KO,"Asrian,K","Agrest,E",2605,2601,1/2-1/2,B84,,21,19.71,4.17
FideChamp2004,2004,FideChamp,FIDE_split,100,FIDE WCh KO,"Almasi,Z","Al Modiahki,M",2631,2579,1-0,B85,,181,15.85,33.37
FideChamp2004,2004,FideChamp,FIDE_split,116,FIDE WCh KO,Xu Jun,"Harikrishna,P",2608,2599,1-0,D85,,57,44.76,63.25
FideChamp2004,2004,FideChamp,FIDE_split,111,FIDE WCh KO,"Felgaer,R","Jobava,Ba",2592,2616,1-0,B18,,83,12,23.3
FideChamp2004,2004,FideChamp,FIDE_split,107,FIDE WCh KO,"Kempinski,R","Lastin,A",2586,2622,0-1,D45,,80,17.81,6.94
FideChamp2004,2004,FideChamp,FIDE_split,115,FIDE WCh KO,"Milos,G","Krasenkow,M",2599,2609,0-1,B33,,78,30.8,13.86
FideChamp2004,2004,FideChamp,FIDE_split,119,FIDE WCh KO,"Smirnov,P","Bruzon,L",2601,2602,1/2-1/2,C99,,77,5.29,4.53
FideChamp2004,2004,FideChamp,FIDE_split,117,FIDE WCh KO,"Kacheishvili,G","Kotronias,V",2600,2607,0-1,B07,,108,24.28,10.52
FideChamp2004,2004,FideChamp,FIDE_split,123,FIDE WCh KO,"Vallejo Pons,F","Vasquez,R",2666,2523,0-1,B20,,101,9.57,8.67
FideChamp2004,2004,FideChamp,FIDE_split,120,FIDE WCh KO,"Delchev,A","Galkin,A",2602,2602,1-0,D30,,79,10.03,17.14
FideChamp2004,2004,FideChamp,FIDE_split,110,FIDE WCh KO,"Alekseev,Evgeny","Adianto,U",2616,2591,0-1,A28,,122,15.16,6.77
FideChamp2004,2004,FideChamp,FIDE_split,122,FIDE WCh KO,"Mamedyarov,S","Neverov,V",2657,2537,1-0,D37,,81,10.05,17.89
FideChamp2004,2004,FideChamp,FIDE_split,121,FIDE WCh KO,"Beliavsky,A","Barsov,A",2667,2507,1-0,D58,,120,5.82,6.25
FideChamp2004,2004,FideChamp,FIDE_split,124,FIDE WCh KO,"Paragua,M","Bologan,V",2529,2665,0-1,B11,,73,23.48,9.69
FideChamp2004,2004,FideChamp,FIDE_split,125,FIDE WCh KO,"Ivanov,AV USA","Van Wely,L",2544,2651,0-1,B30,,106,43.39,29.8
FideChamp2004,2004,FideChamp,FIDE_split,129,FIDE WCh KO,"Aronian,L","Carlsen,M",2645,2552,1/2-1/2,B14,,96,5.61,5.57
FideChamp2004,2004,FideChamp,FIDE_split,114,FIDE WCh KO,"Dominguez,L","Inarkiev,E",2612,2595,1-0,C91,,81,30.3,44.31
FideChamp2004,2004,FideChamp,FIDE_split,126,FIDE WCh KO,"Nikolic,Pr","Acs,P",2648,2548,0-1,E63,,142,9.54,6.78
FideChamp2004,2004,FideChamp,FIDE_split,134,FIDE WCh KO,"Mahjoob,M","Azmaiparashvili,Z",2478,2679,0-1,B07,,50,17,12.57
FideChamp2004,2004,FideChamp,FIDE_split,131,FIDE WCh KO,"Nakamura,H","Volkov,S1",2580,2629,1-0,C02,,147,12.23,47.74
FideChamp2004,2004,FideChamp,FIDE_split,132,FIDE WCh KO,Ye Jiangchuan,"Garcia Palermo,C",2681,2444,1/2-1/2,B19,,135,13.5,12.56
FideChamp2004,2004,FideChamp,FIDE_split,127,FIDE WCh KO,"Ramirez,Al","Kasimdzhanov,R",2542,2652,0-1,B92,,112,17.48,11.69
FideChamp2004,2004,FideChamp,FIDE_split,130,FIDE WCh KO,"Movsesian,S","Landa,K",2647,2550,1-0,C65,,158,25.99,41.45
FideChamp2004,2004,FideChamp,FIDE_split,136,FIDE WCh KO,Ni Hua,"Vladimirov,E",2587,2621,1/2-1/2,C45,,92,9,10.24
FideChamp2004,2004,FideChamp,FIDE_split,135,FIDE WCh KO,"Adly,A","Rublevsky,S",2490,2671,0-1,D05,,86,24.13,16.79
FideChamp2004,2004,FideChamp,FIDE_split,128,FIDE WCh KO,"Vescovi,G","Guseinov,G",2648,2548,1/2-1/2,E91,,167,15.5,14.86
FideChamp2004,2004,FideChamp,FIDE_split,137,FIDE WCh KO,"Dautov,R","Kharlov,A",2616,2593,0-1,D27,,73,16.48,7.62
FideChamp2004,2004,FideChamp,FIDE_split,141,FIDE WCh KO,"Kotronias,V","Kacheishvili,G",2607,2600,1-0,B19,,45,6.84,20.83
FideChamp2004,2004,FideChamp,FIDE_split,106,FIDE WCh KO,"Sadvakasov,D","Kotsur,P",2626,2586,1-0,B67,,111,17.04,30.49
FideChamp2004,2004,FideChamp,FIDE_split,144,FIDE WCh KO,"Barsov,A","Beliavsky,A",2507,2667,1/2-1/2,E34,,114,11.06,9.72
FideChamp2004,2004,FideChamp,FIDE_split,140,FIDE WCh KO,Xu Jun,"Harikrishna,P",2608,2599,1/2-1/2,D85,,84,42.53,39.61
FideChamp2004,2004,FideChamp,FIDE_split,138,FIDE WCh KO,"Sargissian,G","Tiviakov,S",2614,2593,1-0,E46,,91,8.6,15.66
FideChamp2004,2004,FideChamp,FIDE_split,139,FIDE WCh KO,"Inarkiev,E","Dominguez,L",2595,2612,1/2-1/2,A07,,172,28.61,38.61
FideChamp2004,2004,FideChamp,FIDE_split,146,FIDE WCh KO,"Vasquez,R","Vallejo Pons,F",2523,2666,0-1,D47,,88,34.55,39.8
FideChamp2004,2004,FideChamp,FIDE_split,148,FIDE WCh KO,"Van Wely,L","Ivanov,AV USA",2651,2544,1-0,A41,,89,14.73,44.58
FideChamp2004,2004,FideChamp,FIDE_split,143,FIDE WCh KO,"Bruzon,L","Smirnov,P",2602,2601,0-1,B30,,68,56.8,10.5
FideChamp2004,2004,FideChamp,FIDE_split,145,FIDE WCh KO,"Neverov,V","Mamedyarov,S",2537,2657,0-1,E91,,130,157.03,161.03
FideChamp2004,2004,FideChamp,FIDE_split,147,FIDE WCh KO,"Bologan,V","Paragua,M",2665,2529,1-0,B41,,89,15.9,17.57
FideChamp2004,2004,FideChamp,FIDE_split,153,FIDE WCh KO,"Rublevsky,S","Adly,A",2671,2490,1-0,B52,,43,5.72,33.59
FideChamp2004,2004,FideChamp,FIDE_split,133,FIDE WCh KO,"Jobava,Ba","Felgaer,R",2616,2592,1/2-1/2,D17,,126,17.15,27.63
FideChamp2004,2004,FideChamp,FIDE_split,150,FIDE WCh KO,"Kasimdzhanov,R","Ramirez,Al",2652,2542,1/2-1/2,D10,,64,17.64,23.64
FideChamp2004,2004,FideChamp,FIDE_split,152,FIDE WCh KO,"Garcia Palermo,C",Ye Jiangchuan,2444,2681,0-1,A46,,88,31.02,45.75
FideChamp2004,2004,FideChamp,FIDE_split,156,FIDE WCh KO,"Kharlov,A","Dautov,R",2593,2616,1/2-1/2,B22,,97,4.44,1.82
FideChamp2004,2004,FideChamp,FIDE_split,149,FIDE WCh KO,"Acs,P","Nikolic,Pr",2548,2648,1/2-1/2,C18,,100,35.43,29.15
FideChamp2004,2004,FideChamp,FIDE_split,155,FIDE WCh KO,"Felgaer,R","Jobava,Ba",2592,2616,1/2-1/2,B11,,90,23.1,22.83
FideChamp2004,2004,FideChamp,FIDE_split,157,FIDE WCh KO,"Vladimirov,E",Ni Hua,2621,2587,1/2-1/2,D13,,119,35.38,21.51
FideChamp2004,2004,FideChamp,FIDE_split,154,FIDE WCh KO,"Azmaiparashvili,Z","Mahjoob,M",2679,2478,1-0,E05,,89,14.22,21.52
FideChamp2004,2004,FideChamp,FIDE_split,159,FIDE WCh KO,"Smirnov,P","Bruzon,L",2601,2602,1/2-1/2,B42,,83,14.47,11.95
FideChamp2004,2004,FideChamp,FIDE_split,151,FIDE WCh KO,"Guseinov,G","Vescovi,G",2548,2648,1-0,B30,,124,36.24,32.36
FideChamp2004,2004,FideChamp,FIDE_split,161,FIDE WCh KO,"Dominguez,L","Inarkiev,E",2612,2595,1-0,C91,,63,3.32,67.81
FideChamp2004,2004,FideChamp,FIDE_split,163,FIDE WCh KO,"Tiviakov,S","Sargissian,G",2593,2614,1-0,C54,,57,31.56,83.62
FideChamp2004,2004,FideChamp,FIDE_split,165,FIDE WCh KO,"Landa,K","Movsesian,S",2550,2647,1/2-1/2,B81,,73,25.12,23.28
FideChamp2004,2004,FideChamp,FIDE_split,160,FIDE WCh KO,"Agrest,E","Asrian,K",2601,2605,1/2-1/2,D36,,98,17.13,8.89
FideChamp2004,2004,FideChamp,FIDE_split,162,FIDE WCh KO,"Harikrishna,P",Xu Jun,2599,2608,1-0,A67,,65,19.66,40.18
FideChamp2004,2004,FideChamp,FIDE_split,158,FIDE WCh KO,"Kacheishvili,G","Kotronias,V",2600,2607,1/2-1/2,E69,,103,22.54,14.3
FideChamp2004,2004,FideChamp,FIDE_split,164,FIDE WCh KO,"Carlsen,M","Aronian,L",2552,2645,0-1,A45,,164,27.46,26.68
FideChamp2004,2004,FideChamp,FIDE_split,168,FIDE WCh KO,"Vladimirov,E",Ni Hua,2621,2587,1-0,A57,,71,17.22,34.71
FideChamp2004,2004,FideChamp,FIDE_split,142,FIDE WCh KO,"Asrian,K","Agrest,E",2605,2601,1-0,B08,,71,23.72,34.84
FideChamp2004,2004,FideChamp,FIDE_split,166,FIDE WCh KO,"Volkov,S1","Nakamura,H",2629,2580,0-1,E92,,130,36.05,13.59
FideChamp2004,2004,FideChamp,FIDE_split,171,FIDE WCh KO,"Vallejo Pons,F","Vasquez,R",2666,2523,1/2-1/2,B66,,127,6.75,9.47
FideChamp2004,2004,FideChamp,FIDE_split,169,FIDE WCh KO,"Sargissian,G","Tiviakov,S",2614,2593,1-0,E42,,113,8.3,18.04
FideChamp2004,2004,FideChamp,FIDE_split,175,FIDE WCh KO,"Felgaer,R","Jobava,Ba",2592,2616,1-0,C41,,96,34.34,42.3
FideChamp2004,2004,FideChamp,FIDE_split,178,FIDE WCh KO,"Graf,A","Tkachiev,V",2656,2635,1/2-1/2,D31,,64,12.71,8.93
FideChamp2004,2004,FideChamp,FIDE_split,167,FIDE WCh KO,"Felgaer,R","Jobava,Ba",2592,2616,0-1,C41,,84,23.29,13.68
FideChamp2004,2004,FideChamp,FIDE_split,176,FIDE WCh KO,Ni Hua,"Vladimirov,E",2587,2621,1-0,C47,,101,14.89,23.04
FideChamp2004,2004,FideChamp,FIDE_split,172,FIDE WCh KO,"Jobava,Ba","Felgaer,R",2616,2592,0-1,D12,,108,39.7,28.4
FideChamp2004,2004,FideChamp,FIDE_split,174,FIDE WCh KO,"Tiviakov,S","Sargissian,G",2593,2614,1-0,B17,,91,48.14,55.73
FideChamp2004,2004,FideChamp,FIDE_split,177,FIDE WCh KO,"Sargissian,G","Tiviakov,S",2614,2593,0-1,E42,,92,52.86,20.98
FideChamp2004,2004,FideChamp,FIDE_split,180,FIDE WCh KO,"Delchev,A","Topalov,V",2602,2737,0-1,E48,,68,28.3,10.5
FideChamp2004,2004,FideChamp,FIDE_split,181,FIDE WCh KO,"Elarbi,A","Smirnov,P",2257,2601,0-1,D35,,56,18.42,3.5
FideChamp2004,2004,FideChamp,FIDE_split,170,FIDE WCh KO,"Vasquez,R","Vallejo Pons,F",2523,2666,0-1,B99,,106,18.49,5.02
FideChamp2004,2004,FideChamp,FIDE_split,184,FIDE WCh KO,"Harikrishna,P","Ivanchuk,V",2599,2716,1/2-1/2,E32,,105,2.71,1.27
FideChamp2004,2004,FideChamp,FIDE_split,186,FIDE WCh KO,"Dominguez,L","Malakhov,V",2612,2695,1/2-1/2,B37,,73,3.36,1.47
FideChamp2004,2004,FideChamp,FIDE_split,182,FIDE WCh KO,"Asrian,K","Adams,Mi",2605,2731,1/2-1/2,C88,,112,5.65,6.88
FideChamp2004,2004,FideChamp,FIDE_split,179,FIDE WCh KO,"Sadvakasov,D","Bacrot,E",2626,2675,0-1,C99,,124,11.38,6.16
FideChamp2004,2004,FideChamp,FIDE_split,190,FIDE WCh KO,"Adianto,U","Akopian,Vl",2591,2689,1/2-1/2,D13,,78,1.2,1.97
FideChamp2004,2004,FideChamp,FIDE_split,191,FIDE WCh KO,Ye Jiangchuan,Ni Hua,2681,2587,1/2-1/2,B51,,48,6.55,7.7
FideChamp2004,2004,FideChamp,FIDE_split,173,FIDE WCh KO,Ni Hua,"Vladimirov,E",2587,2621,1-0,C27,,137,51.95,50.8
FideChamp2004,2004,FideChamp,FIDE_split,192,FIDE WCh KO,"Anastasian,A","Neelotpal,D",2587,2457,1/2-1/2,A29,,60,9.58,8.54
FideChamp2004,2004,FideChamp,FIDE_split,187,FIDE WCh KO,"Nisipeanu,LD","Tiviakov,S",2692,2593,1-0,B51,,89,6.63,12.3
FideChamp2004,2004,FideChamp,FIDE_split,196,FIDE WCh KO,"Radjabov,T","Nielsen,PH",2670,2628,1/2-1/2,E05,,31,7.75,8.64
FideChamp2004,2004,FideChamp,FIDE_split,189,FIDE WCh KO,"Dreev,A","Felgaer,R",2689,2592,1-0,D12,,65,10.14,27.79
FideChamp2004,2004,FideChamp,FIDE_split,195,FIDE WCh KO,"Iordachescu,V","Rublevsky,S",2627,2671,1/2-1/2,B43,,47,5.2,3.26
FideChamp2004,2004,FideChamp,FIDE_split,183,FIDE WCh KO,"Grischuk,A","Kotronias,V",2719,2607,1-0,B65,,107,9.48,35.55
FideChamp2004,2004,FideChamp,FIDE_split,199,FIDE WCh KO,"Almasi,Z","Vallejo Pons,F",2631,2666,1/2-1/2,C67,,83,11.92,10.38
FideChamp2004,2004,FideChamp,FIDE_split,198,FIDE WCh KO,"Beliavsky,A","Kobalia,M",2667,2630,1/2-1/2,D43,,98,11.8,13.62
FideChamp2004,2004,FideChamp,FIDE_split,185,FIDE WCh KO,"Short,N","Krasenkow,M",2712,2609,0-1,B33,,244,14.83,6.09
FideChamp2004,2004,FideChamp,FIDE_split,204,FIDE WCh KO,"Wojtkiewicz,A","Zvjaginsev,V",2559,2654,1/2-1/2,B44,,37,2.67,3.5
FideChamp2004,2004,FideChamp,FIDE_split,193,FIDE WCh KO,"Azmaiparashvili,Z","Lastin,A",2679,2622,0-1,A00,,80,57.47,52.03
FideChamp2004,2004,FideChamp,FIDE_split,200,FIDE WCh KO,"Bologan,V","Moiseenko,A",2665,2631,1/2-1/2,B51,,170,10.91,10.72
FideChamp2004,2004,FideChamp,FIDE_split,194,FIDE WCh KO,"Gurevich,M","Kozul,Z",2672,2627,0-1,E94,,116,37.67,25.31
FideChamp2004,2004,FideChamp,FIDE_split,207,FIDE WCh KO,"Hamdouchi,H","Kudrin,S",2544,2557,1/2-1/2,D00,,29,7.09,6.1
FideChamp2004,2004,FideChamp,FIDE_split,203,FIDE WCh KO,"Lputian,S","Mamedyarov,S",2634,2657,1/2-1/2,E62,,102,5.26,5.74
FideChamp2004,2004,FideChamp,FIDE_split,202,FIDE WCh KO,"Kritz,L","Leitao,R",2534,2564,0-1,B13,,88,16.12,4.92
FideChamp2004,2004,FideChamp,FIDE_split,208,FIDE WCh KO,"Aronian,L","Guseinov,G",2645,2548,1-0,D78,,53,6,22
FideChamp2004,2004,FideChamp,FIDE_split,201,FIDE WCh KO,"Sulskis,S","Sakaev,K",2570,2665,0-1,B14,,118,70.22,32.91
FideChamp2004,2004,FideChamp,FIDE_split,205,FIDE WCh KO,"Kasimdzhanov,R","Ghaem Maghami,E",2652,2558,1-0,E18,,101,11.32,14.11
FideChamp2004,2004,FideChamp,FIDE_split,210,FIDE WCh KO,"Topalov,V","Delchev,A",2737,2602,1-0,C88,,61,20.11,35.85
FideChamp2004,2004,FideChamp,FIDE_split,206,FIDE WCh KO,"Filippov,Va","Van Wely,L",2639,2651,1-0,A34,,65,4.76,20.71
FideChamp2004,2004,FideChamp,FIDE_split,214,FIDE WCh KO,"Ivanchuk,V","Harikrishna,P",2716,2599,1/2-1/2,D10,,94,1.98,2.16
FideChamp2004,2004,FideChamp,FIDE_split,197,FIDE WCh KO,"Nakamura,H","Aleksandrov,A",2580,2668,1-0,A18,,203,41.02,68.57
FideChamp2004,2004,FideChamp,FIDE_split,188,FIDE WCh KO,"Kharlov,A","Sokolov,I",2593,2690,1-0,D11,,95,43.39,26.19
FideChamp2004,2004,FideChamp,FIDE_split,211,FIDE WCh KO,"Smirnov,P","Elarbi,A",2601,2257,1-0,C67,,145,31.42,39.07
FideChamp2004,2004,FideChamp,FIDE_split,217,FIDE WCh KO,"Tiviakov,S","Nisipeanu,LD",2593,2692,1/2-1/2,B16,,47,18.35,10.21
FideChamp2004,2004,FideChamp,FIDE_split,216,FIDE WCh KO,"Malakhov,V","Dominguez,L",2695,2612,1/2-1/2,D12,,56,18.08,10.67
FideChamp2004,2004,FideChamp,FIDE_split,212,FIDE WCh KO,"Adams,Mi","Asrian,K",2731,2605,1-0,B14,,91,13.19,23.8
FideChamp2004,2004,FideChamp,FIDE_split,218,FIDE WCh KO,"Sokolov,I","Kharlov,A",2690,2593,1/2-1/2,D20,,65,14.97,4.54
FideChamp2004,2004,FideChamp,FIDE_split,215,FIDE WCh KO,"Krasenkow,M","Short,N",2609,2712,1/2-1/2,A30,,142,7.84,5.93
FideChamp2004,2004,FideChamp,FIDE_split,224,FIDE WCh KO,"Bacrot,E","Sadvakasov,D",2675,2626,1/2-1/2,D27,,72,3.59,2.12
FideChamp2004,2004,FideChamp,FIDE_split,222,FIDE WCh KO,"Neelotpal,D","Anastasian,A",2457,2587,1/2-1/2,B17,,81,6.14,4.86
FideChamp2004,2004,FideChamp,FIDE_split,227,FIDE WCh KO,"Nielsen,PH","Radjabov,T",2628,2670,1/2-1/2,D78,,43,9.22,6.71
FideChamp2004,2004,FideChamp,FIDE_split,226,FIDE WCh KO,"Rublevsky,S","Iordachescu,V",2671,2627,1/2-1/2,C43,,72,10.59,8.5
FideChamp2004,2004,FideChamp,FIDE_split,209,FIDE WCh KO,"Acs,P","Movsesian,S",2548,2647,1-0,D15,,81,22.32,60.36
FideChamp2004,2004,FideChamp,FIDE_split,221,FIDE WCh KO,Ni Hua,Ye Jiangchuan,2587,2681,1/2-1/2,B48,,92,15.17,18.62
FideChamp2004,2004,FideChamp,FIDE_split,225,FIDE WCh KO,"Kozul,Z","Gurevich,M",2627,2672,1/2-1/2,A88,,117,13.05,14.67
FideChamp2004,2004,FideChamp,FIDE_split,231,FIDE WCh KO,"Moiseenko,A","Bologan,V",2631,2665,1/2-1/2,E20,,48,7,5.2
FideChamp2004,2004,FideChamp,FIDE_split,232,FIDE WCh KO,"Sakaev,K","Sulskis,S",2665,2570,1-0,A70,,47,1.8,17.95
FideChamp2004,2004,FideChamp,FIDE_split,229,FIDE WCh KO,"Kobalia,M","Beliavsky,A",2630,2667,1/2-1/2,C91,,116,7.43,5.89
FideChamp2004,2004,FideChamp,FIDE_split,223,FIDE WCh KO,"Lastin,A","Azmaiparashvili,Z",2622,2679,0-1,B07,,106,31.53,16.55
FideChamp2004,2004,FideChamp,FIDE_split,234,FIDE WCh KO,"Mamedyarov,S","Lputian,S",2657,2634,1/2-1/2,D56,,27,5.4,1.89
FideChamp2004,2004,FideChamp,FIDE_split,233,FIDE WCh KO,"Leitao,R","Kritz,L",2564,2534,1/2-1/2,B51,,66,11.14,8.41
FideChamp2004,2004,FideChamp,FIDE_split,237,FIDE WCh KO,"Ghaem Maghami,E","Kasimdzhanov,R",2558,2652,1/2-1/2,E18,,31,8.08,5.55
FideChamp2004,2004,FideChamp,FIDE_split,236,FIDE WCh KO,"Zvjaginsev,V","Wojtkiewicz,A",2654,2559,1/2-1/2,B36,,61,8.15,8.92
FideChamp2004,2004,FideChamp,FIDE_split,230,FIDE WCh KO,"Vallejo Pons,F","Almasi,Z",2666,2631,1/2-1/2,C48,,109,18.25,15.94
FideChamp2004,2004,FideChamp,FIDE_split,220,FIDE WCh KO,"Akopian,Vl","Adianto,U",2689,2591,1-0,C81,,85,11.59,17.18
FideChamp2004,2004,FideChamp,FIDE_split,240,FIDE WCh KO,"Guseinov,G","Aronian,L",2548,2645,0-1,C65,,38,20.87,15.27
FideChamp2004,2004,FideChamp,FIDE_split,228,FIDE WCh KO,"Aleksandrov,A","Nakamura,H",2668,2580,1/2-1/2,D45,,57,20.44,15.38
FideChamp2004,2004,FideChamp,FIDE_split,219,FIDE WCh KO,"Felgaer,R","Dreev,A",2592,2689,0-1,B12,,64,35,11.86
FideChamp2004,2004,FideChamp,FIDE_split,213,FIDE WCh KO,"Kotronias,V","Grischuk,A",2607,2719,0-1,C89,,74,24.42,5.42
FideChamp2004,2004,FideChamp,FIDE_split,239,FIDE WCh KO,"Kudrin,S","Hamdouchi,H",2557,2544,1/2-1/2,B33,,81,23.54,17
FideChamp2004,2004,FideChamp,FIDE_split,242,FIDE WCh KO,"Ivanchuk,V","Harikrishna,P",2716,2599,1-0,D27,,67,9.23,66.17
FideChamp2004,2004,FideChamp,FIDE_split,241,FIDE WCh KO,"Movsesian,S","Acs,P",2647,2548,1-0,A25,,59,34.92,47.88
FideChamp2004,2004,FideChamp,FIDE_split,243,FIDE WCh KO,"Dominguez,L","Malakhov,V",2612,2695,1/2-1/2,B77,,91,9.76,9.88
FideChamp2004,2004,FideChamp,FIDE_split,238,FIDE WCh KO,"Van Wely,L","Filippov,Va",2651,2639,1-0,D36,,109,15.39,17.52
FideChamp2004,2004,FideChamp,FIDE_split,248,FIDE WCh KO,"Nielsen,PH","Radjabov,T",2628,2670,1/2-1/2,A11,,70,14.1,14.23
FideChamp2004,2004,FideChamp,FIDE_split,235,FIDE WCh KO,"Tkachiev,V","Graf,A",2635,2656,1-0,D61,,79,8.28,24.74
FideChamp2004,2004,FideChamp,FIDE_split,244,FIDE WCh KO,Ye Jiangchuan,Ni Hua,2681,2587,1-0,C07,,77,7.86,12.15
FideChamp2004,2004,FideChamp,FIDE_split,250,FIDE WCh KO,"Vallejo Pons,F","Almasi,Z",2666,2631,1/2-1/2,C48,,163,3.78,3.42
FideChamp2004,2004,FideChamp,FIDE_split,251,FIDE WCh KO,"Bologan,V","Moiseenko,A",2665,2631,1/2-1/2,B30,,105,5.04,3.65
FideChamp2004,2004,FideChamp,FIDE_split,253,FIDE WCh KO,"Wojtkiewicz,A","Zvjaginsev,V",2559,2654,1/2-1/2,A33,,47,6.2,5.11
FideChamp2004,2004,FideChamp,FIDE_split,247,FIDE WCh KO,"Iordachescu,V","Rublevsky,S",2627,2671,1-0,B43,,101,11.45,22.15
FideChamp2004,2004,FideChamp,FIDE_split,252,FIDE WCh KO,"Lputian,S","Mamedyarov,S",2634,2657,1/2-1/2,E91,,76,15.18,15.29
FideChamp2004,2004,FideChamp,FIDE_split,258,FIDE WCh KO,"Malakhov,V","Dominguez,L",2695,2612,1/2-1/2,D12,,47,8.5,7.11
FideChamp2004,2004,FideChamp,FIDE_split,254,FIDE WCh KO,"Filippov,Va","Van Wely,L",2639,2651,1-0,A30,,73,7.76,54.34
FideChamp2004,2004,FideChamp,FIDE_split,246,FIDE WCh KO,"Lastin,A","Azmaiparashvili,Z",2622,2679,1/2-1/2,C41,,136,20.45,20.36
FideChamp2004,2004,FideChamp,FIDE_split,257,FIDE WCh KO,"Harikrishna,P","Ivanchuk,V",2599,2716,0-1,E43,,50,39.9,22.48
FideChamp2004,2004,FideChamp,FIDE_split,263,FIDE WCh KO,"Radjabov,T","Nielsen,PH",2670,2628,1/2-1/2,D37,,21,2,0
FideChamp2004,2004,FideChamp,FIDE_split,255,FIDE WCh KO,"Hamdouchi,H","Kudrin,S",2544,2557,1/2-1/2,B22,,101,32.09,21.76
FideChamp2004,2004,FideChamp,FIDE_split,259,FIDE WCh KO,Ni Hua,Ye Jiangchuan,2587,2681,1-0,B26,,73,18.24,40.12
FideChamp2004,2004,FideChamp,FIDE_split,256,FIDE WCh KO,"Movsesian,S","Acs,P",2647,2548,1-0,A07,,101,14.11,37.41
FideChamp2004,2004,FideChamp,FIDE_split,262,FIDE WCh KO,"Rublevsky,S","Iordachescu,V",2671,2627,1-0,C43,,70,11.39,25.77
FideChamp2004,2004,FideChamp,FIDE_split,267,FIDE WCh KO,"Mamedyarov,S","Lputian,S",2657,2634,1/2-1/2,D59,,78,5.29,4.11
FideChamp2004,2004,FideChamp,FIDE_split,264,FIDE WCh KO,"Kobalia,M","Beliavsky,A",2630,2667,0-1,C91,,114,27.83,23.38
FideChamp2004,2004,FideChamp,FIDE_split,266,FIDE WCh KO,"Moiseenko,A","Bologan,V",2631,2665,1-0,E30,,77,21.37,65.12
FideChamp2004,2004,FideChamp,FIDE_split,260,FIDE WCh KO,"Neelotpal,D","Anastasian,A",2457,2587,1/2-1/2,B15,,137,31.97,21.09
FideChamp2004,2004,FideChamp,FIDE_split,249,FIDE WCh KO,"Beliavsky,A","Kobalia,M",2667,2630,1/2-1/2,A89,,137,19.05,16.92
FideChamp2004,2004,FideChamp,FIDE_split,270,FIDE WCh KO,"Kudrin,S","Hamdouchi,H",2557,2544,1/2-1/2,B33,,64,1.39,1.57
FideChamp2004,2004,FideChamp,FIDE_split,245,FIDE WCh KO,"Anastasian,A","Neelotpal,D",2587,2457,1-0,A07,,201,35.77,36.62
FideChamp2004,2004,FideChamp,FIDE_split,272,FIDE WCh KO,"Dominguez,L","Malakhov,V",2612,2695,1/2-1/2,B35,,116,3.81,2.98
FideChamp2004,2004,FideChamp,FIDE_split,261,FIDE WCh KO,"Azmaiparashvili,Z","Lastin,A",2679,2622,0-1,A07,,120,16.07,9.02
FideChamp2004,2004,FideChamp,FIDE_split,265,FIDE WCh KO,"Almasi,Z","Vallejo Pons,F",2631,2666,1-0,B90,,125,12.98,20.57
FideChamp2004,2004,FideChamp,FIDE_split,271,FIDE WCh KO,"Acs,P","Movsesian,S",2548,2647,1-0,D15,,65,3.21,75.89
FideChamp2004,2004,FideChamp,FIDE_split,277,FIDE WCh KO,"Van Wely,L","Filippov,Va",2651,2639,0-1,D36,,96,20.18,6.39
FideChamp2004,2004,FideChamp,FIDE_split,276,FIDE WCh KO,"Mamedyarov,S","Lputian,S",2657,2634,1/2-1/2,D59,,175,10.6,11.8
FideChamp2004,2004,FideChamp,FIDE_split,275,FIDE WCh KO,"Nielsen,PH","Radjabov,T",2628,2670,1/2-1/2,D78,,90,20.76,23.12
FideChamp2004,2004,FideChamp,FIDE_split,273,FIDE WCh KO,Ni Hua,Ye Jiangchuan,2587,2681,1-0,B48,,89,8.15,16.98
FideChamp2004,2004,FideChamp,FIDE_split,274,FIDE WCh KO,"Rublevsky,S","Iordachescu,V",2671,2627,1/2-1/2,B15,,107,27.28,33.27
FideChamp2004,2004,FideChamp,FIDE_split,278,FIDE WCh KO,"Kudrin,S","Hamdouchi,H",2557,2544,0-1,C41,,84,60.76,18.79
FideChamp2004,2004,FideChamp,FIDE_split,280,FIDE WCh KO,"Malakhov,V","Dominguez,L",2695,2612,1/2-1/2,D12,,149,9.58,7.11
FideChamp2004,2004,FideChamp,FIDE_split,284,FIDE WCh KO,"Lputian,S","Mamedyarov,S",2634,2657,1/2-1/2,D76,,45,9.68,10.44
FideChamp2004,2004,FideChamp,FIDE_split,283,FIDE WCh KO,"Radjabov,T","Nielsen,PH",2670,2628,1/2-1/2,E29,,81,15.16,14.92
FideChamp2004,2004,FideChamp,FIDE_split,279,FIDE WCh KO,"Movsesian,S","Acs,P",2647,2548,1-0,A07,,105,43.08,43.98
FideChamp2004,2004,FideChamp,FIDE_split,269,FIDE WCh KO,"Van Wely,L","Filippov,Va",2651,2639,1-0,D36,,125,9.56,16.72
FideChamp2004,2004,FideChamp,FIDE_split,287,FIDE WCh KO,"Acs,P","Movsesian,S",2548,2647,0-1,E69,,62,32.85,5.85
FideChamp2004,2004,FideChamp,FIDE_split,285,FIDE WCh KO,"Filippov,Va","Van Wely,L",2639,2651,1-0,A28,,53,16.91,42
FideChamp2004,2004,FideChamp,FIDE_split,281,FIDE WCh KO,Ye Jiangchuan,Ni Hua,2681,2587,1-0,B26,,77,12.14,22.62
FideChamp2004,2004,FideChamp,FIDE_split,282,FIDE WCh KO,"Iordachescu,V","Rublevsky,S",2627,2671,0-1,B30,,84,264.45,213.24
FideChamp2004,2004,FideChamp,FIDE_split,289,FIDE WCh KO,Ye Jiangchuan,Ni Hua,2681,2587,1-0,C42,,89,29.2,35.7
FideChamp2004,2004,FideChamp,FIDE_split,296,FIDE WCh KO,"Filippov,Va","Grischuk,A",2639,2719,1/2-1/2,D14,,19,,
FideChamp2004,2004,FideChamp,FIDE_split,294,FIDE WCh KO,"Aronian,L","Smirnov,P",2645,2601,1/2-1/2,A34,,94,14.58,26.77
FideChamp2004,2004,FideChamp,FIDE_split,288,FIDE WCh KO,"Dominguez,L","Malakhov,V",2612,2695,1-0,B37,,91,30.26,31.8
FideChamp2004,2004,FideChamp,FIDE_split,286,FIDE WCh KO,"Hamdouchi,H","Kudrin,S",2544,2557,0-1,B22,,86,71.79,34.54
FideChamp2004,2004,FideChamp,FIDE_split,292,FIDE WCh KO,"Hamdouchi,H","Kudrin,S",2544,2557,1-0,B22,,55,15.33,45.39
FideChamp2004,2004,FideChamp,FIDE_split,291,FIDE WCh KO,"Mamedyarov,S","Lputian,S",2657,2634,1-0,A06,,150,39.08,51.45
FideChamp2004,2004,FideChamp,FIDE_split,300,FIDE WCh KO,"Mamedyarov,S","Nisipeanu,LD",2657,2692,1/2-1/2,A04,,22,14.29,11.14
FideChamp2004,2004,FideChamp,FIDE_split,293,FIDE WCh KO,"Topalov,V","Movsesian,S",2737,2647,1-0,B48,,71,15.88,31.35
FideChamp2004,2004,FideChamp,FIDE_split,290,FIDE WCh KO,"Radjabov,T","Nielsen,PH",2670,2628,1-0,A30,,129,45.9,42.23
FideChamp2004,2004,FideChamp,FIDE_split,297,FIDE WCh KO,"Ivanchuk,V","Kasimdzhanov,R",2716,2652,1/2-1/2,D58,,63,7.5,4.7
FideChamp2004,2004,FideChamp,FIDE_split,295,FIDE WCh KO,"Adams,Mi","Hamdouchi,H",2731,2544,1-0,B51,,65,11.86,21.86
FideChamp2004,2004,FideChamp,FIDE_split,298,FIDE WCh KO,"Zvjaginsev,V","Krasenkow,M",2654,2609,1/2-1/2,D46,,65,9,9.18
FideChamp2004,2004,FideChamp,FIDE_split,299,FIDE WCh KO,"Dominguez,L","Tkachiev,V",2612,2635,1-0,C43,,67,5.27,26.93
FideChamp2004,2004,FideChamp,FIDE_split,302,FIDE WCh KO,"Sakaev,K","Dreev,A",2665,2689,1/2-1/2,D35,,41,7.47,9.25
FideChamp2004,2004,FideChamp,FIDE_split,301,FIDE WCh KO,"Kharlov,A","Leitao,R",2593,2564,1-0,D15,,73,18.79,31.88
FideChamp2004,2004,FideChamp,FIDE_split,309,FIDE WCh KO,"Movsesian,S","Topalov,V",2647,2737,1/2-1/2,C54,,53,15.13,4.18
FideChamp2004,2004,FideChamp,FIDE_split,305,FIDE WCh KO,"Anastasian,A","Beliavsky,A",2587,2667,1/2-1/2,D43,,62,12.44,14.33
FideChamp2004,2004,FideChamp,FIDE_split,307,FIDE WCh KO,"Bacrot,E","Radjabov,T",2675,2670,1/2-1/2,E97,,53,15.09,17.55
FideChamp2004,2004,FideChamp,FIDE_split,310,FIDE WCh KO,"Smirnov,P","Aronian,L",2601,2645,1/2-1/2,C87,,51,17.09,17.48
FideChamp2004,2004,FideChamp,FIDE_split,312,FIDE WCh KO,"Grischuk,A","Filippov,Va",2719,2639,1/2-1/2,B31,,23,7.62,2.14
FideChamp2004,2004,FideChamp,FIDE_split,304,FIDE WCh KO,"Almasi,Z",Ye Jiangchuan,2631,2681,1-0,B48,,75,3.06,11.09
FideChamp2004,2004,FideChamp,FIDE_split,313,FIDE WCh KO,"Kasimdzhanov,R","Ivanchuk,V",2652,2716,1/2-1/2,C10,,31,4.08,2.18
FideChamp2004,2004,FideChamp,FIDE_split,316,FIDE WCh KO,"Nisipeanu,LD","Mamedyarov,S",2692,2657,1/2-1/2,C87,,59,3.5,1.96
FideChamp2004,2004,FideChamp,FIDE_split,318,FIDE WCh KO,"Dreev,A","Sakaev,K",2689,2665,1/2-1/2,D80,,47,4.15,4.63
FideChamp2004,2004,FideChamp,FIDE_split,308,FIDE WCh KO,"Rublevsky,S","Kozul,Z",2671,2627,0-1,B52,,102,14.6,9
FideChamp2004,2004,FideChamp,FIDE_split,311,FIDE WCh KO,"Hamdouchi,H","Adams,Mi",2544,2731,1/2-1/2,C87,,73,14.45,10.97
FideChamp2004,2004,FideChamp,FIDE_split,315,FIDE WCh KO,"Tkachiev,V","Dominguez,L",2635,2612,0-1,B13,,66,26.41,5.83
FideChamp2004,2004,FideChamp,FIDE_split,314,FIDE WCh KO,"Krasenkow,M","Zvjaginsev,V",2609,2654,1-0,D45,,65,7.59,23.46
FideChamp2004,2004,FideChamp,FIDE_split,306,FIDE WCh KO,"Nakamura,H","Lastin,A",2580,2622,1-0,D48,,103,15.9,20.79
FideChamp2004,2004,FideChamp,FIDE_split,320,FIDE WCh KO,Ye Jiangchuan,"Almasi,Z",2681,2631,1/2-1/2,C88,,45,13.63,5.39
FideChamp2004,2004,FideChamp,FIDE_split,317,FIDE WCh KO,"Leitao,R","Kharlov,A",2564,2593,1/2-1/2,B80,,53,22,10.23
FideChamp2004,2004,FideChamp,FIDE_split,319,FIDE WCh KO,"Moiseenko,A","Akopian,Vl",2631,2689,1/2-1/2,E20,,37,18,5.57
FideChamp2004,2004,FideChamp,FIDE_split,323,FIDE WCh KO,"Radjabov,T","Bacrot,E",2670,2675,1/2-1/2,D15,,29,3.55,3.5
FideChamp2004,2004,FideChamp,FIDE_split,303,FIDE WCh KO,"Akopian,Vl","Moiseenko,A",2689,2631,1-0,B51,,131,11.79,20.51
FideChamp2004,2004,FideChamp,FIDE_split,325,FIDE WCh KO,"Radjabov,T","Bacrot,E",2670,2675,1/2-1/2,D15,,57,5.32,2.79
FideChamp2004,2004,FideChamp,FIDE_split,330,FIDE WCh KO,"Sakaev,K","Dreev,A",2665,2689,1/2-1/2,D36,,33,8.31,1.92
FideChamp2004,2004,FideChamp,FIDE_split,327,FIDE WCh KO,"Aronian,L","Smirnov,P",2645,2601,1/2-1/2,D15,,106,17.98,15.92
FideChamp2004,2004,FideChamp,FIDE_split,326,FIDE WCh KO,"Nisipeanu,LD","Mamedyarov,S",2692,2657,1/2-1/2,C87,,54,11.96,11
FideChamp2004,2004,FideChamp,FIDE_split,328,FIDE WCh KO,"Grischuk,A","Filippov,Va",2719,2639,1/2-1/2,D52,,120,27.61,37
FideChamp2004,2004,FideChamp,FIDE_split,329,FIDE WCh KO,"Kasimdzhanov,R","Ivanchuk,V",2652,2716,1/2-1/2,C18,,92,7.1,6.69
FideChamp2004,2004,FideChamp,FIDE_split,321,FIDE WCh KO,"Beliavsky,A","Anastasian,A",2667,2587,1-0,E38,,133,16.03,21.32
FideChamp2004,2004,FideChamp,FIDE_split,332,FIDE WCh KO,"Mamedyarov,S","Nisipeanu,LD",2657,2692,0-1,E46,,56,39,15.58
FideChamp2004,2004,FideChamp,FIDE_split,334,FIDE WCh KO,"Filippov,Va","Grischuk,A",2639,2719,1/2-1/2,E05,,53,2.35,1.59
FideChamp2004,2004,FideChamp,FIDE_split,335,FIDE WCh KO,"Ivanchuk,V","Kasimdzhanov,R",2716,2652,0-1,E16,,54,17.09,2.43
FideChamp2004,2004,FideChamp,FIDE_split,333,FIDE WCh KO,"Smirnov,P","Aronian,L",2601,2645,1/2-1/2,C87,,98,8.62,6.07
FideChamp2004,2004,FideChamp,FIDE_split,324,FIDE WCh KO,"Kozul,Z","Rublevsky,S",2627,2671,1-0,D11,,93,19.93,30.55
FideChamp2004,2004,FideChamp,FIDE_split,322,FIDE WCh KO,"Lastin,A","Nakamura,H",2622,2580,1/2-1/2,D15,,91,28.67,19.76
FideChamp2004,2004,FideChamp,FIDE_split,341,FIDE WCh KO,"Filippov,Va","Grischuk,A",2639,2719,0-1,A14,,92,22.02,12.31
FideChamp2004,2004,FideChamp,FIDE_split,338,FIDE WCh KO,"Grischuk,A","Filippov,Va",2719,2639,1-0,D29,,75,6,17.24
FideChamp2004,2004,FideChamp,FIDE_split,331,FIDE WCh KO,"Bacrot,E","Radjabov,T",2675,2670,0-1,E97,,82,103.3,78.89
FideChamp2004,2004,FideChamp,FIDE_split,340,FIDE WCh KO,"Smirnov,P","Aronian,L",2601,2645,0-1,B04,,84,55.24,24.68
FideChamp2004,2004,FideChamp,FIDE_split,346,FIDE WCh KO,"Smirnov,P","Radjabov,T",2601,2670,1/2-1/2,B41,,47,5.85,4.16
FideChamp2004,2004,FideChamp,FIDE_split,343,FIDE WCh KO,"Smirnov,P","Aronian,L",2601,2645,1-0,C67,,123,15.59,23.28
FideChamp2004,2004,FideChamp,FIDE_split,348,FIDE WCh KO,"Grischuk,A","Beliavsky,A",2719,2667,1/2-1/2,C88,,73,4,2.53
FideChamp2004,2004,FideChamp,FIDE_split,336,FIDE WCh KO,"Dreev,A","Sakaev,K",2689,2665,1/2-1/2,D80,,171,18.59,18.59
FideChamp2004,2004,FideChamp,FIDE_split,339,FIDE WCh KO,"Sakaev,K","Dreev,A",2665,2689,1-0,D36,,121,23.68,20.95
FideChamp2004,2004,FideChamp,FIDE_split,342,FIDE WCh KO,"Dreev,A","Sakaev,K",2689,2665,1-0,D03,,127,26.38,32.08
FideChamp2004,2004,FideChamp,FIDE_split,345,FIDE WCh KO,"Kozul,Z","Topalov,V",2627,2737,0-1,E10,,84,42.95,7.82
FideChamp2004,2004,FideChamp,FIDE_split,353,FIDE WCh KO,"Kharlov,A","Nisipeanu,LD",2593,2692,1/2-1/2,B14,,29,1.36,2.5
FideChamp2004,2004,FideChamp,FIDE_split,354,FIDE WCh KO,"Beliavsky,A","Grischuk,A",2667,2719,1/2-1/2,E11,,36,7.86,3.5
FideChamp2004,2004,FideChamp,FIDE_split,351,FIDE WCh KO,"Dreev,A","Dominguez,L",2689,2612,1/2-1/2,D12,,63,8.5,5.93
FideChamp2004,2004,FideChamp,FIDE_split,347,FIDE WCh KO,"Nakamura,H","Adams,Mi",2580,2731,0-1,E12,,132,19.32,10.24
FideChamp2004,2004,FideChamp,FIDE_split,350,FIDE WCh KO,"Krasenkow,M","Akopian,Vl",2609,2689,1/2-1/2,D45,,97,7.04,7.25
FideChamp2004,2004,FideChamp,FIDE_split,352,FIDE WCh KO,"Nisipeanu,LD","Kharlov,A",2692,2593,1/2-1/2,B58,,68,9.93,7.63
FideChamp2004,2004,FideChamp,FIDE_split,358,FIDE WCh KO,"Radjabov,T","Smirnov,P",2670,2601,1/2-1/2,D11,,27,4.6,0
FideChamp2004,2004,FideChamp,FIDE_split,355,FIDE WCh KO,"Dominguez,L","Dreev,A",2612,2689,1/2-1/2,C10,,51,14.14,12.95
FideChamp2004,2004,FideChamp,FIDE_split,360,FIDE WCh KO,"Adams,Mi","Nakamura,H",2731,2580,1/2-1/2,B04,,42,7.65,4.76
FideChamp2004,2004,FideChamp,FIDE_split,349,FIDE WCh KO,"Almasi,Z","Kasimdzhanov,R",2631,2652,0-1,C99,,112,16.58,12.23
FideChamp2004,2004,FideChamp,FIDE_split,363,FIDE WCh KO,"Dreev,A","Dominguez,L",2689,2612,1/2-1/2,D12,,62,7.56,6.22
FideChamp2004,2004,FideChamp,FIDE_split,344,FIDE WCh KO,"Dreev,A","Sakaev,K",2689,2665,1-0,A48,,139,49.29,44.12
FideChamp2004,2004,FideChamp,FIDE_split,362,FIDE WCh KO,"Beliavsky,A","Grischuk,A",2667,2719,1/2-1/2,E32,,100,6.85,5.78
FideChamp2004,2004,FideChamp,FIDE_split,361,FIDE WCh KO,"Nisipeanu,LD","Kharlov,A",2692,2593,1-0,B63,,114,17.08,18.94
FideChamp2004,2004,FideChamp,FIDE_split,359,FIDE WCh KO,"Akopian,Vl","Krasenkow,M",2689,2609,1-0,C77,,89,7.24,14.25
FideChamp2004,2004,FideChamp,FIDE_split,357,FIDE WCh KO,"Topalov,V","Kozul,Z",2737,2627,1-0,B67,,115,8.33,14.62
FideChamp2004,2004,FideChamp,FIDE_split,366,FIDE WCh KO,"Grischuk,A","Beliavsky,A",2719,2667,1/2-1/2,C88,,91,3.43,3.51
FideChamp2004,2004,FideChamp,FIDE_split,365,FIDE WCh KO,"Kharlov,A","Nisipeanu,LD",2593,2692,1-0,E37,,123,53.76,65.53
FideChamp2004,2004,FideChamp,FIDE_split,356,FIDE WCh KO,"Kasimdzhanov,R","Almasi,Z",2652,2631,1-0,B42,,69,6,20.7
FideChamp2004,2004,FideChamp,FIDE_split,368,FIDE WCh KO,"Smirnov,P","Radjabov,T",2601,2670,1/2-1/2,B32,,89,9.88,7.28
FideChamp2004,2004,FideChamp,FIDE_split,367,FIDE WCh KO,"Dominguez,L","Dreev,A",2612,2689,1-0,C10,,69,4.65,16.2
FideChamp2004,2004,FideChamp,FIDE_split,364,FIDE WCh KO,"Radjabov,T","Smirnov,P",2670,2601,1/2-1/2,D15,,145,19.7,18.43
FideChamp2004,2004,FideChamp,FIDE_split,372,FIDE WCh KO,"Kharlov,A","Nisipeanu,LD",2593,2692,1/2-1/2,E32,,45,12.32,8.94
FideChamp2004,2004,FideChamp,FIDE_split,371,FIDE WCh KO,"Nisipeanu,LD","Kharlov,A",2692,2593,1/2-1/2,B65,,89,13.41,13.15
FideChamp2004,2004,FideChamp,FIDE_split,268,FIDE WCh KO,"Zvjaginsev,V","Wojtkiewicz,A",2654,2559,1-0,B50,,73,13.09,69.88
FideChamp2004,2004,FideChamp,FIDE_split,373,FIDE WCh KO,"Beliavsky,A","Grischuk,A",2667,2719,1/2-1/2,E05,,134,5.9,5.44
FideChamp2004,2004,FideChamp,FIDE_split,370,FIDE WCh KO,"Grischuk,A","Beliavsky,A",2719,2667,1-0,C88,,79,13.75,26.23
FideChamp2004,2004,FideChamp,FIDE_split,374,FIDE WCh KO,"Smirnov,P","Radjabov,T",2601,2670,0-1,B33,,52,34.59,2.23
FideChamp2004,2004,FideChamp,FIDE_split,337,FIDE WCh KO,"Aronian,L","Smirnov,P",2645,2601,0-1,D45,,184,35.58,34.3
FideChamp2004,2004,FideChamp,FIDE_split,375,FIDE WCh KO,"Nisipeanu,LD","Karlov,A",2692,,0-1,B50,,104,20.81,18.15
FideChamp2004,2004,FideChamp,FIDE_split,381,FIDE WCh KO,"Radjabov,T","Dominguez,L",2670,2612,1-0,B98,,53,5.83,24.64
FideChamp2004,2004,FideChamp,FIDE_split,376,FIDE WCh KO,"Topalov,V","Kharlov,A",2737,2593,1-0,D20,,87,15.43,22.23
FideChamp2004,2004,FideChamp,FIDE_split,369,FIDE WCh KO,"Radjabov,T","Smirnov,P",2670,2601,1/2-1/2,D36,,128,27,17.62
FideChamp2004,2004,FideChamp,FIDE_split,386,FIDE WCh KO,"Radjabov,T","Dominguez,L",2670,2612,1/2-1/2,D12,,25,10,9
FideChamp2004,2004,FideChamp,FIDE_split,382,FIDE WCh KO,"Akopian,Vl","Adams,Mi",2689,2731,1/2-1/2,C42,,93,6.12,7.12
FideChamp2004,2004,FideChamp,FIDE_split,377,FIDE WCh KO,"Dominguez,L","Radjabov,T",2612,2670,1-0,B30,,89,19.63,31.93
FideChamp2004,2004,FideChamp,FIDE_split,378,FIDE WCh KO,"Adams,Mi","Akopian,Vl",2731,2689,1-0,B80,,107,11.24,20.37
FideChamp2004,2004,FideChamp,FIDE_split,391,FIDE WCh KO,"Kasimdzhanov,R","Topalov,V",2652,2737,1/2-1/2,D27,,30,2.18,0.45
FideChamp2004,2004,FideChamp,FIDE_split,384,FIDE WCh KO,"Dominguez,L","Radjabov,T",2612,2670,1/2-1/2,B45,,77,22.97,22.03
FideChamp2004,2004,FideChamp,FIDE_split,385,FIDE WCh KO,"Kasimdzhanov,R","Grischuk,A",2652,2719,1-0,C88,,115,6.43,14.06
FideChamp2004,2004,FideChamp,FIDE_split,380,FIDE WCh KO,"Kharlov,A","Topalov,V",2593,2737,0-1,C24,,106,45.51,23.84
FideChamp2004,2004,FideChamp,FIDE_split,388,FIDE WCh KO,"Dominguez,L","Radjabov,T",2612,2670,1/2-1/2,B30,,112,14.79,10.98
FideChamp2004,2004,FideChamp,FIDE_split,393,FIDE WCh KO,"Topalov,V","Kasimdzhanov,R",2737,2652,1/2-1/2,B41,,50,8.9,8.52
FideChamp2004,2004,FideChamp,FIDE_split,383,FIDE WCh KO,"Grischuk,A","Kasimdzhanov,R",2719,2652,1-0,D31,,103,20.38,27.09
FideChamp2004,2004,FideChamp,FIDE_split,394,FIDE WCh KO,"Adams,Mi","Radjabov,T",2731,2670,1/2-1/2,B30,,33,6.46,4.92
FideChamp2004,2004,FideChamp,FIDE_split,390,FIDE WCh KO,"Dominguez,L","Radjabov,T",2612,2670,1/2-1/2,B33,,122,29.91,30.74
FideChamp2004,2004,FideChamp,FIDE_split,379,FIDE WCh KO,"Kasimdzhanov,R","Grischuk,A",2652,2719,1-0,C69,,145,13.81,17.19
FideChamp2004,2004,FideChamp,FIDE_split,401,FIDE WCh KO,"Adams,Mi","Kasimdzhanov,R",2731,2652,1/2-1/2,B42,,35,5.21,1.08
FideChamp2004,2004,FideChamp,FIDE_split,395,FIDE WCh KO,"Radjabov,T","Adams,Mi",2670,2731,1/2-1/2,C45,,53,12.83,19.5
FideChamp2004,2004,FideChamp,FIDE_split,389,FIDE WCh KO,"Radjabov,T","Dominguez,L",2670,2612,1/2-1/2,B96,,191,15.25,15.2
FideChamp2004,2004,FideChamp,FIDE_split,398,FIDE WCh KO,"Topalov,V","Kasimdzhanov,R",2737,2652,1/2-1/2,E11,,89,13.83,11.57
FideChamp2004,2004,FideChamp,FIDE_split,397,FIDE WCh KO,"Adams,Mi","Radjabov,T",2731,2670,1/2-1/2,C40,,88,12.12,12.3
FideChamp2004,2004,FideChamp,FIDE_split,387,FIDE WCh KO,"Grischuk,A","Kasimdzhanov,R",2719,2652,0-1,D31,,146,28.43,21.35
FideChamp2004,2004,FideChamp,FIDE_split,392,FIDE WCh KO,"Radjabov,T","Adams,Mi",2670,2731,0-1,E04,,94,15.14,9.07
FideChamp2004,2004,FideChamp,FIDE_split,399,FIDE WCh KO,"Topalov,V","Kasimdzhanov,R",2737,2652,0-1,E17,,106,32.39,19.47
FideChamp2004,2004,FideChamp,FIDE_split,396,FIDE WCh KO,"Kasimdzhanov,R","Topalov,V",2652,2737,1/2-1/2,B52,,125,20.92,16.28
FideChamp2004,2004,FideChamp,FIDE_split,404,FIDE WCh KO,"Kasimdzhanov,R","Adams,Mi",2652,2731,1-0,C68,,79,4.17,15.34
FideChamp2004,2004,FideChamp,FIDE_split,406,FIDE WCh KO,"Kasimdzhanov,R","Adams,Mi",2652,2731,1/2-1/2,C91,,87,15.05,15.67
FideChamp2005,2005,FideChamp,FIDE_split,1,WCh-FIDE,"Svidler,P","Adams,Mi",2738,2719,1/2-1/2,C42,,47,3.9,1.89
FideChamp2004,2004,FideChamp,FIDE_split,408,FIDE WCh KO,"Kasimdzhanov,R","Adams,Mi",2652,2731,1/2-1/2,C68,,95,5.25,5.05
FideChamp2004,2004,FideChamp,FIDE_split,403,FIDE WCh KO,"Adams,Mi","Kasimdzhanov,R",2731,2652,1-0,B43,,93,13.93,16.9
FideChamp2004,2004,FideChamp,FIDE_split,405,FIDE WCh KO,"Adams,Mi","Kasimdzhanov,R",2731,2652,1-0,C97,,91,14.88,14.29
FideChamp2004,2004,FideChamp,FIDE_split,402,FIDE WCh KO,"Kasimdzhanov,R","Adams,Mi",2652,2731,1-0,C42,,109,19.98,27.08
FideChamp2004,2004,FideChamp,FIDE_split,400,FIDE WCh KO,"Kasimdzhanov,R","Topalov,V",2652,2737,1-0,B40,,83,50.03,66.51
FideChamp2004,2004,FideChamp,FIDE_split,407,FIDE WCh KO,"Adams,Mi","Kasimdzhanov,R",2731,2652,0-1,B51,,120,17.84,11.66
FideChamp2005,2005,FideChamp,FIDE_split,6,WCh-FIDE,"Kasimdzhanov,R","Svidler,P",2670,2738,1/2-1/2,B06,,47,4.5,4.95
FideChamp2005,2005,FideChamp,FIDE_split,4,WCh-FIDE,"Morozevich,A","Kasimdzhanov,R",2707,2670,1/2-1/2,B92,,108,8.64,8.16
FideChamp2005,2005,FideChamp,FIDE_split,3,WCh-FIDE,"Leko,P","Topalov,V",2763,2788,0-1,B90,,80,29.47,18.67
FideChamp2005,2005,FideChamp,FIDE_split,5,WCh-FIDE,"Adams,Mi","Polgar,Ju",2719,2735,1/2-1/2,B48,,95,10,10.12
FideChamp2005,2005,FideChamp,FIDE_split,10,WCh-FIDE,"Svidler,P","Leko,P",2738,2763,1-0,C88,,61,13.93,20.15
FideChamp2005,2005,FideChamp,FIDE_split,8,WCh-FIDE,"Leko,P","Morozevich,A",2763,2707,1/2-1/2,B80,,136,12.95,10.19
FideChamp2005,2005,FideChamp,FIDE_split,13,WCh-FIDE,"Leko,P","Polgar,Ju",2763,2735,1-0,B48,,49,6.76,17.1
FideChamp2005,2005,FideChamp,FIDE_split,11,WCh-FIDE,"Polgar,Ju","Kasimdzhanov,R",2735,2670,1-0,B90,,83,23.47,37.35
FideChamp2005,2005,FideChamp,FIDE_split,17,WCh-FIDE,"Svidler,P","Topalov,V",2738,2788,0-1,B90,,88,10.43,1.35
FideChamp2005,2005,FideChamp,FIDE_split,15,WCh-FIDE,"Topalov,V","Adams,Mi",2788,2719,1-0,A30,,75,7.03,21.67
FideChamp2005,2005,FideChamp,FIDE_split,19,WCh-FIDE,"Adams,Mi","Kasimdzhanov,R",2719,2670,1/2-1/2,B92,,58,15.56,11.36
FideChamp2005,2005,FideChamp,FIDE_split,9,WCh-FIDE,"Anand,V","Adams,Mi",2788,2719,1-0,C92,,63,3.82,21.3
FideChamp2005,2005,FideChamp,FIDE_split,14,WCh-FIDE,"Kasimdzhanov,R","Anand,V",2670,2788,1-0,B90,,75,13.32,55.18
FideChamp2005,2005,FideChamp,FIDE_split,18,WCh-FIDE,"Polgar,Ju","Morozevich,A",2735,2707,1/2-1/2,C41,,82,23.81,23.86
FideChamp2005,2005,FideChamp,FIDE_split,21,WCh-FIDE,"Anand,V","Svidler,P",2788,2738,1/2-1/2,C89,,77,5.2,4.59
FideChamp2005,2005,FideChamp,FIDE_split,20,WCh-FIDE,"Anand,V","Leko,P",2788,2763,1/2-1/2,B33,,120,3.79,5.62
FideChamp2005,2005,FideChamp,FIDE_split,16,WCh-FIDE,"Morozevich,A","Svidler,P",2707,2738,0-1,E81,,110,40.71,15.04
FideChamp2005,2005,FideChamp,FIDE_split,22,WCh-FIDE,"Kasimdzhanov,R","Leko,P",2670,2763,1/2-1/2,B33,,85,5.05,6.39
FideChamp2005,2005,FideChamp,FIDE_split,24,WCh-FIDE,"Adams,Mi","Morozevich,A",2719,2707,1/2-1/2,B45,,152,6.65,4.71
FideChamp2005,2005,FideChamp,FIDE_split,29,WCh-FIDE,"Topalov,V","Leko,P",2788,2763,1/2-1/2,E15,,47,9.9,6.74
FideChamp2005,2005,FideChamp,FIDE_split,25,WCh-FIDE,"Leko,P","Adams,Mi",2763,2719,1-0,C42,,78,3.09,13.63
FideChamp2005,2005,FideChamp,FIDE_split,12,WCh-FIDE,"Morozevich,A","Topalov,V",2707,2788,0-1,B52,,148,29.51,11.53
FideChamp2005,2005,FideChamp,FIDE_split,30,WCh-FIDE,"Adams,Mi","Svidler,P",2719,2738,1/2-1/2,B80,,80,8.22,7.42
FideChamp2005,2005,FideChamp,FIDE_split,33,WCh-FIDE,"Anand,V","Topalov,V",2788,2788,1/2-1/2,C65,,33,3.62,2.08
FideChamp2005,2005,FideChamp,FIDE_split,7,WCh-FIDE,"Topalov,V","Anand,V",2788,2788,1/2-1/2,E15,,194,20.85,14.46
FideChamp2005,2005,FideChamp,FIDE_split,27,WCh-FIDE,"Svidler,P","Polgar,Ju",2738,2735,1-0,B90,,117,7.13,11.76
FideChamp2005,2005,FideChamp,FIDE_split,34,WCh-FIDE,"Polgar,Ju","Adams,Mi",2735,2719,1/2-1/2,C89,,73,1.64,3.09
FideChamp2005,2005,FideChamp,FIDE_split,26,WCh-FIDE,"Morozevich,A","Anand,V",2707,2788,1-0,B12,,99,22.39,21.93
FideChamp2005,2005,FideChamp,FIDE_split,31,WCh-FIDE,"Kasimdzhanov,R","Morozevich,A",2670,2707,0-1,B83,,106,17.37,7.73
FideChamp2005,2005,FideChamp,FIDE_split,28,WCh-FIDE,"Topalov,V","Kasimdzhanov,R",2788,2670,1-0,C88,,145,16.78,35.16
FideChamp2005,2005,FideChamp,FIDE_split,37,WCh-FIDE,"Adams,Mi","Anand,V",2719,2788,1/2-1/2,C88,,49,11.86,10.85
FideChamp2005,2005,FideChamp,FIDE_split,35,WCh-FIDE,"Svidler,P","Kasimdzhanov,R",2738,2670,1/2-1/2,B90,,67,19.4,22.93
FideChamp2005,2005,FideChamp,FIDE_split,23,WCh-FIDE,"Polgar,Ju","Topalov,V",2735,2788,0-1,C67,,128,7.92,6.23
FideChamp2005,2005,FideChamp,FIDE_split,2,WCh-FIDE,"Polgar,Ju","Anand,V",2735,2788,0-1,B17,,82,20.78,5.16
FideChamp2005,2005,FideChamp,FIDE_split,41,WCh-FIDE,"Polgar,Ju","Leko,P",2735,2763,1/2-1/2,B13,,49,2.62,2.7
FideChamp2005,2005,FideChamp,FIDE_split,38,WCh-FIDE,"Leko,P","Svidler,P",2763,2738,1/2-1/2,C88,,71,7.16,7.52
FideChamp2005,2005,FideChamp,FIDE_split,45,WCh-FIDE,"Topalov,V","Svidler,P",2788,2738,1/2-1/2,C88,,41,1.53,3.38
FideChamp2005,2005,FideChamp,FIDE_split,32,WCh-FIDE,"Anand,V","Polgar,Ju",2788,2735,1-0,B48,,123,9.62,17.47
FideChamp2005,2005,FideChamp,FIDE_split,43,WCh-FIDE,"Adams,Mi","Topalov,V",2719,2788,1/2-1/2,B85,,89,6.27,5.58
FideChamp2005,2005,FideChamp,FIDE_split,36,WCh-FIDE,"Morozevich,A","Leko,P",2707,2763,1-0,B33,,107,11.1,16.39
FideChamp2005,2005,FideChamp,FIDE_split,47,WCh-FIDE,"Kasimdzhanov,R","Adams,Mi",2670,2719,1/2-1/2,C88,,95,3.95,5.4
FideChamp2005,2005,FideChamp,FIDE_split,49,WCh-FIDE,"Adams,Mi","Leko,P",2719,2763,1/2-1/2,B30,,49,4.62,4.45
FideChamp2005,2005,FideChamp,FIDE_split,39,WCh-FIDE,"Kasimdzhanov,R","Polgar,Ju",2670,2735,1-0,B85,,93,25.26,24.88
FideChamp2005,2005,FideChamp,FIDE_split,42,WCh-FIDE,"Anand,V","Kasimdzhanov,R",2788,2670,1-0,B90,,57,19.76,39.42
FideChamp2005,2005,FideChamp,FIDE_split,40,WCh-FIDE,"Topalov,V","Morozevich,A",2788,2707,1/2-1/2,D37,,121,15.32,11.32
FideChamp2005,2005,FideChamp,FIDE_split,53,WCh-FIDE,"Topalov,V","Polgar,Ju",2788,2735,1/2-1/2,E15,,36,4.57,1
FideChamp2005,2005,FideChamp,FIDE_split,48,WCh-FIDE,"Morozevich,A","Polgar,Ju",2707,2735,1/2-1/2,B90,,108,7.78,8.4
FideChamp2005,2005,FideChamp,FIDE_split,52,WCh-FIDE,"Polgar,Ju","Svidler,P",2735,2738,1/2-1/2,C89,,77,0.66,1.29
FideChamp2005,2005,FideChamp,FIDE_split,50,WCh-FIDE,"Anand,V","Morozevich,A",2788,2707,1/2-1/2,C11,,53,4.96,3.41
FideChamp2005,2005,FideChamp,FIDE_split,54,WCh-FIDE,"Svidler,P","Anand,V",2738,2788,1/2-1/2,C42,,37,10.93,8.5
FideChamp2005,2005,FideChamp,FIDE_split,51,WCh-FIDE,"Kasimdzhanov,R","Topalov,V",2670,2788,1/2-1/2,C67,,93,5.4,5.62
PCAChamp1993,1993,PCAChamp,PCA,5,PCA-World Championship,"Kasparov, Gary","Short, Nigel D",2805,2655,1/2-1/2,E35,,35,1.79,3.15
PCAChamp1993,1993,PCAChamp,PCA,1,PCA-World Championship,"Kasparov, Gary","Short, Nigel D",2805,2655,1-0,C88,,78,24.71,18.86
FideChamp2005,2005,FideChamp,FIDE_split,44,WCh-FIDE,"Svidler,P","Morozevich,A",2738,2707,1-0,C42,,139,13.92,29.31
PCAChamp1993,1993,PCAChamp,PCA,6,PCA-World Championship,"Short, Nigel D","Kasparov, Gary",2655,2805,1/2-1/2,B86,,62,10.19,10.3
FideChamp2005,2005,FideChamp,FIDE_split,56,WCh-FIDE,"Morozevich,A","Adams,Mi",2707,2719,1/2-1/2,C77,,107,12.38,10.43
PCAChamp1993,1993,PCAChamp,PCA,2,PCA-World Championship,"Short, Nigel D","Kasparov, Gary",2655,2805,1/2-1/2,B67,,101,9.53,8.48
PCAChamp1993,1993,PCAChamp,PCA,4,PCA-World Championship,"Short, Nigel D","Kasparov, Gary",2655,2805,0-1,B97,,80,19.08,12.67
PCAChamp1993,1993,PCAChamp,PCA,3,PCA-World Championship,"Kasparov, Gary","Short, Nigel D",2805,2655,1-0,C88,,117,8.91,22.44
PCAChamp1993,1993,PCAChamp,PCA,7,PCA-World Championship,"Kasparov, Gary","Short, Nigel D",2805,2655,1-0,C88,,71,5.16,22.19
FideChamp2005,2005,FideChamp,FIDE_split,55,WCh-FIDE,"Leko,P","Kasimdzhanov,R",2763,2670,1-0,B42,,95,18.98,18.6
PCAChamp1993,1993,PCAChamp,PCA,13,PCA-World Championship,"Kasparov, Gary","Short, Nigel D",2805,2655,1/2-1/2,D19,,67,4.33,5.21
PCAChamp1993,1993,PCAChamp,PCA,11,PCA-World Championship,"Kasparov, Gary","Short, Nigel D",2805,2655,1/2-1/2,C45,,100,4.83,4.93
PCAChamp1993,1993,PCAChamp,PCA,12,PCA-World Championship,"Short, Nigel D","Kasparov, Gary",2655,2805,1/2-1/2,B88,,80,6.83,7.47
PCAChamp1993,1993,PCAChamp,PCA,8,PCA-World Championship,"Short, Nigel D","Kasparov, Gary",2655,2805,1/2-1/2,B86,,82,19.35,16.3
PCAChamp1993,1993,PCAChamp,PCA,9,PCA-World Championship,"Kasparov, Gary","Short, Nigel D",2805,2655,1-0,E35,,103,18.23,20.68
PCAChamp1993,1993,PCAChamp,PCA,14,PCA-World Championship,"Short, Nigel D","Kasparov, Gary",2655,2805,1/2-1/2,B88,,78,15,14.34
PCAChamp1993,1993,PCAChamp,PCA,17,PCA-World Championship,"Kasparov, Gary","Short, Nigel D",2805,2655,1/2-1/2,C45,,81,4.65,4.97
PCAChamp1993,1993,PCAChamp,PCA,19,PCA-World Championship,"Kasparov, Gary","Short, Nigel D",2805,2655,1/2-1/2,C73,,51,6.86,8.05
PCAChamp1993,1993,PCAChamp,PCA,16,PCA-World Championship,"Short, Nigel D","Kasparov, Gary",2655,2805,1-0,B87,,75,8.26,21.42
PCAChamp1993,1993,PCAChamp,PCA,15,PCA-World Championship,"Kasparov, Gary","Short, Nigel D",2805,2655,1-0,D35,,77,7.34,14.76
PCAChamp1993,1993,PCAChamp,PCA,18,PCA-World Championship,"Short, Nigel D","Kasparov, Gary",2655,2805,1/2-1/2,B87,,66,8.72,4.97
PCAChamp1995,1995,PCAChamp,PCA,2,PCA-World Championship,"Kasparov, Gary","Anand, Viswanathan",2795,2725,1/2-1/2,E34,,58,4.48,4.72
PCAChamp1993,1993,PCAChamp,PCA,20,PCA-World Championship,"Short, Nigel D","Kasparov, Gary",2655,2805,1/2-1/2,B87,,71,3.75,2.58
PCAChamp1995,1995,PCAChamp,PCA,4,PCA-World Championship,"Kasparov, Gary","Anand, Viswanathan",2795,2725,1/2-1/2,A17,,41,6.71,6.38
PCAChamp1995,1995,PCAChamp,PCA,3,PCA-World Championship,"Anand, Viswanathan","Kasparov, Gary",2725,2795,1/2-1/2,B85,,72,6.44,6.81
PCAChamp1995,1995,PCAChamp,PCA,1,PCA-World Championship,"Anand, Viswanathan","Kasparov, Gary",2725,2795,1/2-1/2,B85,,54,8.04,5.13
PCAChamp1995,1995,PCAChamp,PCA,8,PCA-World Championship,"Kasparov, Gary","Anand, Viswanathan",2795,2725,1/2-1/2,C45,,44,6.11,5.67
PCAChamp1995,1995,PCAChamp,PCA,6,PCA-World Championship,"Kasparov, Gary","Anand, Viswanathan",2795,2725,1/2-1/2,C80,,55,9.46,8.17
FideChamp2005,2005,FideChamp,FIDE_split,46,WCh-FIDE,"Leko,P","Anand,V",2763,2788,0-1,C42,,106,12.71,10.35
PCAChamp1995,1995,PCAChamp,PCA,5,PCA-World Championship,"Anand, Viswanathan","Kasparov, Gary",2725,2795,1/2-1/2,B85,,54,7.96,5.91
PCAChamp1993,1993,PCAChamp,PCA,10,PCA-World Championship,"Short, Nigel D","Kasparov, Gary",2655,2805,1/2-1/2,B86,,86,33.9,30.72
PCAChamp1995,1995,PCAChamp,PCA,7,PCA-World Championship,"Anand, Viswanathan","Kasparov, Gary",2725,2795,1/2-1/2,B85,,50,3.9,3.67
PCAChamp1995,1995,PCAChamp,PCA,15,PCA-World Championship,"Anand, Viswanathan","Kasparov, Gary",2725,2795,1/2-1/2,B76,,32,3,4.08
PCAChamp1995,1995,PCAChamp,PCA,18,PCA-World Championship,"Kasparov, Gary","Anand, Viswanathan",2795,2725,1/2-1/2,B85,,23,6.5,9.71
PCAChamp1995,1995,PCAChamp,PCA,11,PCA-World Championship,"Anand, Viswanathan","Kasparov, Gary",2725,2795,0-1,B78,,62,19.7,4.52
PCAChamp1995,1995,PCAChamp,PCA,12,PCA-World Championship,"Kasparov, Gary","Anand, Viswanathan",2795,2725,1/2-1/2,C78,,86,8.85,6.82
PCAChamp1995,1995,PCAChamp,PCA,16,PCA-World Championship,"Kasparov, Gary","Anand, Viswanathan",2795,2725,1/2-1/2,B85,,39,6.88,5.33
PCAChamp1995,1995,PCAChamp,PCA,13,PCA-World Championship,"Anand, Viswanathan","Kasparov, Gary",2725,2795,0-1,B77,,50,20.29,3.1
PCAChamp1995,1995,PCAChamp,PCA,9,PCA-World Championship,"Anand, Viswanathan","Kasparov, Gary",2725,2795,1-0,B85,,69,4.94,17
PCAChamp1995,1995,PCAChamp,PCA,17,PCA-World Championship,"Anand, Viswanathan","Kasparov, Gary",2725,2795,1/2-1/2,B78,,125,8.56,10.47
PCAChamp1995,1995,PCAChamp,PCA,10,PCA-World Championship,"Kasparov, Gary","Anand, Viswanathan",2795,2725,1-0,C80,,75,3.53,10.58
PCAChamp1995,1995,PCAChamp,PCA,14,PCA-World Championship,"Kasparov, Gary","Anand, Viswanathan",2795,2725,1-0,B01,,81,13.35,17.94
WorldChamp1886,1886,WorldChamp,Main,10,World Championship 1st,"Steinitz, William","Zukertort, Johannes Hermann",,,1/2-1/2,C67,,42,13.53,7.82
WorldChamp1886,1886,WorldChamp,Main,8,World Championship 1st,"Steinitz, William","Zukertort, Johannes Hermann",,,1/2-1/2,C67,,43,22.44,23.12
WorldChamp1886,1886,WorldChamp,Main,5,World Championship 1st,"Zukertort, Johannes Hermann","Steinitz, William",,,1-0,D10,,63,12.14,25.11
WorldChamp1886,1886,WorldChamp,Main,4,World Championship 1st,"Steinitz, William","Zukertort, Johannes Hermann",,,0-1,C67,,78,16.11,4.17
WorldChamp1886,1886,WorldChamp,Main,2,World Championship 1st,"Steinitz, William","Zukertort, Johannes Hermann",,,0-1,C47,,92,27.64,13.52
WorldChamp1886,1886,WorldChamp,Main,7,World Championship 1st,"Zukertort, Johannes Hermann","Steinitz, William",,,0-1,D40,,70,38.71,11
WorldChamp1886,1886,WorldChamp,Main,14,World Championship 1st,"Steinitz, William","Zukertort, Johannes Hermann",,,1/2-1/2,C67,,96,12.55,8.48
WorldChamp1886,1886,WorldChamp,Main,1,World Championship 1st,"Zukertort, Johannes Hermann","Steinitz, William",,,0-1,D11,,92,55.9,52.1
WorldChamp1886,1886,WorldChamp,Main,3,World Championship 1st,"Zukertort, Johannes Hermann","Steinitz, William",,,1-0,D10,,93,15.93,41.57
WorldChamp1886,1886,WorldChamp,Main,6,World Championship 1st,"Steinitz, William","Zukertort, Johannes Hermann",,,1-0,C67,,121,31.81,19.45
WorldChamp1886,1886,WorldChamp,Main,15,World Championship 1st,"Zukertort, Johannes Hermann","Steinitz, William",,,1/2-1/2,D50,,97,15.24,17.39
WorldChamp1886,1886,WorldChamp,Main,9,World Championship 1st,"Zukertort, Johannes Hermann","Steinitz, William",,,0-1,D26,,76,33.21,16.03
WorldChamp1886,1886,WorldChamp,Main,11,World Championship 1st,"Zukertort, Johannes Hermann","Steinitz, William",,,0-1,C49,,84,24.39,66.55
WorldChamp1886,1886,WorldChamp,Main,16,World Championship 1st,"Steinitz, William","Zukertort, Johannes Hermann",,,1-0,C65,,97,14.44,45.16
WorldChamp1886,1886,WorldChamp,Main,20,World Championship 1st,"Steinitz, William","Zukertort, Johannes Hermann",,,1-0,C25,,37,4.8,47.86
WorldChamp1886,1886,WorldChamp,Main,12,World Championship 1st,"Steinitz, William","Zukertort, Johannes Hermann",,,1-0,C67,,87,15.28,24.26
WorldChamp1886,1886,WorldChamp,Main,18,World Championship 1st,"Steinitz, William","Zukertort, Johannes Hermann",,,1-0,C65,,79,16.83,55.94
WorldChamp1886,1886,WorldChamp,Main,19,World Championship 1st,"Zukertort, Johannes Hermann","Steinitz, William",,,0-1,D53,,58,36.52,29.8
WorldChamp1889,1889,WorldChamp,Main,1,World Championship 2nd,"Chigorin, Mikhail","Steinitz, William",,,1-0,C52,,115,33.13,55.17
WorldChamp1886,1886,WorldChamp,Main,17,World Championship 1st,"Zukertort, Johannes Hermann","Steinitz, William",,,1/2-1/2,D60,,104,13.81,7.38
WorldChamp1889,1889,WorldChamp,Main,6,World Championship 2nd,"Steinitz, William","Chigorin, Mikhail",,,0-1,D02,,74,31.36,10.45
WorldChamp1889,1889,WorldChamp,Main,2,World Championship 2nd,"Steinitz, William","Chigorin, Mikhail",,,1-0,D02,,75,15.74,21.18
WorldChamp1889,1889,WorldChamp,Main,5,World Championship 2nd,"Chigorin, Mikhail","Steinitz, William",,,0-1,C52,,52,51.68,19.91
WorldChamp1886,1886,WorldChamp,Main,13,World Championship 1st,"Zukertort, Johannes Hermann","Steinitz, William",,,1-0,D26,,171,20.04,25.37
WorldChamp1889,1889,WorldChamp,Main,10,World Championship 2nd,"Steinitz, William","Chigorin, Mikhail",,,1-0,D07,,53,5.57,18.64
WorldChamp1889,1889,WorldChamp,Main,7,World Championship 2nd,"Chigorin, Mikhail","Steinitz, William",,,1-0,C52,,67,29.2,37.86
WorldChamp1889,1889,WorldChamp,Main,3,World Championship 2nd,"Chigorin, Mikhail","Steinitz, William",,,1-0,C62,,165,18.46,24.76
WorldChamp1889,1889,WorldChamp,Main,11,World Championship 2nd,"Chigorin, Mikhail","Steinitz, William",,,1-0,C52,,61,13.93,32.62
WorldChamp1889,1889,WorldChamp,Main,8,World Championship 2nd,"Steinitz, William","Chigorin, Mikhail",,,1-0,D46,,75,19.79,31.73
WorldChamp1889,1889,WorldChamp,Main,9,World Championship 2nd,"Chigorin, Mikhail","Steinitz, William",,,0-1,C52,,112,27.29,24.58
WorldChamp1889,1889,WorldChamp,Main,4,World Championship 2nd,"Steinitz, William","Chigorin, Mikhail",,,1-0,D02,,43,8.94,33.82
WorldChamp1889,1889,WorldChamp,Main,14,World Championship 2nd,"Steinitz, William","Chigorin, Mikhail",,,1-0,D07,,69,20.84,63.4
WorldChamp1890,1890,WorldChamp,Main,1,World Championship 3rd,"Steinitz, William","Gunsberg, Isidor",,,1/2-1/2,D35,,50,17.38,17.38
WorldChamp1890,1890,WorldChamp,Main,3,World Championship 3rd,"Steinitz, William","Gunsberg, Isidor",,,1/2-1/2,D31,,54,12.83,10.78
WorldChamp1889,1889,WorldChamp,Main,12,World Championship 2nd,"Steinitz, William","Chigorin, Mikhail",,,1-0,D07,,121,33.68,45.66
WorldChamp1890,1890,WorldChamp,Main,2,World Championship 3rd,"Gunsberg, Isidor","Steinitz, William",,,0-1,C62,,78,20.4,8.31
WorldChamp1889,1889,WorldChamp,Main,16,World Championship 2nd,"Steinitz, William","Chigorin, Mikhail",,,1-0,A85,,103,22.75,20.17
WorldChamp1890,1890,WorldChamp,Main,5,World Championship 3rd,"Steinitz, William","Gunsberg, Isidor",,,0-1,D20,,50,79.19,21.71
WorldChamp1890,1890,WorldChamp,Main,7,World Championship 3rd,"Steinitz, William","Gunsberg, Isidor",,,1-0,E51,,55,16.08,39.22
WorldChamp1889,1889,WorldChamp,Main,17,World Championship 2nd,"Chigorin, Mikhail","Steinitz, William",,,1/2-1/2,C52,,140,23.27,18.38
WorldChamp1890,1890,WorldChamp,Main,6,World Championship 3rd,"Gunsberg, Isidor","Steinitz, William",,,0-1,D05,,86,67.05,29.51
WorldChamp1890,1890,WorldChamp,Main,11,World Championship 3rd,"Steinitz, William","Gunsberg, Isidor",,,1/2-1/2,D40,,57,3.32,3.71
WorldChamp1890,1890,WorldChamp,Main,8,World Championship 3rd,"Gunsberg, Isidor","Steinitz, William",,,1/2-1/2,C54,,71,13.22,12.77
WorldChamp1889,1889,WorldChamp,Main,13,World Championship 2nd,"Chigorin, Mikhail","Steinitz, William",,,1-0,C52,,127,35.23,52.19
WorldChamp1890,1890,WorldChamp,Main,4,World Championship 3rd,"Gunsberg, Isidor","Steinitz, William",,,1-0,C50,,113,41.15,30.12
WorldChamp1890,1890,WorldChamp,Main,9,World Championship 3rd,"Steinitz, William","Gunsberg, Isidor",,,1/2-1/2,D30,,159,15.82,18.35
WorldChamp1890,1890,WorldChamp,Main,15,World Championship 3rd,"Steinitz, William","Gunsberg, Isidor",,,1/2-1/2,E14,,77,8.57,6.32
WorldChamp1890,1890,WorldChamp,Main,16,World Championship 3rd,"Gunsberg, Isidor","Steinitz, William",,,1-0,C52,,41,34.82,60.19
WorldChamp1890,1890,WorldChamp,Main,10,World Championship 3rd,"Gunsberg, Isidor","Steinitz, William",,,0-1,C54,,86,29.36,23.69
WorldChamp1890,1890,WorldChamp,Main,14,World Championship 3rd,"Gunsberg, Isidor","Steinitz, William",,,1/2-1/2,C52,,66,27.86,28.28
WorldChamp1890,1890,WorldChamp,Main,19,World Championship 3rd,"Steinitz, William","Gunsberg, Isidor",,,1/2-1/2,D40,,82,10,12.05
WorldChamp1889,1889,WorldChamp,Main,15,World Championship 2nd,"Chigorin, Mikhail","Steinitz, William",,,0-1,C52,,72,86.81,65.28
WorldChamp1890,1890,WorldChamp,Main,13,World Championship 3rd,"Steinitz, William","Gunsberg, Isidor",,,1-0,D37,,79,36.58,51.43
WorldChamp1890,1890,WorldChamp,Main,17,World Championship 3rd,"Steinitz, William","Gunsberg, Isidor",,,1/2-1/2,D06,,112,14.88,12.37
WorldChamp1890,1890,WorldChamp,Main,12,World Championship 3rd,"Gunsberg, Isidor","Steinitz, William",,,1-0,C52,,47,10.4,30.95
WorldChamp1892,1892,WorldChamp,Main,2,World Championship 4th,"Steinitz, William","Chigorin, Mikhail",,,1/2-1/2,C65,,63,33.29,32.78
WorldChamp1892,1892,WorldChamp,Main,3,World Championship 4th,"Chigorin, Mikhail","Steinitz, William",,,1/2-1/2,C52,,64,18.93,19.57
WorldChamp1892,1892,WorldChamp,Main,8,World Championship 4th,"Steinitz, William","Chigorin, Mikhail",,,0-1,C58,,48,101.75,63.1
WorldChamp1892,1892,WorldChamp,Main,4,World Championship 4th,"Steinitz, William","Chigorin, Mikhail",,,1-0,C65,,55,10.29,27.26
WorldChamp1892,1892,WorldChamp,Main,7,World Championship 4th,"Chigorin, Mikhail","Steinitz, William",,,1-0,C52,,55,25.92,75.83
WorldChamp1892,1892,WorldChamp,Main,9,World Championship 4th,"Chigorin, Mikhail","Steinitz, William",,,1/2-1/2,C52,,67,10.83,9.76
WorldChamp1892,1892,WorldChamp,Main,5,World Championship 4th,"Chigorin, Mikhail","Steinitz, William",,,1/2-1/2,C52,,109,14.78,17.98
WorldChamp1892,1892,WorldChamp,Main,12,World Championship 4th,"Steinitz, William","Chigorin, Mikhail",,,0-1,C59,,52,59.27,11.45
WorldChamp1890,1890,WorldChamp,Main,18,World Championship 3rd,"Gunsberg, Isidor","Steinitz, William",,,0-1,C52,,108,26.1,20.26
WorldChamp1892,1892,WorldChamp,Main,10,World Championship 4th,"Steinitz, William","Chigorin, Mikhail",,,0-1,C58,,60,35.92,24.88
WorldChamp1892,1892,WorldChamp,Main,6,World Championship 4th,"Steinitz, William","Chigorin, Mikhail",,,1-0,C59,,93,15.81,52.21
WorldChamp1892,1892,WorldChamp,Main,13,World Championship 4th,"Chigorin, Mikhail","Steinitz, William",,,0-1,C52,,76,27.15,10.79
WorldChamp1892,1892,WorldChamp,Main,14,World Championship 4th,"Steinitz, William","Chigorin, Mikhail",,,1-0,C65,,65,43.38,72.75
WorldChamp1892,1892,WorldChamp,Main,11,World Championship 4th,"Chigorin, Mikhail","Steinitz, William",,,0-1,C62,,90,59.78,17.1
WorldChamp1892,1892,WorldChamp,Main,16,World Championship 4th,"Steinitz, William","Chigorin, Mikhail",,,1-0,C77,,75,11.71,23.64
WorldChamp1892,1892,WorldChamp,Main,15,World Championship 4th,"Chigorin, Mikhail","Steinitz, William",,,1-0,C52,,93,71.37,82.69
WorldChamp1892,1892,WorldChamp,Main,18,World Championship 4th,"Steinitz, William","Chigorin, Mikhail",,,1-0,A85,,77,47.2,56
WorldChamp1892,1892,WorldChamp,Main,17,World Championship 4th,"Chigorin, Mikhail","Steinitz, William",,,1-0,C52,,77,20.54,59.68
WorldChamp1892,1892,WorldChamp,Main,20,World Championship 4th,"Steinitz, William","Chigorin, Mikhail",,,1-0,D37,,81,11.46,21.5
WorldChamp1892,1892,WorldChamp,Main,23,World Championship 4th,"Chigorin, Mikhail","Steinitz, William",,,0-1,C34,,64,54,26.21
WorldChamp1892,1892,WorldChamp,Main,1,World Championship 4th,"Chigorin, Mikhail","Steinitz, William",,,1-0,C52,,61,26.22,78.04
WorldChamp1892,1892,WorldChamp,Main,21,World Championship 4th,"Chigorin, Mikhail","Steinitz, William",,,1/2-1/2,C25,,93,25.35,31.45
WorldChamp1892,1892,WorldChamp,Main,22,World Championship 4th,"Steinitz, William","Chigorin, Mikhail",,,1-0,D55,,97,11.58,21.48
WorldChamp1894,1894,WorldChamp,Main,2,World Championship 5th,"Steinitz, William","Lasker, Emanuel",,,1-0,C65,,83,14.82,24.76
WorldChamp1894,1894,WorldChamp,Main,5,World Championship 5th,"Lasker, Emanuel","Steinitz, William",,,1/2-1/2,C62,,99,18.7,17.2
WorldChamp1894,1894,WorldChamp,Main,6,World Championship 5th,"Steinitz, William","Lasker, Emanuel",,,1/2-1/2,C54,,142,12.63,13.49
WorldChamp1894,1894,WorldChamp,Main,3,World Championship 5th,"Lasker, Emanuel","Steinitz, William",,,1-0,C62,,103,24.73,22.04
WorldChamp1892,1892,WorldChamp,Main,19,World Championship 4th,"Chigorin, Mikhail","Steinitz, William",,,1-0,C45,,63,122.18,167.74
WorldChamp1894,1894,WorldChamp,Main,1,World Championship 5th,"Lasker, Emanuel","Steinitz, William",,,1-0,C62,,119,19.93,25.85
WorldChamp1894,1894,WorldChamp,Main,11,World Championship 5th,"Lasker, Emanuel","Steinitz, William",,,1-0,D40,,75,65.41,44.94
WorldChamp1894,1894,WorldChamp,Main,12,World Championship 5th,"Steinitz, William","Lasker, Emanuel",,,1/2-1/2,D60,,96,13.73,12
WorldChamp1894,1894,WorldChamp,Main,9,World Championship 5th,"Lasker, Emanuel","Steinitz, William",,,1-0,C46,,97,10.78,19.34
WorldChamp1894,1894,WorldChamp,Main,10,World Championship 5th,"Steinitz, William","Lasker, Emanuel",,,0-1,D35,,68,38.13,26.03
WorldChamp1894,1894,WorldChamp,Main,4,World Championship 5th,"Steinitz, William","Lasker, Emanuel",,,1-0,C54,,119,43.95,37.53
WorldChamp1894,1894,WorldChamp,Main,13,World Championship 5th,"Lasker, Emanuel","Steinitz, William",,,0-1,C68,,110,40.47,31.98
WorldChamp1894,1894,WorldChamp,Main,7,World Championship 5th,"Lasker, Emanuel","Steinitz, William",,,1-0,C62,,91,20.93,37.73
WorldChamp1894,1894,WorldChamp,Main,14,World Championship 5th,"Steinitz, William","Lasker, Emanuel",,,1-0,D46,,91,12.33,22.2
WorldChamp1896,1896,WorldChamp,Main,1,World Championship 6th,"Steinitz, William","Lasker, Emanuel",,,0-1,C54,,90,22.29,16.63
WorldChamp1894,1894,WorldChamp,Main,16,World Championship 5th,"Steinitz, William","Lasker, Emanuel",,,0-1,D60,,108,18.34,8.56
WorldChamp1894,1894,WorldChamp,Main,19,World Championship 5th,"Lasker, Emanuel","Steinitz, William",,,1-0,D40,,103,9.48,17.04
WorldChamp1894,1894,WorldChamp,Main,15,World Championship 5th,"Lasker, Emanuel","Steinitz, William",,,1-0,D40,,87,12.53,21.51
WorldChamp1894,1894,WorldChamp,Main,8,World Championship 5th,"Steinitz, William","Lasker, Emanuel",,,0-1,C10,,152,38.08,20.38
WorldChamp1894,1894,WorldChamp,Main,17,World Championship 5th,"Lasker, Emanuel","Steinitz, William",,,0-1,C50,,102,17.09,12.28
WorldChamp1894,1894,WorldChamp,Main,18,World Championship 5th,"Steinitz, William","Lasker, Emanuel",,,1/2-1/2,D67,,122,16.3,16.05
WorldChamp1896,1896,WorldChamp,Main,2,World Championship 6th,"Lasker, Emanuel","Steinitz, William",,,1-0,C64,,72,11.56,51.84
WorldChamp1896,1896,WorldChamp,Main,9,World Championship 6th,"Steinitz, William","Lasker, Emanuel",,,1/2-1/2,D53,,68,29.43,28.07
WorldChamp1896,1896,WorldChamp,Main,10,World Championship 6th,"Lasker, Emanuel","Steinitz, William",,,1-0,C68,,81,11.16,17.86
WorldChamp1896,1896,WorldChamp,Main,5,World Championship 6th,"Steinitz, William","Lasker, Emanuel",,,1/2-1/2,D53,,78,37.63,33.63
WorldChamp1896,1896,WorldChamp,Main,12,World Championship 6th,"Lasker, Emanuel","Steinitz, William",,,0-1,C71,,60,28.46,17.77
WorldChamp1896,1896,WorldChamp,Main,15,World Championship 6th,"Steinitz, William","Lasker, Emanuel",,,1/2-1/2,D53,,69,10.06,13.4
WorldChamp1896,1896,WorldChamp,Main,7,World Championship 6th,"Steinitz, William","Lasker, Emanuel",,,1/2-1/2,D53,,150,16.08,13.82
WorldChamp1896,1896,WorldChamp,Main,13,World Championship 6th,"Steinitz, William","Lasker, Emanuel",,,1-0,D53,,75,10.29,21.06
WorldChamp1896,1896,WorldChamp,Main,4,World Championship 6th,"Lasker, Emanuel","Steinitz, William",,,1-0,C64,,131,7.19,9.39
WorldChamp1896,1896,WorldChamp,Main,8,World Championship 6th,"Lasker, Emanuel","Steinitz, William",,,1/2-1/2,C62,,111,36.21,37.41
WorldChamp1896,1896,WorldChamp,Main,11,World Championship 6th,"Steinitz, William","Lasker, Emanuel",,,0-1,D53,,128,16.78,19.03
WorldChamp1896,1896,WorldChamp,Main,16,World Championship 6th,"Lasker, Emanuel","Steinitz, William",,,1-0,C71,,83,19.76,55.03
WorldChamp1896,1896,WorldChamp,Main,6,World Championship 6th,"Lasker, Emanuel","Steinitz, William",,,1-0,C50,,115,37.19,49.91
WorldChamp1907,1907,WorldChamp,Main,3,World Championship 7th,"Marshall, Frank James","Lasker, Emanuel",,,0-1,D53,,84,49.61,19.92
WorldChamp1907,1907,WorldChamp,Main,6,World Championship 7th,"Lasker, Emanuel","Marshall, Frank James",,,1/2-1/2,C12,,42,3.18,1.41
WorldChamp1896,1896,WorldChamp,Main,14,World Championship 6th,"Lasker, Emanuel","Steinitz, William",,,1-0,C68,,155,20.43,21.36
WorldChamp1907,1907,WorldChamp,Main,4,World Championship 7th,"Lasker, Emanuel","Marshall, Frank James",,,1/2-1/2,C12,,80,7.31,6.69
WorldChamp1907,1907,WorldChamp,Main,5,World Championship 7th,"Marshall, Frank James","Lasker, Emanuel",,,1/2-1/2,D53,,82,5.51,4.46
WorldChamp1907,1907,WorldChamp,Main,9,World Championship 7th,"Marshall, Frank James","Lasker, Emanuel",,,1/2-1/2,D32,,91,10.79,10
WorldChamp1896,1896,WorldChamp,Main,3,World Championship 6th,"Steinitz, William","Lasker, Emanuel",,,0-1,C54,,78,28.26,26.4
WorldChamp1907,1907,WorldChamp,Main,10,World Championship 7th,"Lasker, Emanuel","Marshall, Frank James",,,1/2-1/2,C12,,95,12.32,12.63
WorldChamp1907,1907,WorldChamp,Main,7,World Championship 7th,"Marshall, Frank James","Lasker, Emanuel",,,1/2-1/2,D32,,97,16.56,15.52
WorldChamp1907,1907,WorldChamp,Main,2,World Championship 7th,"Lasker, Emanuel","Marshall, Frank James",,,1-0,C11,,103,14.25,17.49
WorldChamp1907,1907,WorldChamp,Main,11,World Championship 7th,"Marshall, Frank James","Lasker, Emanuel",,,1/2-1/2,A83,,101,10.4,8.54
WorldChamp1907,1907,WorldChamp,Main,1,World Championship 7th,"Marshall, Frank James","Lasker, Emanuel",,,0-1,C65,,98,31.29,22.29
WorldChamp1896,1896,WorldChamp,Main,17,World Championship 6th,"Steinitz, William","Lasker, Emanuel",,,0-1,D60,,118,32.51,44.2
WorldChamp1907,1907,WorldChamp,Main,14,World Championship 7th,"Lasker, Emanuel","Marshall, Frank James",,,1-0,C11,,41,125.24,118.25
WorldChamp1907,1907,WorldChamp,Main,15,World Championship 7th,"Marshall, Frank James","Lasker, Emanuel",,,0-1,D53,,74,36.61,20.27
WorldChamp1907,1907,WorldChamp,Main,12,World Championship 7th,"Lasker, Emanuel","Marshall, Frank James",,,1-0,C11,,91,13.79,31.8
WorldChamp1907,1907,WorldChamp,Main,8,World Championship 7th,"Lasker, Emanuel","Marshall, Frank James",,,1-0,C12,,136,44.86,67.36
WorldChamp1908,1908,WorldChamp,Main,1,World Championship 8th,"Lasker, Emanuel","Tarrasch, Siegbert",,,1-0,C68,,109,18.45,26.58
WorldChamp1908,1908,WorldChamp,Main,2,World Championship 8th,"Tarrasch, Siegbert","Lasker, Emanuel",,,0-1,C66,,82,33.81,24.62
WorldChamp1908,1908,WorldChamp,Main,6,World Championship 8th,"Tarrasch, Siegbert","Lasker, Emanuel",,,1/2-1/2,C10,,106,27.55,19.22
WorldChamp1908,1908,WorldChamp,Main,8,World Championship 8th,"Tarrasch, Siegbert","Lasker, Emanuel",,,1/2-1/2,C67,,96,12.34,11.23
WorldChamp1908,1908,WorldChamp,Main,5,World Championship 8th,"Lasker, Emanuel","Tarrasch, Siegbert",,,1-0,C98,,75,23.68,47.39
WorldChamp1908,1908,WorldChamp,Main,9,World Championship 8th,"Lasker, Emanuel","Tarrasch, Siegbert",,,1/2-1/2,C15,,143,8.15,7.21
WorldChamp1908,1908,WorldChamp,Main,11,World Championship 8th,"Lasker, Emanuel","Tarrasch, Siegbert",,,1-0,C12,,55,15.38,78.7
WorldChamp1908,1908,WorldChamp,Main,4,World Championship 8th,"Tarrasch, Siegbert","Lasker, Emanuel",,,0-1,C66,,82,29.46,15.97
WorldChamp1907,1907,WorldChamp,Main,13,World Championship 7th,"Marshall, Frank James","Lasker, Emanuel",,,0-1,D07,,116,61.89,12.83
WorldChamp1908,1908,WorldChamp,Main,10,World Championship 8th,"Tarrasch, Siegbert","Lasker, Emanuel",,,1-0,C67,,63,6.61,15.78
WorldChamp1908,1908,WorldChamp,Main,15,World Championship 8th,"Lasker, Emanuel","Tarrasch, Siegbert",,,1/2-1/2,D02,,102,6,4.15
WorldChamp1908,1908,WorldChamp,Main,16,World Championship 8th,"Tarrasch, Siegbert","Lasker, Emanuel",,,0-1,C49,,52,54.23,31.05
WorldChamp1908,1908,WorldChamp,Main,13,World Championship 8th,"Lasker, Emanuel","Tarrasch, Siegbert",,,1-0,D40,,87,13.53,21.69
WorldChamp1908,1908,WorldChamp,Main,14,World Championship 8th,"Tarrasch, Siegbert","Lasker, Emanuel",,,1/2-1/2,C67,,238,6.73,16.44
WorldChamp1909,1909,WorldChamp,Main,1,World Championship 9th,"Lasker, Emanuel","Janowsky, Dawid Markelowicz",,,1/2-1/2,C87,,85,8,6.84
WorldChamp1909,1909,WorldChamp,Main,2,World Championship 9th,"Janowsky, Dawid Markelowicz","Lasker, Emanuel",,,0-1,C49,,64,26.46,10.79
WorldChamp1909,1909,WorldChamp,Main,3,World Championship 9th,"Lasker, Emanuel","Janowsky, Dawid Markelowicz",,,1-0,C68,,75,7.91,17.33
WorldChamp1908,1908,WorldChamp,Main,12,World Championship 8th,"Tarrasch, Siegbert","Lasker, Emanuel",,,1-0,C49,,129,20.52,21.68
WorldChamp1909,1909,WorldChamp,Main,8,World Championship 9th,"Janowsky, Dawid Markelowicz","Lasker, Emanuel",,,1/2-1/2,C66,,60,10.69,8.62
WorldChamp1909,1909,WorldChamp,Main,5,World Championship 9th,"Lasker, Emanuel","Janowsky, Dawid Markelowicz",,,1-0,C68,,121,24.32,31.71
WorldChamp1909,1909,WorldChamp,Main,10,World Championship 9th,"Janowsky, Dawid Markelowicz","Lasker, Emanuel",,,0-1,B34,,58,16.12,7.24
WorldChamp1909,1909,WorldChamp,Main,6,World Championship 9th,"Janowsky, Dawid Markelowicz","Lasker, Emanuel",,,1-0,C66,,65,15.76,23.57
WorldChamp1921,1921,WorldChamp,Main,2,World Championship 12th,"Lasker, Emanuel","Capablanca, Jose Raul",,,1/2-1/2,D37,,81,11.08,9.53
WorldChamp1909,1909,WorldChamp,Main,7,World Championship 9th,"Lasker, Emanuel","Janowsky, Dawid Markelowicz",,,1-0,C87,,125,10.44,16.29
WorldChamp1921,1921,WorldChamp,Main,1,World Championship 12th,"Capablanca, Jose Raul","Lasker, Emanuel",,,1/2-1/2,D63,,100,7.72,7.8
WorldChamp1921,1921,WorldChamp,Main,4,World Championship 12th,"Lasker, Emanuel","Capablanca, Jose Raul",,,1/2-1/2,D61,,59,4.38,3.32
WorldChamp1921,1921,WorldChamp,Main,7,World Championship 12th,"Capablanca, Jose Raul","Lasker, Emanuel",,,1/2-1/2,D61,,46,5.89,9.47
WorldChamp1921,1921,WorldChamp,Main,8,World Championship 12th,"Lasker, Emanuel","Capablanca, Jose Raul",,,1/2-1/2,D12,,60,6.69,6.77
WorldChamp1921,1921,WorldChamp,Main,6,World Championship 12th,"Lasker, Emanuel","Capablanca, Jose Raul",,,1/2-1/2,C66,,86,3.31,2.41
WorldChamp1921,1921,WorldChamp,Main,3,World Championship 12th,"Capablanca, Jose Raul","Lasker, Emanuel",,,1/2-1/2,C66,,125,8.02,6.31
WorldChamp1921,1921,WorldChamp,Main,9,World Championship 12th,"Capablanca, Jose Raul","Lasker, Emanuel",,,1/2-1/2,D34,,42,7.59,6.88
WorldChamp1909,1909,WorldChamp,Main,9,World Championship 9th,"Lasker, Emanuel","Janowsky, Dawid Markelowicz",,,1-0,C87,,121,10.26,14.66
WorldChamp1921,1921,WorldChamp,Main,5,World Championship 12th,"Capablanca, Jose Raul","Lasker, Emanuel",,,1-0,D63,,91,40.48,48.8
WorldChamp1921,1921,WorldChamp,Main,13,World Championship 12th,"Capablanca, Jose Raul","Lasker, Emanuel",,,1/2-1/2,D63,,46,7.63,5.79
WorldChamp1927,1927,WorldChamp,Main,2,World Championship 13th,"Alekhine, Alexander","Capablanca, Jose Raul",,,1/2-1/2,D65,,38,3.2,4.47
WorldChamp1921,1921,WorldChamp,Main,12,World Championship 12th,"Lasker, Emanuel","Capablanca, Jose Raul",,,1/2-1/2,C66,,61,20.48,22.69
WorldChamp1927,1927,WorldChamp,Main,4,World Championship 13th,"Alekhine, Alexander","Capablanca, Jose Raul",,,1/2-1/2,D64,,98,3.82,3.96
WorldChamp1927,1927,WorldChamp,Main,5,World Championship 13th,"Capablanca, Jose Raul","Alekhine, Alexander",,,1/2-1/2,D51,,83,3.82,3.11
WorldChamp1908,1908,WorldChamp,Main,3,World Championship 8th,"Lasker, Emanuel","Tarrasch, Siegbert",,,0-1,C98,,88,28.6,43.7
WorldChamp1921,1921,WorldChamp,Main,10,World Championship 12th,"Lasker, Emanuel","Capablanca, Jose Raul",,,0-1,D61,,136,15.89,11.77
WorldChamp1921,1921,WorldChamp,Main,11,World Championship 12th,"Capablanca, Jose Raul","Lasker, Emanuel",,,1-0,D64,,95,14.77,49.72
WorldChamp1927,1927,WorldChamp,Main,10,World Championship 13th,"Alekhine, Alexander","Capablanca, Jose Raul",,,1/2-1/2,D62,,40,4.06,3.38
WorldChamp1927,1927,WorldChamp,Main,8,World Championship 13th,"Alekhine, Alexander","Capablanca, Jose Raul",,,1/2-1/2,D62,,84,2.71,2.82
WorldChamp1927,1927,WorldChamp,Main,1,World Championship 13th,"Capablanca, Jose Raul","Alekhine, Alexander",,,0-1,C01,,86,29.23,17.36
WorldChamp1927,1927,WorldChamp,Main,6,World Championship 13th,"Alekhine, Alexander","Capablanca, Jose Raul",,,1/2-1/2,D67,,79,6.81,5.29
WorldChamp1927,1927,WorldChamp,Main,9,World Championship 13th,"Capablanca, Jose Raul","Alekhine, Alexander",,,1/2-1/2,D51,,68,4.13,2.3
WorldChamp1927,1927,WorldChamp,Main,3,World Championship 13th,"Capablanca, Jose Raul","Alekhine, Alexander",,,1-0,A47,,83,19.11,63.14
WorldChamp1909,1909,WorldChamp,Main,4,World Championship 9th,"Janowsky, Dawid Markelowicz","Lasker, Emanuel",,,0-1,C49,,100,15.89,9.7
WorldChamp1921,1921,WorldChamp,Main,14,World Championship 12th,"Lasker, Emanuel","Capablanca, Jose Raul",,,0-1,C66,,112,12.85,6.5
WorldChamp1927,1927,WorldChamp,Main,13,World Championship 13th,"Capablanca, Jose Raul","Alekhine, Alexander",,,1/2-1/2,D63,,54,7.04,5.57
WorldChamp1927,1927,WorldChamp,Main,15,World Championship 13th,"Capablanca, Jose Raul","Alekhine, Alexander",,,1/2-1/2,D63,,59,7.54,6.36
WorldChamp1927,1927,WorldChamp,Main,16,World Championship 13th,"Alekhine, Alexander","Capablanca, Jose Raul",,,1/2-1/2,D67,,47,8.3,11.37
WorldChamp1927,1927,WorldChamp,Main,7,World Championship 13th,"Capablanca, Jose Raul","Alekhine, Alexander",,,1-0,D52,,71,8,14
WorldChamp1927,1927,WorldChamp,Main,14,World Championship 13th,"Alekhine, Alexander","Capablanca, Jose Raul",,,1/2-1/2,D65,,50,8.33,8.38
WorldChamp1927,1927,WorldChamp,Main,18,World Championship 13th,"Alekhine, Alexander","Capablanca, Jose Raul",,,1/2-1/2,D67,,55,9.83,7
WorldChamp1927,1927,WorldChamp,Main,19,World Championship 13th,"Capablanca, Jose Raul","Alekhine, Alexander",,,1/2-1/2,D63,,42,11.88,11.65
WorldChamp1927,1927,WorldChamp,Main,20,World Championship 13th,"Alekhine, Alexander","Capablanca, Jose Raul",,,1/2-1/2,D67,,86,8.44,4.64
WorldChamp1927,1927,WorldChamp,Main,21,World Championship 13th,"Capablanca, Jose Raul","Alekhine, Alexander",,,0-1,D63,,64,28.82,9.54
WorldChamp1927,1927,WorldChamp,Main,17,World Championship 13th,"Capablanca, Jose Raul","Alekhine, Alexander",,,1/2-1/2,D63,,118,5.87,6.75
WorldChamp1927,1927,WorldChamp,Main,12,World Championship 13th,"Alekhine, Alexander","Capablanca, Jose Raul",,,1-0,D64,,81,12.35,17.86
WorldChamp1927,1927,WorldChamp,Main,26,World Championship 13th,"Alekhine, Alexander","Capablanca, Jose Raul",,,1/2-1/2,D64,,43,5.39,2.76
WorldChamp1927,1927,WorldChamp,Main,23,World Championship 13th,"Capablanca, Jose Raul","Alekhine, Alexander",,,1/2-1/2,D63,,95,5.91,4.49
WorldChamp1927,1927,WorldChamp,Main,25,World Championship 13th,"Capablanca, Jose Raul","Alekhine, Alexander",,,1/2-1/2,D65,,80,7.69,9.5
WorldChamp1927,1927,WorldChamp,Main,24,World Championship 13th,"Alekhine, Alexander","Capablanca, Jose Raul",,,1/2-1/2,D67,,81,7.76,6.92
WorldChamp1908,1908,WorldChamp,Main,7,World Championship 8th,"Lasker, Emanuel","Tarrasch, Siegbert",,,1-0,C15,,151,15.12,31.34
WorldChamp1927,1927,WorldChamp,Main,28,World Championship 13th,"Alekhine, Alexander","Capablanca, Jose Raul",,,1/2-1/2,D67,,85,6.67,5.45
WorldChamp1927,1927,WorldChamp,Main,33,World Championship 13th,"Capablanca, Jose Raul","Alekhine, Alexander",,,1/2-1/2,D51,,36,13.07,6.29
WorldChamp1927,1927,WorldChamp,Main,30,World Championship 13th,"Alekhine, Alexander","Capablanca, Jose Raul",,,1/2-1/2,D67,,80,4.08,3.64
WorldChamp1927,1927,WorldChamp,Main,22,World Championship 13th,"Alekhine, Alexander","Capablanca, Jose Raul",,,1/2-1/2,D67,,172,8.96,9.07
WorldChamp1927,1927,WorldChamp,Main,27,World Championship 13th,"Capablanca, Jose Raul","Alekhine, Alexander",,,1/2-1/2,D65,,76,28.74,15.09
WorldChamp1927,1927,WorldChamp,Main,31,World Championship 13th,"Capablanca, Jose Raul","Alekhine, Alexander",,,1/2-1/2,D51,,83,16.82,15.32
WorldChamp1929,1929,WorldChamp,Main,2,World Championship 14th,"Bogoljubow, Efim","Alekhine, Alexander",,,1/2-1/2,E23,,101,9.55,13.89
WorldChamp1927,1927,WorldChamp,Main,29,World Championship 13th,"Capablanca, Jose Raul","Alekhine, Alexander",,,1-0,D52,,139,16.03,49.75
WorldChamp1929,1929,WorldChamp,Main,3,World Championship 14th,"Alekhine, Alexander","Bogoljubow, Efim",,,1/2-1/2,D17,,140,10.61,8.77
WorldChamp1927,1927,WorldChamp,Main,32,World Championship 13th,"Alekhine, Alexander","Capablanca, Jose Raul",,,1-0,D35,,125,10.95,20.02
WorldChamp1929,1929,WorldChamp,Main,1,World Championship 14th,"Alekhine, Alexander","Bogoljubow, Efim",,,1-0,D16,,51,11.27,35.33
WorldChamp1929,1929,WorldChamp,Main,4,World Championship 14th,"Bogoljubow, Efim","Alekhine, Alexander",,,1-0,E38,,75,42.65,40.36
WorldChamp1929,1929,WorldChamp,Main,9,World Championship 14th,"Alekhine, Alexander","Bogoljubow, Efim",,,1/2-1/2,D52,,60,6.31,6.12
WorldChamp1929,1929,WorldChamp,Main,6,World Championship 14th,"Bogoljubow, Efim","Alekhine, Alexander",,,1-0,E22,,95,7.77,13.14
WorldChamp1927,1927,WorldChamp,Main,34,World Championship 13th,"Alekhine, Alexander","Capablanca, Jose Raul",,,1-0,D51,,163,11.58,14.21
WorldChamp1929,1929,WorldChamp,Main,7,World Championship 14th,"Alekhine, Alexander","Bogoljubow, Efim",,,1-0,D78,,69,20.13,28.5
WorldChamp1929,1929,WorldChamp,Main,8,World Championship 14th,"Bogoljubow, Efim","Alekhine, Alexander",,,0-1,A50,,60,73.12,8.54
WorldChamp1929,1929,WorldChamp,Main,10,World Championship 14th,"Bogoljubow, Efim","Alekhine, Alexander",,,0-1,D52,,99,30.87,11.02
WorldChamp1929,1929,WorldChamp,Main,13,World Championship 14th,"Alekhine, Alexander","Bogoljubow, Efim",,,0-1,D52,,68,23.33,5.4
WorldChamp1929,1929,WorldChamp,Main,5,World Championship 14th,"Alekhine, Alexander","Bogoljubow, Efim",,,1-0,D17,,95,12.86,20.91
WorldChamp1929,1929,WorldChamp,Main,11,World Championship 14th,"Alekhine, Alexander","Bogoljubow, Efim",,,1/2-1/2,D51,,126,19.64,19.08
WorldChamp1929,1929,WorldChamp,Main,14,World Championship 14th,"Bogoljubow, Efim","Alekhine, Alexander",,,1-0,D30,,141,12.64,35.98
WorldChamp1929,1929,WorldChamp,Main,15,World Championship 14th,"Alekhine, Alexander","Bogoljubow, Efim",,,1/2-1/2,E70,,88,11.55,8.32
WorldChamp1929,1929,WorldChamp,Main,17,World Championship 14th,"Alekhine, Alexander","Bogoljubow, Efim",,,1-0,D70,,67,15.53,47.69
WorldChamp1929,1929,WorldChamp,Main,16,World Championship 14th,"Bogoljubow, Efim","Alekhine, Alexander",,,0-1,D30,,120,23.29,6.91
WorldChamp1929,1929,WorldChamp,Main,20,World Championship 14th,"Bogoljubow, Efim","Alekhine, Alexander",,,1/2-1/2,C79,,95,25.68,22.12
WorldChamp1929,1929,WorldChamp,Main,12,World Championship 14th,"Bogoljubow, Efim","Alekhine, Alexander",,,0-1,D52,,112,18.81,19.19
WorldChamp1929,1929,WorldChamp,Main,18,World Championship 14th,"Bogoljubow, Efim","Alekhine, Alexander",,,1-0,C11,,101,32.15,65.91
WorldChamp1929,1929,WorldChamp,Main,24,World Championship 14th,"Bogoljubow, Efim","Alekhine, Alexander",,,1/2-1/2,C11,,76,12.15,10.74
WorldChamp1929,1929,WorldChamp,Main,22,World Championship 14th,"Bogoljubow, Efim","Alekhine, Alexander",,,0-1,C76,,78,27.03,8.26
WorldChamp1934,1934,WorldChamp,Main,3,World Championship 15th,"Bogoljubow, Efim","Alekhine, Alexander",,,1/2-1/2,D22,,54,14.65,13.87
WorldChamp1929,1929,WorldChamp,Main,23,World Championship 14th,"Alekhine, Alexander","Bogoljubow, Efim",,,1/2-1/2,D46,,165,12.72,14.01
WorldChamp1934,1934,WorldChamp,Main,2,World Championship 15th,"Alekhine, Alexander","Bogoljubow, Efim",,,1-0,D48,,73,5.21,53.84
WorldChamp1929,1929,WorldChamp,Main,25,World Championship 14th,"Alekhine, Alexander","Bogoljubow, Efim",,,1/2-1/2,D30,,110,13.41,12.57
WorldChamp1934,1934,WorldChamp,Main,7,World Championship 15th,"Bogoljubow, Efim","Alekhine, Alexander",,,1/2-1/2,D28,,34,14,12.69
WorldChamp1934,1934,WorldChamp,Main,1,World Championship 15th,"Bogoljubow, Efim","Alekhine, Alexander",,,1/2-1/2,D50,,130,13.69,15.18
WorldChamp1934,1934,WorldChamp,Main,5,World Championship 15th,"Bogoljubow, Efim","Alekhine, Alexander",,,1/2-1/2,D26,,101,9.26,10.17
WorldChamp1929,1929,WorldChamp,Main,21,World Championship 14th,"Alekhine, Alexander","Bogoljubow, Efim",,,1-0,E22,,97,31.51,31.86
WorldChamp1929,1929,WorldChamp,Main,19,World Championship 14th,"Alekhine, Alexander","Bogoljubow, Efim",,,1-0,D51,,153,19.41,23.22
WorldChamp1934,1934,WorldChamp,Main,6,World Championship 15th,"Alekhine, Alexander","Bogoljubow, Efim",,,1/2-1/2,D30,,120,19.2,20.2
WorldChamp1934,1934,WorldChamp,Main,9,World Championship 15th,"Bogoljubow, Efim","Alekhine, Alexander",,,0-1,A44,,92,25.69,13.14
WorldChamp1934,1934,WorldChamp,Main,14,World Championship 15th,"Alekhine, Alexander","Bogoljubow, Efim",,,1/2-1/2,D60,,107,6.44,5.9
WorldChamp1934,1934,WorldChamp,Main,13,World Championship 15th,"Bogoljubow, Efim","Alekhine, Alexander",,,1/2-1/2,A47,,147,11.09,11.09
WorldChamp1927,1927,WorldChamp,Main,11,World Championship 13th,"Capablanca, Jose Raul","Alekhine, Alexander",,,0-1,D52,,132,43.74,25.87
WorldChamp1934,1934,WorldChamp,Main,11,World Championship 15th,"Bogoljubow, Efim","Alekhine, Alexander",,,0-1,A91,,124,29.66,9.28
WorldChamp1934,1934,WorldChamp,Main,4,World Championship 15th,"Alekhine, Alexander","Bogoljubow, Efim",,,1-0,D31,,121,14.04,22.98
WorldChamp1934,1934,WorldChamp,Main,8,World Championship 15th,"Alekhine, Alexander","Bogoljubow, Efim",,,1/2-1/2,E24,,127,17.68,26.54
WorldChamp1934,1934,WorldChamp,Main,18,World Championship 15th,"Alekhine, Alexander","Bogoljubow, Efim",,,1/2-1/2,D05,,56,8.46,9.67
WorldChamp1934,1934,WorldChamp,Main,16,World Championship 15th,"Alekhine, Alexander","Bogoljubow, Efim",,,1-0,C77,,85,12.64,18.92
WorldChamp1934,1934,WorldChamp,Main,10,World Championship 15th,"Alekhine, Alexander","Bogoljubow, Efim",,,0-1,D52,,162,19.12,24.78
WorldChamp1934,1934,WorldChamp,Main,12,World Championship 15th,"Alekhine, Alexander","Bogoljubow, Efim",,,1/2-1/2,D49,,149,17.8,21.99
WorldChamp1934,1934,WorldChamp,Main,15,World Championship 15th,"Bogoljubow, Efim","Alekhine, Alexander",,,1/2-1/2,D21,,139,22.32,22.51
WorldChamp1934,1934,WorldChamp,Main,19,World Championship 15th,"Bogoljubow, Efim","Alekhine, Alexander",,,1/2-1/2,D27,,115,11.39,10.81
WorldChamp1934,1934,WorldChamp,Main,20,World Championship 15th,"Alekhine, Alexander","Bogoljubow, Efim",,,1/2-1/2,D52,,88,13.28,14.3
WorldChamp1934,1934,WorldChamp,Main,22,World Championship 15th,"Alekhine, Alexander","Bogoljubow, Efim",,,1/2-1/2,E35,,83,4.53,3.81
WorldChamp1934,1934,WorldChamp,Main,17,World Championship 15th,"Bogoljubow, Efim","Alekhine, Alexander",,,0-1,D24,,82,13.57,10.03
WorldChamp1934,1934,WorldChamp,Main,26,World Championship 15th,"Alekhine, Alexander","Bogoljubow, Efim",,,1/2-1/2,E67,,47,12.3,15.11
WorldChamp1935,1935,WorldChamp,Main,1,World Championship 16th,"Alekhine, Alexander","Euwe, Max",,,1-0,D17,,59,0.81,30.68
WorldChamp1934,1934,WorldChamp,Main,24,World Championship 15th,"Alekhine, Alexander","Bogoljubow, Efim",,,0-1,D30,,78,25.37,9.03
WorldChamp1935,1935,WorldChamp,Main,5,World Championship 16th,"Alekhine, Alexander","Euwe, Max",,,1/2-1/2,C15,,68,6.57,5.97
WorldChamp1934,1934,WorldChamp,Main,21,World Championship 15th,"Bogoljubow, Efim","Alekhine, Alexander",,,0-1,D30,,126,22.12,17.1
WorldChamp1935,1935,WorldChamp,Main,2,World Championship 16th,"Euwe, Max","Alekhine, Alexander",,,1-0,D81,,89,16.93,26.65
WorldChamp1934,1934,WorldChamp,Main,25,World Championship 15th,"Bogoljubow, Efim","Alekhine, Alexander",,,0-1,D11,,88,32.42,13.6
WorldChamp1935,1935,WorldChamp,Main,3,World Championship 16th,"Alekhine, Alexander","Euwe, Max",,,1-0,C15,,81,23.76,27.39
WorldChamp1935,1935,WorldChamp,Main,6,World Championship 16th,"Euwe, Max","Alekhine, Alexander",,,1/2-1/2,D12,,145,14.2,12.96
WorldChamp1935,1935,WorldChamp,Main,11,World Championship 16th,"Alekhine, Alexander","Euwe, Max",,,1/2-1/2,D12,,60,12.42,12
WorldChamp1935,1935,WorldChamp,Main,7,World Championship 16th,"Alekhine, Alexander","Euwe, Max",,,1-0,C15,,79,20.33,26.17
WorldChamp1935,1935,WorldChamp,Main,9,World Championship 16th,"Alekhine, Alexander","Euwe, Max",,,1-0,C15,,81,21.3,28.81
WorldChamp1935,1935,WorldChamp,Main,10,World Championship 16th,"Euwe, Max","Alekhine, Alexander",,,1-0,D45,,81,9.03,18.97
WorldChamp1935,1935,WorldChamp,Main,16,World Championship 16th,"Euwe, Max","Alekhine, Alexander",,,0-1,D12,,130,23.36,16.75
WorldChamp1935,1935,WorldChamp,Main,18,World Championship 16th,"Euwe, Max","Alekhine, Alexander",,,1/2-1/2,A20,,31,16.83,15.09
WorldChamp1935,1935,WorldChamp,Main,17,World Championship 16th,"Alekhine, Alexander","Euwe, Max",,,1/2-1/2,D04,,45,10.84,5.67
WorldChamp1935,1935,WorldChamp,Main,13,World Championship 16th,"Alekhine, Alexander","Euwe, Max",,,1/2-1/2,C83,,117,19.78,25.44
WorldChamp1935,1935,WorldChamp,Main,15,World Championship 16th,"Alekhine, Alexander","Euwe, Max",,,1/2-1/2,D17,,122,20.58,15.65
WorldChamp1935,1935,WorldChamp,Main,8,World Championship 16th,"Euwe, Max","Alekhine, Alexander",,,1-0,D45,,137,11.69,10.31
WorldChamp1935,1935,WorldChamp,Main,22,World Championship 16th,"Euwe, Max","Alekhine, Alexander",,,1/2-1/2,E33,,35,6.71,8.54
WorldChamp1935,1935,WorldChamp,Main,14,World Championship 16th,"Euwe, Max","Alekhine, Alexander",,,1-0,D82,,81,33.59,39.47
WorldChamp1935,1935,WorldChamp,Main,20,World Championship 16th,"Euwe, Max","Alekhine, Alexander",,,1-0,D17,,81,10.46,14.69
WorldChamp1935,1935,WorldChamp,Main,24,World Championship 16th,"Euwe, Max","Alekhine, Alexander",,,1/2-1/2,A90,,65,13.86,12.54
WorldChamp1935,1935,WorldChamp,Main,12,World Championship 16th,"Euwe, Max","Alekhine, Alexander",,,1-0,D97,,71,7.88,24
WorldChamp1935,1935,WorldChamp,Main,21,World Championship 16th,"Alekhine, Alexander","Euwe, Max",,,0-1,D17,,80,17.25,13.47
WorldChamp1935,1935,WorldChamp,Main,23,World Championship 16th,"Alekhine, Alexander","Euwe, Max",,,1/2-1/2,D15,,115,10.81,15.96
WorldChamp1934,1934,WorldChamp,Main,23,World Championship 15th,"Bogoljubow, Efim","Alekhine, Alexander",,,1-0,D23,,115,28.5,27.09
WorldChamp1935,1935,WorldChamp,Main,29,World Championship 16th,"Alekhine, Alexander","Euwe, Max",,,1/2-1/2,B05,,100,6.17,4.67
WorldChamp1935,1935,WorldChamp,Main,28,World Championship 16th,"Euwe, Max","Alekhine, Alexander",,,1/2-1/2,D66,,125,11.03,13.66
WorldChamp1935,1935,WorldChamp,Main,27,World Championship 16th,"Alekhine, Alexander","Euwe, Max",,,1-0,C27,,81,13,26.94
WorldChamp1935,1935,WorldChamp,Main,26,World Championship 16th,"Euwe, Max","Alekhine, Alexander",,,1-0,E18,,93,12.26,19.26
WorldChamp1935,1935,WorldChamp,Main,25,World Championship 16th,"Alekhine, Alexander","Euwe, Max",,,0-1,D52,,90,14.41,9.24
WorldChamp1935,1935,WorldChamp,Main,19,World Championship 16th,"Alekhine, Alexander","Euwe, Max",,,1-0,D16,,113,9.64,20.54
WorldChamp1937,1937,WorldChamp,Main,4,World Championship 17th,"Alekhine, Alexander","Euwe, Max",,,1/2-1/2,D17,,53,9.04,7.32
WorldChamp1937,1937,WorldChamp,Main,3,World Championship 17th,"Euwe, Max","Alekhine, Alexander",,,1/2-1/2,D46,,120,6.52,8.12
WorldChamp1937,1937,WorldChamp,Main,2,World Championship 17th,"Alekhine, Alexander","Euwe, Max",,,1-0,D17,,81,15.32,24.14
WorldChamp1937,1937,WorldChamp,Main,1,World Championship 17th,"Euwe, Max","Alekhine, Alexander",,,1-0,D17,,99,9.85,14.4
WorldChamp1935,1935,WorldChamp,Main,30,World Championship 16th,"Euwe, Max","Alekhine, Alexander",,,1/2-1/2,D21,,79,15.39,23.54
WorldChamp1937,1937,WorldChamp,Main,8,World Championship 17th,"Alekhine, Alexander","Euwe, Max",,,1-0,E34,,51,5.23,50.57
WorldChamp1937,1937,WorldChamp,Main,6,World Championship 17th,"Alekhine, Alexander","Euwe, Max",,,1-0,D10,,45,31.21,41.5
WorldChamp1937,1937,WorldChamp,Main,12,World Championship 17th,"Alekhine, Alexander","Euwe, Max",,,1/2-1/2,E34,,51,4.05,3.76
WorldChamp1937,1937,WorldChamp,Main,9,World Championship 17th,"Euwe, Max","Alekhine, Alexander",,,1/2-1/2,D18,,81,10.62,12.67
WorldChamp1937,1937,WorldChamp,Main,11,World Championship 17th,"Euwe, Max","Alekhine, Alexander",,,1/2-1/2,D17,,60,12,10.65
WorldChamp1937,1937,WorldChamp,Main,7,World Championship 17th,"Euwe, Max","Alekhine, Alexander",,,0-1,D18,,68,28.7,12.43
WorldChamp1937,1937,WorldChamp,Main,10,World Championship 17th,"Alekhine, Alexander","Euwe, Max",,,1-0,E34,,79,18.39,53
WorldChamp1937,1937,WorldChamp,Main,15,World Championship 17th,"Euwe, Max","Alekhine, Alexander",,,1/2-1/2,D19,,123,4.03,3.33
WorldChamp1937,1937,WorldChamp,Main,16,World Championship 17th,"Alekhine, Alexander","Euwe, Max",,,1/2-1/2,E02,,129,16,15.37
WorldChamp1937,1937,WorldChamp,Main,18,World Championship 17th,"Alekhine, Alexander","Euwe, Max",,,1/2-1/2,D41,,101,7.68,5.93
WorldChamp1937,1937,WorldChamp,Main,13,World Championship 17th,"Euwe, Max","Alekhine, Alexander",,,1-0,D18,,135,12.88,18.35
WorldChamp1937,1937,WorldChamp,Main,5,World Championship 17th,"Euwe, Max","Alekhine, Alexander",,,1-0,D28,,81,15.08,13.39
WorldChamp1937,1937,WorldChamp,Main,20,World Championship 17th,"Alekhine, Alexander","Euwe, Max",,,1/2-1/2,E34,,81,7.3,8.03
WorldChamp1937,1937,WorldChamp,Main,19,World Championship 17th,"Euwe, Max","Alekhine, Alexander",,,1/2-1/2,E21,,97,25.58,16.86
WorldChamp1937,1937,WorldChamp,Main,14,World Championship 17th,"Alekhine, Alexander","Euwe, Max",,,1-0,E02,,103,19.12,24.17
WorldChamp1937,1937,WorldChamp,Main,23,World Championship 17th,"Euwe, Max","Alekhine, Alexander",,,1/2-1/2,E17,,100,16.37,15.8
WorldChamp1937,1937,WorldChamp,Main,17,World Championship 17th,"Euwe, Max","Alekhine, Alexander",,,1-0,D19,,81,7.81,14.06
WorldChamp1937,1937,WorldChamp,Main,21,World Championship 17th,"Euwe, Max","Alekhine, Alexander",,,0-1,E18,,64,25.64,18
WorldChamp1948,1948,WorldChamp,Main,3,World Championship 18th,"Smyslov, Vassily","Reshevsky, Samuel Herman",,,1/2-1/2,C99,,81,8.54,8.81
WorldChamp1948,1948,WorldChamp,Main,4,World Championship 18th,"Keres, Paul","Smyslov, Vassily",,,1-0,D94,,53,15.87,33.18
WorldChamp1948,1948,WorldChamp,Main,5,World Championship 18th,"Botvinnik, Mikhail","Euwe, Max",,,1-0,D46,,63,10.96,23.67
WorldChamp1937,1937,WorldChamp,Main,24,World Championship 17th,"Alekhine, Alexander","Euwe, Max",,,1-0,D41,,81,13.16,18.19
WorldChamp1937,1937,WorldChamp,Main,22,World Championship 17th,"Alekhine, Alexander","Euwe, Max",,,1-0,A09,,123,10.47,20.02
WorldChamp1948,1948,WorldChamp,Main,1,World Championship 18th,"Smyslov, Vassily","Reshevsky, Samuel Herman",,,1-0,C75,,103,10.21,14.4
WorldChamp1937,1937,WorldChamp,Main,25,World Championship 17th,"Euwe, Max","Alekhine, Alexander",,,0-1,E46,,86,33.54,19.95
WorldChamp1948,1948,WorldChamp,Main,6,World Championship 18th,"Reshevsky, Samuel Herman","Keres, Paul",,,1-0,A15,,81,16.24,29.33
WorldChamp1948,1948,WorldChamp,Main,9,World Championship 18th,"Botvinnik, Mikhail","Reshevsky, Samuel Herman",,,1-0,E51,,63,17.43,36.11
WorldChamp1948,1948,WorldChamp,Main,7,World Championship 18th,"Smyslov, Vassily","Botvinnik, Mikhail",,,1/2-1/2,D96,,88,8.8,9.95
WorldChamp1948,1948,WorldChamp,Main,2,World Championship 18th,"Euwe, Max","Keres, Paul",,,0-1,C75,,111,56.79,66.35
WorldChamp1948,1948,WorldChamp,Main,8,World Championship 18th,"Euwe, Max","Smyslov, Vassily",,,0-1,C98,,84,26.63,14.89
WorldChamp1948,1948,WorldChamp,Main,13,World Championship 18th,"Reshevsky, Samuel Herman","Smyslov, Vassily",,,1/2-1/2,D17,,89,8.39,7.08
WorldChamp1948,1948,WorldChamp,Main,12,World Championship 18th,"Keres, Paul","Euwe, Max",,,1/2-1/2,C86,,67,17.37,17.38
WorldChamp1948,1948,WorldChamp,Main,14,World Championship 18th,"Euwe, Max","Botvinnik, Mikhail",,,1/2-1/2,C08,,80,8.11,9.56
WorldChamp1948,1948,WorldChamp,Main,11,World Championship 18th,"Reshevsky, Samuel Herman","Euwe, Max",,,1-0,D46,,82,12.14,19.51
WorldChamp1948,1948,WorldChamp,Main,17,World Championship 18th,"Keres, Paul","Reshevsky, Samuel Herman",,,1/2-1/2,C71,,47,10.5,7.89
WorldChamp1948,1948,WorldChamp,Main,18,World Championship 18th,"Reshevsky, Samuel Herman","Botvinnik, Mikhail",,,1/2-1/2,A91,,66,28.69,26.62
WorldChamp1948,1948,WorldChamp,Main,10,World Championship 18th,"Keres, Paul","Botvinnik, Mikhail",,,0-1,A13,,116,55.35,9.5
WorldChamp1948,1948,WorldChamp,Main,23,World Championship 18th,"Keres, Paul","Smyslov, Vassily",,,1/2-1/2,D99,,84,3.63,3.87
WorldChamp1948,1948,WorldChamp,Main,20,World Championship 18th,"Botvinnik, Mikhail","Keres, Paul",,,1-0,E28,,45,12.26,73.5
WorldChamp1948,1948,WorldChamp,Main,16,World Championship 18th,"Botvinnik, Mikhail","Smyslov, Vassily",,,1/2-1/2,D98,,158,10.99,9.04
WorldChamp1948,1948,WorldChamp,Main,22,World Championship 18th,"Euwe, Max","Keres, Paul",,,0-1,C74,,50,45.95,19.57
WorldChamp1948,1948,WorldChamp,Main,15,World Championship 18th,"Smyslov, Vassily","Keres, Paul",,,0-1,E02,,114,23.43,16.49
WorldChamp1948,1948,WorldChamp,Main,21,World Championship 18th,"Euwe, Max","Reshevsky, Samuel Herman",,,1/2-1/2,C75,,113,21.92,20.31
WorldChamp1948,1948,WorldChamp,Main,29,World Championship 18th,"Reshevsky, Samuel Herman","Euwe, Max",,,1/2-1/2,A13,,52,4.45,4.5
WorldChamp1948,1948,WorldChamp,Main,19,World Championship 18th,"Smyslov, Vassily","Euwe, Max",,,1-0,C90,,139,22.12,41.4
WorldChamp1948,1948,WorldChamp,Main,24,World Championship 18th,"Botvinnik, Mikhail","Euwe, Max",,,1-0,D49,,71,10.06,20.61
WorldChamp1948,1948,WorldChamp,Main,26,World Championship 18th,"Reshevsky, Samuel Herman","Keres, Paul",,,0-1,D45,,126,40.88,8.56
WorldChamp1948,1948,WorldChamp,Main,31,World Championship 18th,"Reshevsky, Samuel Herman","Smyslov, Vassily",,,1/2-1/2,D19,,82,4.68,4.97
WorldChamp1948,1948,WorldChamp,Main,33,World Championship 18th,"Euwe, Max","Botvinnik, Mikhail",,,1/2-1/2,C08,,57,7.92,8.04
WorldChamp1948,1948,WorldChamp,Main,32,World Championship 18th,"Keres, Paul","Euwe, Max",,,1-0,C81,,67,16.1,28.76
WorldChamp1948,1948,WorldChamp,Main,27,World Championship 18th,"Euwe, Max","Smyslov, Vassily",,,1-0,D99,,83,16.11,20.19
WorldChamp1948,1948,WorldChamp,Main,25,World Championship 18th,"Smyslov, Vassily","Botvinnik, Mikhail",,,0-1,B62,,81,24.08,12.92
WorldChamp1948,1948,WorldChamp,Main,28,World Championship 18th,"Botvinnik, Mikhail","Reshevsky, Samuel Herman",,,0-1,E29,,83,33.11,22.14
WorldChamp1948,1948,WorldChamp,Main,34,World Championship 18th,"Smyslov, Vassily","Keres, Paul",,,1-0,D36,,81,13.27,20.78
WorldChamp1948,1948,WorldChamp,Main,30,World Championship 18th,"Keres, Paul","Botvinnik, Mikhail",,,0-1,C08,,144,19.01,14.91
WorldChamp1948,1948,WorldChamp,Main,41,World Championship 18th,"Smyslov, Vassily","Reshevsky, Samuel Herman",,,1/2-1/2,C81,,145,2.67,2.85
WorldChamp1948,1948,WorldChamp,Main,36,World Championship 18th,"Botvinnik, Mikhail","Smyslov, Vassily",,,1/2-1/2,D76,,160,7,7.67
WorldChamp1948,1948,WorldChamp,Main,44,World Championship 18th,"Botvinnik, Mikhail","Euwe, Max",,,1/2-1/2,D35,,28,9.4,8.8
WorldChamp1948,1948,WorldChamp,Main,35,World Championship 18th,"Keres, Paul","Reshevsky, Samuel Herman",,,0-1,C81,,81,15.59,9.06
WorldChamp1948,1948,WorldChamp,Main,39,World Championship 18th,"Euwe, Max","Reshevsky, Samuel Herman",,,0-1,E33,,84,14.05,9.76
WorldChamp1948,1948,WorldChamp,Main,37,World Championship 18th,"Smyslov, Vassily","Euwe, Max",,,1-0,C81,,51,4.45,21.1
WorldChamp1948,1948,WorldChamp,Main,45,World Championship 18th,"Smyslov, Vassily","Botvinnik, Mikhail",,,1/2-1/2,D22,,34,9.38,6.38
WorldChamp1948,1948,WorldChamp,Main,43,World Championship 18th,"Keres, Paul","Smyslov, Vassily",,,1/2-1/2,A16,,97,6.49,4.93
WorldChamp1948,1948,WorldChamp,Main,46,World Championship 18th,"Reshevsky, Samuel Herman","Keres, Paul",,,1/2-1/2,E32,,52,11.55,9.32
WorldChamp1948,1948,WorldChamp,Main,42,World Championship 18th,"Euwe, Max","Keres, Paul",,,0-1,E32,,70,55.65,17.16
WorldChamp1948,1948,WorldChamp,Main,40,World Championship 18th,"Botvinnik, Mikhail","Keres, Paul",,,1-0,D06,,119,12.27,15.65
WorldChamp1951,1951,WorldChamp,Main,1,World Championship 19th,"Botvinnik, Mikhail","Bronstein, David I",,,1/2-1/2,A91,,57,6.12,7.67
WorldChamp1948,1948,WorldChamp,Main,50,World Championship 18th,"Keres, Paul","Botvinnik, Mikhail",,,1-0,C15,,77,10.14,25.21
WorldChamp1948,1948,WorldChamp,Main,47,World Championship 18th,"Euwe, Max","Smyslov, Vassily",,,0-1,D99,,76,18.09,6.47
WorldChamp1935,1935,WorldChamp,Main,4,World Championship 16th,"Euwe, Max","Alekhine, Alexander",,,0-1,D81,,88,26.05,19
WorldChamp1951,1951,WorldChamp,Main,2,World Championship 19th,"Bronstein, David I","Botvinnik, Mikhail",,,1/2-1/2,D87,,97,14.36,12.14
WorldChamp1948,1948,WorldChamp,Main,49,World Championship 18th,"Reshevsky, Samuel Herman","Euwe, Max",,,1-0,D40,,71,17.16,27.45
WorldChamp1951,1951,WorldChamp,Main,4,World Championship 19th,"Bronstein, David I","Botvinnik, Mikhail",,,1/2-1/2,D90,,94,7.56,6.28
WorldChamp1948,1948,WorldChamp,Main,48,World Championship 18th,"Botvinnik, Mikhail","Reshevsky, Samuel Herman",,,1-0,C49,,81,11.78,22.94
WorldChamp1951,1951,WorldChamp,Main,3,World Championship 19th,"Botvinnik, Mikhail","Bronstein, David I",,,1/2-1/2,C08,,126,6.93,8.73
WorldChamp1951,1951,WorldChamp,Main,8,World Championship 19th,"Bronstein, David I","Botvinnik, Mikhail",,,1/2-1/2,D49,,81,2.08,3.28
WorldChamp1951,1951,WorldChamp,Main,5,World Championship 19th,"Botvinnik, Mikhail","Bronstein, David I",,,0-1,E43,,78,47.34,10.34
WorldChamp1951,1951,WorldChamp,Main,6,World Championship 19th,"Bronstein, David I","Botvinnik, Mikhail",,,0-1,B63,,114,15.04,5.85
WorldChamp1951,1951,WorldChamp,Main,13,World Championship 19th,"Botvinnik, Mikhail","Bronstein, David I",,,1/2-1/2,E44,,112,3.46,4.42
WorldChamp1951,1951,WorldChamp,Main,9,World Championship 19th,"Botvinnik, Mikhail","Bronstein, David I",,,1/2-1/2,A91,,82,19.78,15.81
WorldChamp1951,1951,WorldChamp,Main,15,World Championship 19th,"Botvinnik, Mikhail","Bronstein, David I",,,1/2-1/2,C08,,65,22.45,22.79
WorldChamp1948,1948,WorldChamp,Main,38,World Championship 18th,"Reshevsky, Samuel Herman","Botvinnik, Mikhail",,,0-1,C18,,94,32.72,30.79
WorldChamp1951,1951,WorldChamp,Main,10,World Championship 19th,"Bronstein, David I","Botvinnik, Mikhail",,,1/2-1/2,A85,,108,26.12,25.52
WorldChamp1951,1951,WorldChamp,Main,7,World Championship 19th,"Botvinnik, Mikhail","Bronstein, David I",,,1-0,A94,,131,9.06,11.95
WorldChamp1951,1951,WorldChamp,Main,12,World Championship 19th,"Bronstein, David I","Botvinnik, Mikhail",,,0-1,A85,,80,14.81,16.39
WorldChamp1951,1951,WorldChamp,Main,14,World Championship 19th,"Bronstein, David I","Botvinnik, Mikhail",,,1/2-1/2,A08,,131,8.06,7.26
WorldChamp1951,1951,WorldChamp,Main,17,World Championship 19th,"Botvinnik, Mikhail","Bronstein, David I",,,0-1,E45,,70,29.94,9.13
WorldChamp1951,1951,WorldChamp,Main,18,World Championship 19th,"Bronstein, David I","Botvinnik, Mikhail",,,1/2-1/2,D15,,115,11.04,10.66
WorldChamp1951,1951,WorldChamp,Main,20,World Championship 19th,"Bronstein, David I","Botvinnik, Mikhail",,,1/2-1/2,A14,,91,6.62,4.05
WorldChamp1951,1951,WorldChamp,Main,24,World Championship 19th,"Bronstein, David I","Botvinnik, Mikhail",,,1/2-1/2,D44,,43,12,7.94
WorldChamp1951,1951,WorldChamp,Main,19,World Championship 19th,"Botvinnik, Mikhail","Bronstein, David I",,,1-0,D74,,119,14.8,17.24
WorldChamp1951,1951,WorldChamp,Main,23,World Championship 19th,"Botvinnik, Mikhail","Bronstein, David I",,,1-0,D71,,113,9.85,13.08
WorldChamp1954,1954,WorldChamp,Main,2,World Championship 20th,"Botvinnik, Mikhail","Smyslov, Vassily",,,1-0,E45,,59,6.65,17.68
WorldChamp1951,1951,WorldChamp,Main,16,World Championship 19th,"Bronstein, David I","Botvinnik, Mikhail",,,1/2-1/2,A91,,149,15.55,20.57
WorldChamp1954,1954,WorldChamp,Main,3,World Championship 20th,"Smyslov, Vassily","Botvinnik, Mikhail",,,1/2-1/2,C17,,81,11.76,9.97
WorldChamp1951,1951,WorldChamp,Main,22,World Championship 19th,"Bronstein, David I","Botvinnik, Mikhail",,,1-0,A91,,75,6.15,19.85
WorldChamp1954,1954,WorldChamp,Main,5,World Championship 20th,"Smyslov, Vassily","Botvinnik, Mikhail",,,1/2-1/2,D44,,81,4.14,3.72
WorldChamp1954,1954,WorldChamp,Main,6,World Championship 20th,"Botvinnik, Mikhail","Smyslov, Vassily",,,1/2-1/2,D86,,67,7.53,5.76
WorldChamp1954,1954,WorldChamp,Main,1,World Championship 20th,"Smyslov, Vassily","Botvinnik, Mikhail",,,0-1,C17,,116,15.87,8.76
WorldChamp1951,1951,WorldChamp,Main,21,World Championship 19th,"Botvinnik, Mikhail","Bronstein, David I",,,0-1,E69,,128,20.2,17.42
WorldChamp1954,1954,WorldChamp,Main,11,World Championship 20th,"Smyslov, Vassily","Botvinnik, Mikhail",,,1-0,C73,,82,1.97,13.32
WorldChamp1954,1954,WorldChamp,Main,7,World Championship 20th,"Smyslov, Vassily","Botvinnik, Mikhail",,,1-0,C15,,99,6.61,15.36
WorldChamp1954,1954,WorldChamp,Main,10,World Championship 20th,"Botvinnik, Mikhail","Smyslov, Vassily",,,0-1,D22,,74,21.24,10.24
WorldChamp1954,1954,WorldChamp,Main,8,World Championship 20th,"Botvinnik, Mikhail","Smyslov, Vassily",,,1/2-1/2,D06,,100,8.02,6.91
WorldChamp1954,1954,WorldChamp,Main,9,World Championship 20th,"Smyslov, Vassily","Botvinnik, Mikhail",,,1-0,C17,,49,8.52,26.9
WorldChamp1954,1954,WorldChamp,Main,12,World Championship 20th,"Botvinnik, Mikhail","Smyslov, Vassily",,,1-0,D18,,75,3.79,15.27
WorldChamp1954,1954,WorldChamp,Main,17,World Championship 20th,"Smyslov, Vassily","Botvinnik, Mikhail",,,1/2-1/2,A04,,61,8.11,7.77
WorldChamp1954,1954,WorldChamp,Main,15,World Championship 20th,"Smyslov, Vassily","Botvinnik, Mikhail",,,0-1,B25,,72,14.44,4.91
WorldChamp1951,1951,WorldChamp,Main,11,World Championship 19th,"Botvinnik, Mikhail","Bronstein, David I",,,0-1,E17,,78,26.26,10.2
WorldChamp1954,1954,WorldChamp,Main,19,World Championship 20th,"Smyslov, Vassily","Botvinnik, Mikhail",,,1/2-1/2,C15,,89,7.15,7.72
WorldChamp1954,1954,WorldChamp,Main,14,World Championship 20th,"Botvinnik, Mikhail","Smyslov, Vassily",,,0-1,E68,,66,18.14,10.07
WorldChamp1954,1954,WorldChamp,Main,18,World Championship 20th,"Botvinnik, Mikhail","Smyslov, Vassily",,,1/2-1/2,E61,,115,9.24,9.62
WorldChamp1954,1954,WorldChamp,Main,13,World Championship 20th,"Smyslov, Vassily","Botvinnik, Mikhail",,,0-1,B24,,82,22.51,17.84
WorldChamp1954,1954,WorldChamp,Main,22,World Championship 20th,"Botvinnik, Mikhail","Smyslov, Vassily",,,1/2-1/2,D83,,90,7.68,7.73
WorldChamp1954,1954,WorldChamp,Main,21,World Championship 20th,"Smyslov, Vassily","Botvinnik, Mikhail",,,1/2-1/2,C15,,79,14.14,13.23
WorldChamp1954,1954,WorldChamp,Main,24,World Championship 20th,"Botvinnik, Mikhail","Smyslov, Vassily",,,1/2-1/2,E69,,44,5.56,10.94
WorldChamp1954,1954,WorldChamp,Main,23,World Championship 20th,"Smyslov, Vassily","Botvinnik, Mikhail",,,1-0,A04,,55,10.54,23.26
WorldChamp1954,1954,WorldChamp,Main,16,World Championship 20th,"Botvinnik, Mikhail","Smyslov, Vassily",,,1-0,E61,,89,9.85,13.2
WorldChamp1957,1957,WorldChamp,Main,3,World Championship 21th,"Botvinnik, Mikhail","Smyslov, Vassily",,,1/2-1/2,E66,,81,2.95,3.08
WorldChamp1957,1957,WorldChamp,Main,1,World Championship 21th,"Botvinnik, Mikhail","Smyslov, Vassily",,,0-1,A36,,81,13.43,8.25
WorldChamp1957,1957,WorldChamp,Main,2,World Championship 21th,"Smyslov, Vassily","Botvinnik, Mikhail",,,1/2-1/2,B66,,90,7.76,11.05
WorldChamp1957,1957,WorldChamp,Main,7,World Championship 21th,"Botvinnik, Mikhail","Smyslov, Vassily",,,1/2-1/2,E45,,46,1.95,1.42
WorldChamp1954,1954,WorldChamp,Main,4,World Championship 20th,"Botvinnik, Mikhail","Smyslov, Vassily",,,1-0,D22,,121,14.51,19.8
WorldChamp1954,1954,WorldChamp,Main,20,World Championship 20th,"Botvinnik, Mikhail","Smyslov, Vassily",,,0-1,E61,,144,19.68,14.54
WorldChamp1957,1957,WorldChamp,Main,11,World Championship 21th,"Botvinnik, Mikhail","Smyslov, Vassily",,,1/2-1/2,D79,,46,4.53,4.05
WorldChamp1957,1957,WorldChamp,Main,6,World Championship 21th,"Smyslov, Vassily","Botvinnik, Mikhail",,,1-0,D98,,55,8.12,23.57
WorldChamp1957,1957,WorldChamp,Main,9,World Championship 21th,"Botvinnik, Mikhail","Smyslov, Vassily",,,1/2-1/2,E62,,76,66.85,61.94
WorldChamp1957,1957,WorldChamp,Main,5,World Championship 21th,"Botvinnik, Mikhail","Smyslov, Vassily",,,1-0,E62,,107,7.68,14.88
WorldChamp1957,1957,WorldChamp,Main,14,World Championship 21th,"Smyslov, Vassily","Botvinnik, Mikhail",,,1/2-1/2,C18,,91,13.95,7.93
WorldChamp1957,1957,WorldChamp,Main,13,World Championship 21th,"Botvinnik, Mikhail","Smyslov, Vassily",,,1-0,E45,,81,14.89,22.19
WorldChamp1957,1957,WorldChamp,Main,10,World Championship 21th,"Smyslov, Vassily","Botvinnik, Mikhail",,,1/2-1/2,C98,,94,21.44,29.4
WorldChamp1957,1957,WorldChamp,Main,4,World Championship 21th,"Smyslov, Vassily","Botvinnik, Mikhail",,,0-1,B66,,81,26.3,20.64
WorldChamp1957,1957,WorldChamp,Main,19,World Championship 21th,"Botvinnik, Mikhail","Smyslov, Vassily",,,1/2-1/2,A36,,30,3.73,2.73
WorldChamp1957,1957,WorldChamp,Main,21,World Championship 21th,"Botvinnik, Mikhail","Smyslov, Vassily",,,1/2-1/2,D79,,26,10.78,5
WorldChamp1957,1957,WorldChamp,Main,22,World Championship 21th,"Smyslov, Vassily","Botvinnik, Mikhail",,,1/2-1/2,C11,,21,10.29,5.67
WorldChamp1957,1957,WorldChamp,Main,16,World Championship 21th,"Smyslov, Vassily","Botvinnik, Mikhail",,,1/2-1/2,C98,,110,6.71,7.73
WorldChamp1957,1957,WorldChamp,Main,8,World Championship 21th,"Smyslov, Vassily","Botvinnik, Mikhail",,,1-0,B66,,81,8.7,15.67
WorldChamp1957,1957,WorldChamp,Main,15,World Championship 21th,"Botvinnik, Mikhail","Smyslov, Vassily",,,1/2-1/2,E45,,112,20.29,19.15
WorldChamp1957,1957,WorldChamp,Main,18,World Championship 21th,"Smyslov, Vassily","Botvinnik, Mikhail",,,1/2-1/2,C15,,123,9.45,8.75
WorldChamp1958,1958,WorldChamp,Main,7,World Championship 22th,"Smyslov, Vassily","Botvinnik, Mikhail",,,1/2-1/2,B72,,31,18.5,9.09
WorldChamp1957,1957,WorldChamp,Main,20,World Championship 21th,"Smyslov, Vassily","Botvinnik, Mikhail",,,1-0,C18,,83,6.71,10.73
WorldChamp1958,1958,WorldChamp,Main,5,World Championship 22th,"Smyslov, Vassily","Botvinnik, Mikhail",,,1-0,B72,,81,8.3,35.06
WorldChamp1958,1958,WorldChamp,Main,2,World Championship 22th,"Botvinnik, Mikhail","Smyslov, Vassily",,,1-0,E81,,81,22.27,27.31
WorldChamp1957,1957,WorldChamp,Main,17,World Championship 21th,"Botvinnik, Mikhail","Smyslov, Vassily",,,0-1,D73,,138,6.71,3.32
WorldChamp1958,1958,WorldChamp,Main,8,World Championship 22th,"Botvinnik, Mikhail","Smyslov, Vassily",,,1/2-1/2,E69,,81,9.32,8.78
WorldChamp1957,1957,WorldChamp,Main,12,World Championship 21th,"Smyslov, Vassily","Botvinnik, Mikhail",,,1-0,A42,,86,13.77,16.72
WorldChamp1958,1958,WorldChamp,Main,9,World Championship 22th,"Smyslov, Vassily","Botvinnik, Mikhail",,,1/2-1/2,B72,,80,7.61,5.86
WorldChamp1958,1958,WorldChamp,Main,10,World Championship 22th,"Botvinnik, Mikhail","Smyslov, Vassily",,,1/2-1/2,A16,,87,7.72,5.82
WorldChamp1958,1958,WorldChamp,Main,6,World Championship 22th,"Botvinnik, Mikhail","Smyslov, Vassily",,,1-0,E81,,97,11.62,18.52
WorldChamp1958,1958,WorldChamp,Main,11,World Championship 22th,"Smyslov, Vassily","Botvinnik, Mikhail",,,1-0,D99,,47,4.45,24.89
WorldChamp1958,1958,WorldChamp,Main,4,World Championship 22th,"Botvinnik, Mikhail","Smyslov, Vassily",,,1/2-1/2,D98,,163,11.96,17.22
WorldChamp1958,1958,WorldChamp,Main,16,World Championship 22th,"Botvinnik, Mikhail","Smyslov, Vassily",,,1/2-1/2,A16,,72,4.41,4.56
WorldChamp1958,1958,WorldChamp,Main,13,World Championship 22th,"Smyslov, Vassily","Botvinnik, Mikhail",,,1/2-1/2,D47,,81,5.32,4.19
WorldChamp1958,1958,WorldChamp,Main,3,World Championship 22th,"Smyslov, Vassily","Botvinnik, Mikhail",,,0-1,B19,,132,16.48,11.56
WorldChamp1958,1958,WorldChamp,Main,1,World Championship 22th,"Smyslov, Vassily","Botvinnik, Mikhail",,,0-1,B11,,124,18.1,16.28
WorldChamp1958,1958,WorldChamp,Main,12,World Championship 22th,"Botvinnik, Mikhail","Smyslov, Vassily",,,1-0,A12,,81,8.3,16.31
WorldChamp1958,1958,WorldChamp,Main,21,World Championship 22th,"Smyslov, Vassily","Botvinnik, Mikhail",,,1/2-1/2,B34,,45,8.84,3.28
WorldChamp1958,1958,WorldChamp,Main,17,World Championship 22th,"Smyslov, Vassily","Botvinnik, Mikhail",,,1/2-1/2,B10,,98,10.16,11.24
WorldChamp1958,1958,WorldChamp,Main,14,World Championship 22th,"Botvinnik, Mikhail","Smyslov, Vassily",,,1-0,A16,,135,11.94,20.97
WorldChamp1958,1958,WorldChamp,Main,20,World Championship 22th,"Botvinnik, Mikhail","Smyslov, Vassily",,,1/2-1/2,A30,,95,10.43,9
WorldChamp1958,1958,WorldChamp,Main,22,World Championship 22th,"Botvinnik, Mikhail","Smyslov, Vassily",,,0-1,A95,,76,22.03,5.41
WorldChamp1960,1960,WorldChamp,Main,1,World Championship 23th,"Tal, Mihail","Botvinnik, Mikhail",,,1-0,C18,,63,6.5,17.41
WorldChamp1958,1958,WorldChamp,Main,19,World Championship 22th,"Smyslov, Vassily","Botvinnik, Mikhail",,,1-0,B11,,69,13.9,55.23
WorldChamp1960,1960,WorldChamp,Main,3,World Championship 23th,"Tal, Mihail","Botvinnik, Mikhail",,,1/2-1/2,B11,,74,8,7.82
WorldChamp1958,1958,WorldChamp,Main,23,World Championship 22th,"Smyslov, Vassily","Botvinnik, Mikhail",,,1/2-1/2,A05,,81,19.86,19.97
WorldChamp1960,1960,WorldChamp,Main,4,World Championship 23th,"Botvinnik, Mikhail","Tal, Mihail",,,1/2-1/2,E27,,80,10.78,7.17
WorldChamp1960,1960,WorldChamp,Main,2,World Championship 23th,"Botvinnik, Mikhail","Tal, Mihail",,,1/2-1/2,A61,,88,8.12,8.2
WorldChamp1958,1958,WorldChamp,Main,15,World Championship 22th,"Smyslov, Vassily","Botvinnik, Mikhail",,,1-0,B12,,109,15.53,16.78
WorldChamp1958,1958,WorldChamp,Main,18,World Championship 22th,"Botvinnik, Mikhail","Smyslov, Vassily",,,1-0,A16,,147,19.93,20.84
WorldChamp1960,1960,WorldChamp,Main,13,World Championship 23th,"Tal, Mihail","Botvinnik, Mikhail",,,1/2-1/2,A30,,31,5.75,5.27
WorldChamp1960,1960,WorldChamp,Main,5,World Championship 23th,"Tal, Mihail","Botvinnik, Mikhail",,,1/2-1/2,B18,,85,10.64,8.11
WorldChamp1960,1960,WorldChamp,Main,14,World Championship 23th,"Botvinnik, Mikhail","Tal, Mihail",,,1/2-1/2,E24,,44,3.33,3.22
WorldChamp1960,1960,WorldChamp,Main,12,World Championship 23th,"Botvinnik, Mikhail","Tal, Mihail",,,1/2-1/2,D40,,144,11.76,12.12
WorldChamp1960,1960,WorldChamp,Main,10,World Championship 23th,"Botvinnik, Mikhail","Tal, Mihail",,,1/2-1/2,E89,,119,12.96,13.13
WorldChamp1960,1960,WorldChamp,Main,9,World Championship 23th,"Tal, Mihail","Botvinnik, Mikhail",,,0-1,B18,,116,9.28,5.07
WorldChamp1960,1960,WorldChamp,Main,16,World Championship 23th,"Botvinnik, Mikhail","Tal, Mihail",,,1/2-1/2,E24,,81,10.24,7.5
WorldChamp1960,1960,WorldChamp,Main,8,World Championship 23th,"Botvinnik, Mikhail","Tal, Mihail",,,1-0,A60,,81,24.73,27.33
WorldChamp1960,1960,WorldChamp,Main,6,World Championship 23th,"Botvinnik, Mikhail","Tal, Mihail",,,0-1,E69,,92,22.76,25.74
WorldChamp1960,1960,WorldChamp,Main,7,World Championship 23th,"Tal, Mihail","Botvinnik, Mikhail",,,1-0,B18,,103,10.33,35.02
WorldChamp1960,1960,WorldChamp,Main,21,World Championship 23th,"Tal, Mihail","Botvinnik, Mikhail",,,1/2-1/2,E19,,34,4.46,4.77
WorldChamp1960,1960,WorldChamp,Main,15,World Championship 23th,"Tal, Mihail","Botvinnik, Mikhail",,,1/2-1/2,B18,,82,13.03,12.51
WorldChamp1960,1960,WorldChamp,Main,18,World Championship 23th,"Botvinnik, Mikhail","Tal, Mihail",,,1/2-1/2,E24,,152,2.69,3.6
WorldChamp1960,1960,WorldChamp,Main,19,World Championship 23th,"Tal, Mihail","Botvinnik, Mikhail",,,1-0,A87,,82,12.03,19.68
WorldChamp1960,1960,WorldChamp,Main,20,World Championship 23th,"Botvinnik, Mikhail","Tal, Mihail",,,1/2-1/2,E24,,54,10.35,11.91
WorldChamp1961,1961,WorldChamp,Main,1,World Championship 24th,"Botvinnik, Mikhail","Tal, Mihail",,,1-0,E51,,81,4.43,9
WorldChamp1960,1960,WorldChamp,Main,11,World Championship 23th,"Tal, Mihail","Botvinnik, Mikhail",,,1-0,D78,,143,14.46,15.7
WorldChamp1961,1961,WorldChamp,Main,2,World Championship 24th,"Tal, Mihail","Botvinnik, Mikhail",,,1-0,B18,,89,8.12,16.88
WorldChamp1961,1961,WorldChamp,Main,6,World Championship 24th,"Tal, Mihail","Botvinnik, Mikhail",,,1/2-1/2,B12,,50,14.14,10.9
WorldChamp1961,1961,WorldChamp,Main,4,World Championship 24th,"Tal, Mihail","Botvinnik, Mikhail",,,1/2-1/2,B12,,82,19.41,24.84
WorldChamp1961,1961,WorldChamp,Main,3,World Championship 24th,"Botvinnik, Mikhail","Tal, Mihail",,,1-0,E51,,85,9.1,15.5
WorldChamp1961,1961,WorldChamp,Main,5,World Championship 24th,"Botvinnik, Mikhail","Tal, Mihail",,,1/2-1/2,E51,,146,8.01,9.46
WorldChamp1960,1960,WorldChamp,Main,17,World Championship 23th,"Tal, Mihail","Botvinnik, Mikhail",,,1-0,B18,,81,24.3,37.83
WorldChamp1961,1961,WorldChamp,Main,7,World Championship 24th,"Botvinnik, Mikhail","Tal, Mihail",,,1-0,E24,,65,8.03,58.61
WorldChamp1961,1961,WorldChamp,Main,10,World Championship 24th,"Tal, Mihail","Botvinnik, Mikhail",,,0-1,B12,,84,29.5,29.53
WorldChamp1961,1961,WorldChamp,Main,8,World Championship 24th,"Tal, Mihail","Botvinnik, Mikhail",,,1-0,B12,,57,6.8,24.21
WorldChamp1961,1961,WorldChamp,Main,14,World Championship 24th,"Tal, Mihail","Botvinnik, Mikhail",,,1/2-1/2,B12,,65,11,13.21
WorldChamp1961,1961,WorldChamp,Main,11,World Championship 24th,"Botvinnik, Mikhail","Tal, Mihail",,,1-0,D14,,84,21.55,30.18
WorldChamp1961,1961,WorldChamp,Main,9,World Championship 24th,"Botvinnik, Mikhail","Tal, Mihail",,,1-0,A23,,145,13.65,13.93
WorldChamp1961,1961,WorldChamp,Main,18,World Championship 24th,"Tal, Mihail","Botvinnik, Mikhail",,,0-1,B12,,82,22.16,11.32
WorldChamp1961,1961,WorldChamp,Main,13,World Championship 24th,"Botvinnik, Mikhail","Tal, Mihail",,,1-0,E85,,81,11.3,12.58
WorldChamp1963,1963,WorldChamp,Main,2,World Championship 25th,"Botvinnik, Mikhail","Petrosian, Tigran V",,,1/2-1/2,D27,,70,4.39,4.26
WorldChamp1961,1961,WorldChamp,Main,21,World Championship 24th,"Botvinnik, Mikhail","Tal, Mihail",,,1-0,E87,,65,11.86,28.68
WorldChamp1961,1961,WorldChamp,Main,16,World Championship 24th,"Tal, Mihail","Botvinnik, Mikhail",,,1/2-1/2,B12,,180,10.93,8.2
WorldChamp1963,1963,WorldChamp,Main,3,World Championship 25th,"Petrosian, Tigran V","Botvinnik, Mikhail",,,1/2-1/2,E18,,172,3.3,3.9
WorldChamp1963,1963,WorldChamp,Main,1,World Championship 25th,"Petrosian, Tigran V","Botvinnik, Mikhail",,,0-1,E35,,80,24.19,16.61
WorldChamp1961,1961,WorldChamp,Main,15,World Championship 24th,"Botvinnik, Mikhail","Tal, Mihail",,,1-0,E81,,125,19.36,21.14
WorldChamp1963,1963,WorldChamp,Main,4,World Championship 25th,"Botvinnik, Mikhail","Petrosian, Tigran V",,,1/2-1/2,A35,,48,9.05,8.05
WorldChamp1961,1961,WorldChamp,Main,19,World Championship 24th,"Botvinnik, Mikhail","Tal, Mihail",,,0-1,E81,,150,13.73,6.54
WorldChamp1961,1961,WorldChamp,Main,17,World Championship 24th,"Botvinnik, Mikhail","Tal, Mihail",,,0-1,E81,,166,32.7,44.08
WorldChamp1963,1963,WorldChamp,Main,6,World Championship 25th,"Botvinnik, Mikhail","Petrosian, Tigran V",,,1/2-1/2,D27,,54,6.57,6.48
WorldChamp1963,1963,WorldChamp,Main,10,World Championship 25th,"Botvinnik, Mikhail","Petrosian, Tigran V",,,1/2-1/2,D27,,86,1.95,1.44
WorldChamp1963,1963,WorldChamp,Main,8,World Championship 25th,"Botvinnik, Mikhail","Petrosian, Tigran V",,,1/2-1/2,D27,,109,5.45,3.1
WorldChamp1963,1963,WorldChamp,Main,5,World Championship 25th,"Petrosian, Tigran V","Botvinnik, Mikhail",,,1-0,D94,,95,7.77,10.02
WorldChamp1963,1963,WorldChamp,Main,13,World Championship 25th,"Petrosian, Tigran V","Botvinnik, Mikhail",,,1/2-1/2,E18,,107,2.26,1.27
WorldChamp1963,1963,WorldChamp,Main,11,World Championship 25th,"Petrosian, Tigran V","Botvinnik, Mikhail",,,1/2-1/2,D32,,82,8.81,8.97
WorldChamp1963,1963,WorldChamp,Main,9,World Championship 25th,"Petrosian, Tigran V","Botvinnik, Mikhail",,,1/2-1/2,E08,,110,8.24,8.51
WorldChamp1963,1963,WorldChamp,Main,12,World Championship 25th,"Botvinnik, Mikhail","Petrosian, Tigran V",,,1/2-1/2,D31,,105,6.31,5.69
WorldChamp1961,1961,WorldChamp,Main,20,World Championship 24th,"Tal, Mihail","Botvinnik, Mikhail",,,1/2-1/2,B12,,242,22.91,17.6
WorldChamp1963,1963,WorldChamp,Main,21,World Championship 25th,"Petrosian, Tigran V","Botvinnik, Mikhail",,,1/2-1/2,A16,,19,,
WorldChamp1963,1963,WorldChamp,Main,17,World Championship 25th,"Petrosian, Tigran V","Botvinnik, Mikhail",,,1/2-1/2,E14,,78,9.94,9.31
WorldChamp1963,1963,WorldChamp,Main,14,World Championship 25th,"Botvinnik, Mikhail","Petrosian, Tigran V",,,1-0,D31,,113,7.87,15.04
WorldChamp1963,1963,WorldChamp,Main,22,World Championship 25th,"Botvinnik, Mikhail","Petrosian, Tigran V",,,1/2-1/2,D23,,20,6.5,0
WorldChamp1963,1963,WorldChamp,Main,20,World Championship 25th,"Botvinnik, Mikhail","Petrosian, Tigran V",,,1/2-1/2,D27,,42,10.82,3.24
WorldChamp1961,1961,WorldChamp,Main,12,World Championship 24th,"Tal, Mihail","Botvinnik, Mikhail",,,1-0,C18,,81,11,20.81
WorldChamp1963,1963,WorldChamp,Main,7,World Championship 25th,"Petrosian, Tigran V","Botvinnik, Mikhail",,,1-0,A21,,103,12.79,11.32
WorldChamp1963,1963,WorldChamp,Main,16,World Championship 25th,"Botvinnik, Mikhail","Petrosian, Tigran V",,,1/2-1/2,D27,,107,14.36,12.29
WorldChamp1966,1966,WorldChamp,Main,6,World Championship 26th,"Petrosian, Tigran V","Spassky, Boris V",,,1/2-1/2,D41,,30,4.18,5.27
WorldChamp1966,1966,WorldChamp,Main,1,World Championship 26th,"Spassky, Boris V","Petrosian, Tigran V",,,1/2-1/2,B19,,73,5.03,5
WorldChamp1963,1963,WorldChamp,Main,15,World Championship 25th,"Petrosian, Tigran V","Botvinnik, Mikhail",,,1-0,D97,,115,6.63,15.91
WorldChamp1966,1966,WorldChamp,Main,2,World Championship 26th,"Petrosian, Tigran V","Spassky, Boris V",,,1/2-1/2,D59,,100,3.22,2.83
WorldChamp1966,1966,WorldChamp,Main,4,World Championship 26th,"Petrosian, Tigran V","Spassky, Boris V",,,1/2-1/2,E08,,87,5,5.64
WorldChamp1966,1966,WorldChamp,Main,8,World Championship 26th,"Petrosian, Tigran V","Spassky, Boris V",,,1/2-1/2,A33,,46,6.84,5.95
WorldChamp1966,1966,WorldChamp,Main,9,World Championship 26th,"Spassky, Boris V","Petrosian, Tigran V",,,1/2-1/2,D42,,51,7.86,7.19
WorldChamp1963,1963,WorldChamp,Main,19,World Championship 25th,"Petrosian, Tigran V","Botvinnik, Mikhail",,,1-0,E19,,131,21.21,18.56
WorldChamp1966,1966,WorldChamp,Main,3,World Championship 26th,"Spassky, Boris V","Petrosian, Tigran V",,,1/2-1/2,D26,,86,12.82,10.87
WorldChamp1966,1966,WorldChamp,Main,7,World Championship 26th,"Spassky, Boris V","Petrosian, Tigran V",,,0-1,D03,,86,19.26,11.82
WorldChamp1966,1966,WorldChamp,Main,11,World Championship 26th,"Spassky, Boris V","Petrosian, Tigran V",,,1/2-1/2,C10,,51,7.05,3.95
WorldChamp1963,1963,WorldChamp,Main,18,World Championship 25th,"Botvinnik, Mikhail","Petrosian, Tigran V",,,0-1,D31,,122,23.11,17.65
WorldChamp1966,1966,WorldChamp,Main,5,World Championship 26th,"Spassky, Boris V","Petrosian, Tigran V",,,1/2-1/2,B14,,158,9.23,10.49
WorldChamp1966,1966,WorldChamp,Main,10,World Championship 26th,"Petrosian, Tigran V","Spassky, Boris V",,,1-0,E66,,59,10.96,26.16
WorldChamp1966,1966,WorldChamp,Main,17,World Championship 26th,"Spassky, Boris V","Petrosian, Tigran V",,,1/2-1/2,B25,,58,7.36,8
WorldChamp1966,1966,WorldChamp,Main,18,World Championship 26th,"Petrosian, Tigran V","Spassky, Boris V",,,1/2-1/2,E12,,65,19.97,17.32
WorldChamp1966,1966,WorldChamp,Main,21,World Championship 26th,"Spassky, Boris V","Petrosian, Tigran V",,,1/2-1/2,C11,,78,9.11,7.09
WorldChamp1966,1966,WorldChamp,Main,14,World Championship 26th,"Petrosian, Tigran V","Spassky, Boris V",,,1/2-1/2,A05,,113,7.74,8.44
WorldChamp1966,1966,WorldChamp,Main,16,World Championship 26th,"Petrosian, Tigran V","Spassky, Boris V",,,1/2-1/2,B06,,97,11.13,8.95
WorldChamp1966,1966,WorldChamp,Main,15,World Championship 26th,"Spassky, Boris V","Petrosian, Tigran V",,,1/2-1/2,B25,,110,14.27,13.12
WorldChamp1969,1969,WorldChamp,Main,3,World Championship 27th,"Spassky, Boris V","Petrosian, Tigran V",,,1/2-1/2,B36,,86,2.03,0.59
WorldChamp1966,1966,WorldChamp,Main,22,World Championship 26th,"Petrosian, Tigran V","Spassky, Boris V",,,1-0,A40,,70,6.9,19.71
WorldChamp1966,1966,WorldChamp,Main,12,World Championship 26th,"Petrosian, Tigran V","Spassky, Boris V",,,1/2-1/2,A42,,77,23.09,18.79
WorldChamp1966,1966,WorldChamp,Main,19,World Championship 26th,"Spassky, Boris V","Petrosian, Tigran V",,,1-0,C11,,135,7.86,10.89
WorldChamp1969,1969,WorldChamp,Main,2,World Championship 27th,"Petrosian, Tigran V","Spassky, Boris V",,,1/2-1/2,D34,,121,5.67,4.84
WorldChamp1966,1966,WorldChamp,Main,13,World Championship 26th,"Spassky, Boris V","Petrosian, Tigran V",,,1-0,B19,,182,17.9,18.63
WorldChamp1966,1966,WorldChamp,Main,23,World Championship 26th,"Spassky, Boris V","Petrosian, Tigran V",,,1-0,C11,,62,3.74,15.85
WorldChamp1966,1966,WorldChamp,Main,20,World Championship 26th,"Petrosian, Tigran V","Spassky, Boris V",,,1-0,E59,,81,8.05,17.61
WorldChamp1969,1969,WorldChamp,Main,6,World Championship 27th,"Petrosian, Tigran V","Spassky, Boris V",,,1/2-1/2,D56,,94,4.47,3.49
WorldChamp1969,1969,WorldChamp,Main,7,World Championship 27th,"Spassky, Boris V","Petrosian, Tigran V",,,1/2-1/2,D19,,53,10.91,11.36
WorldChamp1969,1969,WorldChamp,Main,1,World Championship 27th,"Spassky, Boris V","Petrosian, Tigran V",,,0-1,B42,,112,23.98,17.79
WorldChamp1969,1969,WorldChamp,Main,5,World Championship 27th,"Spassky, Boris V","Petrosian, Tigran V",,,1-0,D41,,59,15,29.52
WorldChamp1969,1969,WorldChamp,Main,4,World Championship 27th,"Petrosian, Tigran V","Spassky, Boris V",,,0-1,D34,,82,25.46,8.81
WorldChamp1969,1969,WorldChamp,Main,13,World Championship 27th,"Spassky, Boris V","Petrosian, Tigran V",,,1/2-1/2,C42,,49,6.19,3.25
WorldChamp1966,1966,WorldChamp,Main,24,World Championship 26th,"Petrosian, Tigran V","Spassky, Boris V",,,1/2-1/2,E61,,153,10.48,12.33
WorldChamp1969,1969,WorldChamp,Main,15,World Championship 27th,"Spassky, Boris V","Petrosian, Tigran V",,,1/2-1/2,C42,,38,12.47,9.87
WorldChamp1969,1969,WorldChamp,Main,16,World Championship 27th,"Petrosian, Tigran V","Spassky, Boris V",,,1/2-1/2,D34,,62,4.15,4.93
WorldChamp1969,1969,WorldChamp,Main,12,World Championship 27th,"Petrosian, Tigran V","Spassky, Boris V",,,1/2-1/2,D34,,97,9.49,7.98
WorldChamp1969,1969,WorldChamp,Main,10,World Championship 27th,"Petrosian, Tigran V","Spassky, Boris V",,,1-0,E48,,75,6.24,16
WorldChamp1969,1969,WorldChamp,Main,9,World Championship 27th,"Spassky, Boris V","Petrosian, Tigran V",,,1/2-1/2,A56,,130,8.85,7.82
WorldChamp1969,1969,WorldChamp,Main,19,World Championship 27th,"Spassky, Boris V","Petrosian, Tigran V",,,1-0,B94,,47,4.7,27.84
WorldChamp1969,1969,WorldChamp,Main,11,World Championship 27th,"Spassky, Boris V","Petrosian, Tigran V",,,0-1,E12,,111,26.56,7.37
WorldChamp1972,1972,WorldChamp,Main,2,World Championship 28th,"Fischer, Robert James","Spassky, Boris V",2785,2660,0-1,A00,,1,,
WorldChamp1969,1969,WorldChamp,Main,17,World Championship 27th,"Spassky, Boris V","Petrosian, Tigran V",,,1-0,B42,,115,5.46,10.57
WorldChamp1969,1969,WorldChamp,Main,18,World Championship 27th,"Petrosian, Tigran V","Spassky, Boris V",,,1/2-1/2,D34,,117,4.09,3.07
WorldChamp1969,1969,WorldChamp,Main,22,World Championship 27th,"Petrosian, Tigran V","Spassky, Boris V",,,1/2-1/2,D58,,62,8.85,9.3
WorldChamp1969,1969,WorldChamp,Main,14,World Championship 27th,"Petrosian, Tigran V","Spassky, Boris V",,,1/2-1/2,D55,,111,21.75,15.82
WorldChamp1969,1969,WorldChamp,Main,23,World Championship 27th,"Spassky, Boris V","Petrosian, Tigran V",,,1/2-1/2,B48,,81,6.46,12.14
WorldChamp1972,1972,WorldChamp,Main,5,World Championship 28th,"Spassky, Boris V","Fischer, Robert James",2660,2785,0-1,E41,,54,22.65,0.87
WorldChamp1969,1969,WorldChamp,Main,8,World Championship 27th,"Petrosian, Tigran V","Spassky, Boris V",,,0-1,D37,,88,17,4.05
WorldChamp1969,1969,WorldChamp,Main,20,World Championship 27th,"Petrosian, Tigran V","Spassky, Boris V",,,1-0,D55,,99,9.5,11.67
WorldChamp1972,1972,WorldChamp,Main,1,World Championship 28th,"Spassky, Boris V","Fischer, Robert James",2660,2785,1-0,E56,,111,2.46,32.92
WorldChamp1972,1972,WorldChamp,Main,4,World Championship 28th,"Fischer, Robert James","Spassky, Boris V",2785,2660,1/2-1/2,B88,,89,10.37,8.18
WorldChamp1972,1972,WorldChamp,Main,3,World Championship 28th,"Spassky, Boris V","Fischer, Robert James",2660,2785,0-1,A77,,82,24.16,4.81
WorldChamp1972,1972,WorldChamp,Main,9,World Championship 28th,"Spassky, Boris V","Fischer, Robert James",2660,2785,1/2-1/2,D41,,58,4.52,4.88
WorldChamp1972,1972,WorldChamp,Main,6,World Championship 28th,"Fischer, Robert James","Spassky, Boris V",2785,2660,1-0,D59,,81,13.46,33.11
WorldChamp1972,1972,WorldChamp,Main,12,World Championship 28th,"Fischer, Robert James","Spassky, Boris V",2785,2660,1/2-1/2,D66,,110,3.63,3.29
WorldChamp1972,1972,WorldChamp,Main,7,World Championship 28th,"Spassky, Boris V","Fischer, Robert James",2660,2785,1/2-1/2,B97,,97,14.47,11.55
WorldChamp1972,1972,WorldChamp,Main,14,World Championship 28th,"Fischer, Robert James","Spassky, Boris V",2785,2660,1/2-1/2,D37,,80,7.97,6.56
WorldChamp1972,1972,WorldChamp,Main,16,World Championship 28th,"Fischer, Robert James","Spassky, Boris V",2785,2660,1/2-1/2,C69,,120,2.55,2.32
WorldChamp1972,1972,WorldChamp,Main,11,World Championship 28th,"Spassky, Boris V","Fischer, Robert James",2660,2785,1-0,B97,,61,7.78,21.31
WorldChamp1972,1972,WorldChamp,Main,8,World Championship 28th,"Fischer, Robert James","Spassky, Boris V",2785,2660,1-0,A39,,73,8.21,17.62
WorldChamp1969,1969,WorldChamp,Main,21,World Championship 27th,"Spassky, Boris V","Petrosian, Tigran V",,,1-0,C92,,105,22.73,36.56
WorldChamp1972,1972,WorldChamp,Main,19,World Championship 28th,"Spassky, Boris V","Fischer, Robert James",2660,2785,1/2-1/2,B05,,80,4.97,4.11
WorldChamp1978,1978,WorldChamp,Main,1,World Championship 29th,"Kortschnoj, Viktor","Karpov, Anatoly",2665,2725,1/2-1/2,D58,,36,4.93,3.36
WorldChamp1978,1978,WorldChamp,Main,2,World Championship 29th,"Karpov, Anatoly","Kortschnoj, Viktor",2725,2665,1/2-1/2,C82,,57,5.44,4.83
WorldChamp1972,1972,WorldChamp,Main,17,World Championship 28th,"Spassky, Boris V","Fischer, Robert James",2660,2785,1/2-1/2,B09,,89,3.56,5.15
WorldChamp1972,1972,WorldChamp,Main,21,World Championship 28th,"Spassky, Boris V","Fischer, Robert James",2660,2785,0-1,B46,,81,9.76,4.14
WorldChamp1978,1978,WorldChamp,Main,4,World Championship 29th,"Karpov, Anatoly","Kortschnoj, Viktor",2725,2665,1/2-1/2,C82,,37,6.27,4.57
WorldChamp1972,1972,WorldChamp,Main,20,World Championship 28th,"Fischer, Robert James","Spassky, Boris V",2785,2660,1/2-1/2,B68,,108,5.28,4.76
WorldChamp1978,1978,WorldChamp,Main,3,World Championship 29th,"Kortschnoj, Viktor","Karpov, Anatoly",2665,2725,1/2-1/2,E42,,60,7.92,9.23
WorldChamp1972,1972,WorldChamp,Main,10,World Championship 28th,"Fischer, Robert James","Spassky, Boris V",2785,2660,1-0,C95,,111,7,14.49
WorldChamp1978,1978,WorldChamp,Main,6,World Championship 29th,"Karpov, Anatoly","Kortschnoj, Viktor",2725,2665,1/2-1/2,A29,,45,6.21,5.11
WorldChamp1972,1972,WorldChamp,Main,13,World Championship 28th,"Spassky, Boris V","Fischer, Robert James",2660,2785,0-1,B04,,148,19.96,9.7
WorldChamp1972,1972,WorldChamp,Main,15,World Championship 28th,"Spassky, Boris V","Fischer, Robert James",2660,2785,1/2-1/2,B99,,86,18.41,22.77
WorldChamp1972,1972,WorldChamp,Main,18,World Championship 28th,"Fischer, Robert James","Spassky, Boris V",2785,2660,1/2-1/2,B69,,94,15.6,15.19
WorldChamp1978,1978,WorldChamp,Main,10,World Championship 29th,"Karpov, Anatoly","Kortschnoj, Viktor",2725,2665,1/2-1/2,C80,,87,6,6.74
WorldChamp1978,1978,WorldChamp,Main,15,World Championship 29th,"Kortschnoj, Viktor","Karpov, Anatoly",2665,2725,1/2-1/2,E05,,49,3.24,0.55
WorldChamp1978,1978,WorldChamp,Main,12,World Championship 29th,"Karpov, Anatoly","Kortschnoj, Viktor",2725,2665,1/2-1/2,C81,,88,3.2,3.4
WorldChamp1978,1978,WorldChamp,Main,9,World Championship 29th,"Kortschnoj, Viktor","Karpov, Anatoly",2665,2725,1/2-1/2,D37,,82,8.11,9.81
WorldChamp1978,1978,WorldChamp,Main,8,World Championship 29th,"Karpov, Anatoly","Kortschnoj, Viktor",2725,2665,1-0,C80,,55,7.54,67.7
WorldChamp1978,1978,WorldChamp,Main,7,World Championship 29th,"Kortschnoj, Viktor","Karpov, Anatoly",2665,2725,1/2-1/2,E47,,83,20.87,22.84
WorldChamp1978,1978,WorldChamp,Main,16,World Championship 29th,"Karpov, Anatoly","Kortschnoj, Viktor",2725,2665,1/2-1/2,C08,,84,5.71,5.03
WorldChamp1978,1978,WorldChamp,Main,14,World Championship 29th,"Karpov, Anatoly","Kortschnoj, Viktor",2725,2665,1-0,C82,,99,14.33,8.29
WorldChamp1978,1978,WorldChamp,Main,19,World Championship 29th,"Kortschnoj, Viktor","Karpov, Anatoly",2665,2725,1/2-1/2,E06,,77,10.17,9.18
WorldChamp1978,1978,WorldChamp,Main,5,World Championship 29th,"Kortschnoj, Viktor","Karpov, Anatoly",2665,2725,1/2-1/2,E42,,247,13.12,18.44
WorldChamp1978,1978,WorldChamp,Main,17,World Championship 29th,"Kortschnoj, Viktor","Karpov, Anatoly",2665,2725,0-1,E47,,78,54.29,20.37
WorldChamp1978,1978,WorldChamp,Main,11,World Championship 29th,"Kortschnoj, Viktor","Karpov, Anatoly",2665,2725,1-0,B20,,100,12.04,17.7
WorldChamp1978,1978,WorldChamp,Main,18,World Championship 29th,"Karpov, Anatoly","Kortschnoj, Viktor",2725,2665,1/2-1/2,B08,,128,7.85,8.57
WorldChamp1978,1978,WorldChamp,Main,23,World Championship 29th,"Kortschnoj, Viktor","Karpov, Anatoly",2665,2725,1/2-1/2,D37,,83,1.47,2.57
WorldChamp1978,1978,WorldChamp,Main,24,World Championship 29th,"Karpov, Anatoly","Kortschnoj, Viktor",2725,2665,1/2-1/2,C83,,90,8.2,6.95
WorldChamp1978,1978,WorldChamp,Main,26,World Championship 29th,"Karpov, Anatoly","Kortschnoj, Viktor",2725,2665,1/2-1/2,A21,,54,9.04,6.22
WorldChamp1978,1978,WorldChamp,Main,20,World Championship 29th,"Karpov, Anatoly","Kortschnoj, Viktor",2725,2665,1/2-1/2,B15,,126,21.34,15.14
WorldChamp1978,1978,WorldChamp,Main,13,World Championship 29th,"Kortschnoj, Viktor","Karpov, Anatoly",2665,2725,0-1,D53,,122,15.74,9.56
WorldChamp1978,1978,WorldChamp,Main,22,World Championship 29th,"Karpov, Anatoly","Kortschnoj, Viktor",2725,2665,1/2-1/2,C08,,128,10.65,10.4
WorldChamp1978,1978,WorldChamp,Main,21,World Championship 29th,"Kortschnoj, Viktor","Karpov, Anatoly",2665,2725,1-0,D37,,119,9.79,11.78
WorldChamp1978,1978,WorldChamp,Main,27,World Championship 29th,"Kortschnoj, Viktor","Karpov, Anatoly",2665,2725,0-1,A29,,81,21.11,9.78
WorldChamp1978,1978,WorldChamp,Main,30,World Championship 29th,"Karpov, Anatoly","Kortschnoj, Viktor",2725,2665,1/2-1/2,A34,,82,5.35,4.73
WorldChamp1978,1978,WorldChamp,Main,25,World Championship 29th,"Kortschnoj, Viktor","Karpov, Anatoly",2665,2725,1/2-1/2,A22,,160,12.7,13.8
WorldChamp1981,1981,WorldChamp,Main,3,World Championship 30th,"Kortschnoj, Viktor","Karpov, Anatoly",2695,2700,1/2-1/2,D58,,81,3.86,2.61
WorldChamp1981,1981,WorldChamp,Main,5,World Championship 30th,"Kortschnoj, Viktor","Karpov, Anatoly",2695,2700,1/2-1/2,D53,,89,2.02,3.33
WorldChamp1978,1978,WorldChamp,Main,28,World Championship 29th,"Karpov, Anatoly","Kortschnoj, Viktor",2725,2665,0-1,C82,,122,9.91,6.19
WorldChamp1978,1978,WorldChamp,Main,31,World Championship 29th,"Kortschnoj, Viktor","Karpov, Anatoly",2665,2725,1-0,D36,,141,5.9,11.95
WorldChamp1978,1978,WorldChamp,Main,32,World Championship 29th,"Karpov, Anatoly","Kortschnoj, Viktor",2725,2665,1-0,A43,,82,19.41,25.97
WorldChamp1981,1981,WorldChamp,Main,7,World Championship 30th,"Kortschnoj, Viktor","Karpov, Anatoly",2695,2700,1-0,D53,,61,4.96,4.65
WorldChamp1981,1981,WorldChamp,Main,4,World Championship 30th,"Karpov, Anatoly","Kortschnoj, Viktor",2700,2695,1-0,C42,,105,4.92,20.42
WorldChamp1981,1981,WorldChamp,Main,11,World Championship 30th,"Kortschnoj, Viktor","Karpov, Anatoly",2695,2700,1/2-1/2,D37,,70,4.06,2.77
WorldChamp1981,1981,WorldChamp,Main,6,World Championship 30th,"Karpov, Anatoly","Kortschnoj, Viktor",2700,2695,0-1,C82,,82,24.62,9.3
WorldChamp1981,1981,WorldChamp,Main,10,World Championship 30th,"Karpov, Anatoly","Kortschnoj, Viktor",2700,2695,1/2-1/2,C54,,63,8.54,7.22
WorldChamp1981,1981,WorldChamp,Main,2,World Championship 30th,"Karpov, Anatoly","Kortschnoj, Viktor",2700,2695,1-0,C67,,113,11.85,20.75
WorldChamp1981,1981,WorldChamp,Main,8,World Championship 30th,"Karpov, Anatoly","Kortschnoj, Viktor",2700,2695,1/2-1/2,C54,,167,3.19,3.84
WorldChamp1978,1978,WorldChamp,Main,29,World Championship 29th,"Kortschnoj, Viktor","Karpov, Anatoly",2665,2725,1-0,A19,,157,8.41,12.5
WorldChamp1981,1981,WorldChamp,Main,1,World Championship 30th,"Kortschnoj, Viktor","Karpov, Anatoly",2695,2700,0-1,D58,,86,47.15,46.33
WorldChamp1981,1981,WorldChamp,Main,17,World Championship 30th,"Kortschnoj, Viktor","Karpov, Anatoly",2695,2700,1/2-1/2,D53,,46,3.05,3.42
WorldChamp1981,1981,WorldChamp,Main,12,World Championship 30th,"Karpov, Anatoly","Kortschnoj, Viktor",2700,2695,1/2-1/2,A16,,93,8.16,7.55
WorldChamp1981,1981,WorldChamp,Main,15,World Championship 30th,"Kortschnoj, Viktor","Karpov, Anatoly",2695,2700,1/2-1/2,A29,,80,3.92,3.92
WorldChamp1981,1981,WorldChamp,Main,16,World Championship 30th,"Karpov, Anatoly","Kortschnoj, Viktor",2700,2695,1/2-1/2,C80,,84,6.58,7.34
WorldChamp1981,1981,WorldChamp,Main,9,World Championship 30th,"Kortschnoj, Viktor","Karpov, Anatoly",2695,2700,0-1,D53,,86,14.23,4.36
WorldChamp1981,1981,WorldChamp,Main,14,World Championship 30th,"Karpov, Anatoly","Kortschnoj, Viktor",2700,2695,1-0,C80,,91,8.5,16.24
WorldChamp1984,1984,WorldChamp,Main,3,World Championship 31th-KK1,"Karpov, Anatoly","Kasparov, Gary",2705,2715,1-0,B44,,61,6.33,22.35
WorldChamp1981,1981,WorldChamp,Main,13,World Championship 30th,"Kortschnoj, Viktor","Karpov, Anatoly",2695,2700,1-0,D31,,82,27.03,28.54
WorldChamp1984,1984,WorldChamp,Main,5,World Championship 31th-KK1,"Karpov, Anatoly","Kasparov, Gary",2705,2715,1/2-1/2,B85,,42,8.53,7.65
WorldChamp1984,1984,WorldChamp,Main,10,World Championship 31th-KK1,"Kasparov, Gary","Karpov, Anatoly",2715,2705,1/2-1/2,E12,,29,9.91,3.6
WorldChamp1981,1981,WorldChamp,Main,18,World Championship 30th,"Karpov, Anatoly","Kortschnoj, Viktor",2700,2695,1-0,C80,,81,8,11.39
WorldChamp1984,1984,WorldChamp,Main,8,World Championship 31th-KK1,"Kasparov, Gary","Karpov, Anatoly",2715,2705,1/2-1/2,E05,,39,6.81,3.07
WorldChamp1984,1984,WorldChamp,Main,2,World Championship 31th-KK1,"Kasparov, Gary","Karpov, Anatoly",2715,2705,1/2-1/2,E17,,93,19.74,18.52
WorldChamp1984,1984,WorldChamp,Main,1,World Championship 31th-KK1,"Karpov, Anatoly","Kasparov, Gary",2705,2715,1/2-1/2,B81,,72,9.56,8.69
WorldChamp1984,1984,WorldChamp,Main,12,World Championship 31th-KK1,"Kasparov, Gary","Karpov, Anatoly",2715,2705,1/2-1/2,D58,,41,3.65,0.62
WorldChamp1984,1984,WorldChamp,Main,13,World Championship 31th-KK1,"Karpov, Anatoly","Kasparov, Gary",2705,2715,1/2-1/2,A30,,66,1.86,0.9
WorldChamp1984,1984,WorldChamp,Main,14,World Championship 31th-KK1,"Kasparov, Gary","Karpov, Anatoly",2715,2705,1/2-1/2,E15,,31,2.92,3
WorldChamp1984,1984,WorldChamp,Main,4,World Championship 31th-KK1,"Kasparov, Gary","Karpov, Anatoly",2715,2705,1/2-1/2,E15,,88,4.6,4.85
WorldChamp1984,1984,WorldChamp,Main,11,World Championship 31th-KK1,"Karpov, Anatoly","Kasparov, Gary",2705,2715,1/2-1/2,A30,,81,4.46,4.03
WorldChamp1984,1984,WorldChamp,Main,18,World Championship 31th-KK1,"Kasparov, Gary","Karpov, Anatoly",2715,2705,1/2-1/2,E15,,43,4.83,2.06
WorldChamp1984,1984,WorldChamp,Main,7,World Championship 31th-KK1,"Karpov, Anatoly","Kasparov, Gary",2705,2715,1-0,D34,,83,5.05,13.41
WorldChamp1984,1984,WorldChamp,Main,17,World Championship 31th-KK1,"Karpov, Anatoly","Kasparov, Gary",2705,2715,1/2-1/2,D58,,44,3.67,1.89
WorldChamp1984,1984,WorldChamp,Main,20,World Championship 31th-KK1,"Kasparov, Gary","Karpov, Anatoly",2715,2705,1/2-1/2,A30,,29,4.45,1.3
WorldChamp1984,1984,WorldChamp,Main,19,World Championship 31th-KK1,"Karpov, Anatoly","Kasparov, Gary",2705,2715,1/2-1/2,D55,,88,2.17,2
WorldChamp1984,1984,WorldChamp,Main,23,World Championship 31th-KK1,"Karpov, Anatoly","Kasparov, Gary",2705,2715,1/2-1/2,D53,,44,4.33,0.61
WorldChamp1984,1984,WorldChamp,Main,21,World Championship 31th-KK1,"Karpov, Anatoly","Kasparov, Gary",2705,2715,1/2-1/2,D53,,61,4.85,2.73
WorldChamp1984,1984,WorldChamp,Main,24,World Championship 31th-KK1,"Kasparov, Gary","Karpov, Anatoly",2715,2705,1/2-1/2,A33,,33,6.46,7.25
WorldChamp1984,1984,WorldChamp,Main,22,World Championship 31th-KK1,"Kasparov, Gary","Karpov, Anatoly",2715,2705,1/2-1/2,E05,,39,5.69,6.2
WorldChamp1984,1984,WorldChamp,Main,9,World Championship 31th-KK1,"Karpov, Anatoly","Kasparov, Gary",2705,2715,1-0,D34,,139,6.59,12.68
WorldChamp1984,1984,WorldChamp,Main,16,World Championship 31th-KK1,"Kasparov, Gary","Karpov, Anatoly",2715,2705,1/2-1/2,E15,,70,19.26,15.29
WorldChamp1984,1984,WorldChamp,Main,26,World Championship 31th-KK1,"Kasparov, Gary","Karpov, Anatoly",2715,2705,1/2-1/2,A33,,46,5.32,3.42
WorldChamp1984,1984,WorldChamp,Main,25,World Championship 31th-KK1,"Karpov, Anatoly","Kasparov, Gary",2705,2715,1/2-1/2,D58,,42,8.18,13.88
WorldChamp1984,1984,WorldChamp,Main,29,World Championship 31th-KK1,"Karpov, Anatoly","Kasparov, Gary",2705,2715,1/2-1/2,D47,,26,7.11,4
WorldChamp1984,1984,WorldChamp,Main,34,World Championship 31th-KK1,"Kasparov, Gary","Karpov, Anatoly",2715,2705,1/2-1/2,D58,,40,3.12,0.38
WorldChamp1984,1984,WorldChamp,Main,30,World Championship 31th-KK1,"Kasparov, Gary","Karpov, Anatoly",2715,2705,1/2-1/2,C42,,40,4.12,0.62
WorldChamp1984,1984,WorldChamp,Main,15,World Championship 31th-KK1,"Karpov, Anatoly","Kasparov, Gary",2705,2715,1/2-1/2,E15,,186,3.52,3.61
WorldChamp1984,1984,WorldChamp,Main,33,World Championship 31th-KK1,"Karpov, Anatoly","Kasparov, Gary",2705,2715,1/2-1/2,D45,,39,8.31,6.27
WorldChamp1984,1984,WorldChamp,Main,28,World Championship 31th-KK1,"Kasparov, Gary","Karpov, Anatoly",2715,2705,1/2-1/2,C42,,49,6.95,5.65
WorldChamp1984,1984,WorldChamp,Main,35,World Championship 31th-KK1,"Karpov, Anatoly","Kasparov, Gary",2705,2715,1/2-1/2,B64,,34,8.08,3.85
WorldChamp1984,1984,WorldChamp,Main,37,World Championship 31th-KK1,"Karpov, Anatoly","Kasparov, Gary",2705,2715,1/2-1/2,B63,,30,10.82,4.18
WorldChamp1984,1984,WorldChamp,Main,31,World Championship 31th-KK1,"Karpov, Anatoly","Kasparov, Gary",2705,2715,1/2-1/2,D58,,70,4.16,4.77
WorldChamp1984,1984,WorldChamp,Main,38,World Championship 31th-KK1,"Kasparov, Gary","Karpov, Anatoly",2715,2705,1/2-1/2,D58,,50,16.43,13.57
WorldChamp1984,1984,WorldChamp,Main,32,World Championship 31th-KK1,"Kasparov, Gary","Karpov, Anatoly",2715,2705,1-0,E12,,81,13.08,15.69
WorldChamp1984,1984,WorldChamp,Main,36,World Championship 31th-KK1,"Kasparov, Gary","Karpov, Anatoly",2715,2705,1/2-1/2,D58,,81,14.38,14.36
WorldChamp1984,1984,WorldChamp,Main,42,World Championship 31th-KK1,"Kasparov, Gary","Karpov, Anatoly",2715,2705,1/2-1/2,D58,,52,1.91,0.18
WorldChamp1984,1984,WorldChamp,Main,39,World Championship 31th-KK1,"Karpov, Anatoly","Kasparov, Gary",2705,2715,1/2-1/2,D58,,96,1.39,2.41
WorldChamp1984,1984,WorldChamp,Main,6,World Championship 31th-KK1,"Kasparov, Gary","Karpov, Anatoly",2715,2705,0-1,E15,,140,27.5,20.36
WorldChamp1984,1984,WorldChamp,Main,43,World Championship 31th-KK1,"Karpov, Anatoly","Kasparov, Gary",2705,2715,1/2-1/2,B84,,42,7.53,3.71
WorldChamp1984,1984,WorldChamp,Main,40,World Championship 31th-KK1,"Kasparov, Gary","Karpov, Anatoly",2715,2705,1/2-1/2,D58,,140,3.48,4.29
WorldChamp1984,1984,WorldChamp,Main,44,World Championship 31th-KK1,"Kasparov, Gary","Karpov, Anatoly",2715,2705,1/2-1/2,C92,,75,8.26,8.67
WorldChamp1984,1984,WorldChamp,Main,45,World Championship 31th-KK1,"Karpov, Anatoly","Kasparov, Gary",2705,2715,1/2-1/2,B85,,72,6.91,6.66
WorldChamp1984,1984,WorldChamp,Main,41,World Championship 31th-KK1,"Karpov, Anatoly","Kasparov, Gary",2705,2715,1/2-1/2,C42,,141,6.33,6.64
WorldChamp1985,1985,WorldChamp,Main,3,World Championship 32th-KK2,"Kasparov, Gary","Karpov, Anatoly",2700,2720,1/2-1/2,D55,,40,6.62,5.62
WorldChamp1984,1984,WorldChamp,Main,47,World Championship 31th-KK1,"Karpov, Anatoly","Kasparov, Gary",2705,2715,0-1,D52,,64,22.43,2.71
WorldChamp1985,1985,WorldChamp,Main,6,World Championship 32th-KK2,"Karpov, Anatoly","Kasparov, Gary",2720,2700,1/2-1/2,D55,,54,4.13,6.09
WorldChamp1984,1984,WorldChamp,Main,46,World Championship 31th-KK1,"Kasparov, Gary","Karpov, Anatoly",2715,2705,1/2-1/2,C92,,82,18,17.89
WorldChamp1985,1985,WorldChamp,Main,8,World Championship 32th-KK2,"Karpov, Anatoly","Kasparov, Gary",2720,2700,1/2-1/2,D58,,98,0.73,0.84
WorldChamp1985,1985,WorldChamp,Main,2,World Championship 32th-KK2,"Karpov, Anatoly","Kasparov, Gary",2720,2700,1/2-1/2,B85,,129,11.95,11.67
WorldChamp1985,1985,WorldChamp,Main,10,World Championship 32th-KK2,"Karpov, Anatoly","Kasparov, Gary",2720,2700,1/2-1/2,B85,,73,5.12,4.78
WorldChamp1985,1985,WorldChamp,Main,7,World Championship 32th-KK2,"Kasparov, Gary","Karpov, Anatoly",2700,2720,1/2-1/2,E32,,62,10.22,8.19
WorldChamp1985,1985,WorldChamp,Main,1,World Championship 32th-KK2,"Kasparov, Gary","Karpov, Anatoly",2700,2720,1-0,E20,,83,16.82,18.14
WorldChamp1985,1985,WorldChamp,Main,12,World Championship 32th-KK2,"Karpov, Anatoly","Kasparov, Gary",2720,2700,1/2-1/2,B44,,36,8.14,2
WorldChamp1985,1985,WorldChamp,Main,5,World Championship 32th-KK2,"Kasparov, Gary","Karpov, Anatoly",2700,2720,0-1,C92,,82,27.11,23.65
WorldChamp1985,1985,WorldChamp,Main,13,World Championship 32th-KK2,"Kasparov, Gary","Karpov, Anatoly",2700,2720,1/2-1/2,E20,,48,4,1.8
WorldChamp1985,1985,WorldChamp,Main,15,World Championship 32th-KK2,"Kasparov, Gary","Karpov, Anatoly",2700,2720,1/2-1/2,C42,,44,5.67,1.22
WorldChamp1985,1985,WorldChamp,Main,11,World Championship 32th-KK2,"Kasparov, Gary","Karpov, Anatoly",2700,2720,1-0,E21,,49,2.14,34.9
WorldChamp1985,1985,WorldChamp,Main,17,World Championship 32th-KK2,"Kasparov, Gary","Karpov, Anatoly",2700,2720,1/2-1/2,E20,,57,6.2,2.96
WorldChamp1985,1985,WorldChamp,Main,9,World Championship 32th-KK2,"Kasparov, Gary","Karpov, Anatoly",2700,2720,1/2-1/2,C92,,105,5.78,5.98
WorldChamp1985,1985,WorldChamp,Main,14,World Championship 32th-KK2,"Karpov, Anatoly","Kasparov, Gary",2720,2700,1/2-1/2,B54,,64,7.68,5
WorldChamp1984,1984,WorldChamp,Main,48,World Championship 31th-KK1,"Kasparov, Gary","Karpov, Anatoly",2715,2705,1-0,C42,,133,8.63,9.27
WorldChamp1985,1985,WorldChamp,Main,18,World Championship 32th-KK2,"Karpov, Anatoly","Kasparov, Gary",2720,2700,1/2-1/2,B85,,45,12.47,6.78
WorldChamp1985,1985,WorldChamp,Main,20,World Championship 32th-KK2,"Karpov, Anatoly","Kasparov, Gary",2720,2700,1/2-1/2,D35,,170,1.59,2.17
WorldChamp1984,1984,WorldChamp,Main,27,World Championship 31th-KK1,"Karpov, Anatoly","Kasparov, Gary",2705,2715,1-0,D55,,117,13.93,15.35
WorldChamp1986,1986,WorldChamp,Main,1,World Championship 33th-KK3,"Karpov, Anatoly","Kasparov, Gary",2705,2740,1/2-1/2,D92,,41,10,7.62
WorldChamp1985,1985,WorldChamp,Main,22,World Championship 32th-KK2,"Karpov, Anatoly","Kasparov, Gary",2720,2700,1-0,D35,,83,4.58,12.92
WorldChamp1985,1985,WorldChamp,Main,21,World Championship 32th-KK2,"Kasparov, Gary","Karpov, Anatoly",2700,2720,1/2-1/2,D31,,88,5.12,5.7
WorldChamp1985,1985,WorldChamp,Main,23,World Championship 32th-KK2,"Kasparov, Gary","Karpov, Anatoly",2700,2720,1/2-1/2,D55,,81,5.54,6.19
WorldChamp1985,1985,WorldChamp,Main,16,World Championship 32th-KK2,"Karpov, Anatoly","Kasparov, Gary",2720,2700,0-1,B44,,80,44.58,4.89
WorldChamp1986,1986,WorldChamp,Main,3,World Championship 33th-KK3,"Karpov, Anatoly","Kasparov, Gary",2705,2740,1/2-1/2,D79,,69,3.45,4.03
WorldChamp1986,1986,WorldChamp,Main,2,World Championship 33th-KK3,"Kasparov, Gary","Karpov, Anatoly",2740,2705,1/2-1/2,E20,,104,10.69,11.23
WorldChamp1985,1985,WorldChamp,Main,19,World Championship 32th-KK2,"Kasparov, Gary","Karpov, Anatoly",2700,2720,1-0,E21,,83,10.42,14.51
WorldChamp1986,1986,WorldChamp,Main,9,World Championship 33th-KK3,"Karpov, Anatoly","Kasparov, Gary",2705,2740,1/2-1/2,D93,,40,2.81,0.62
WorldChamp1986,1986,WorldChamp,Main,6,World Championship 33th-KK3,"Kasparov, Gary","Karpov, Anatoly",2740,2705,1/2-1/2,C42,,83,4.53,3.22
WorldChamp1986,1986,WorldChamp,Main,4,World Championship 33th-KK3,"Kasparov, Gary","Karpov, Anatoly",2740,2705,1-0,E20,,80,11.69,15.42
WorldChamp1986,1986,WorldChamp,Main,5,World Championship 33th-KK3,"Karpov, Anatoly","Kasparov, Gary",2705,2740,1-0,D82,,63,6.75,19.67
WorldChamp1985,1985,WorldChamp,Main,24,World Championship 32th-KK2,"Karpov, Anatoly","Kasparov, Gary",2720,2700,0-1,B85,,84,40.61,20.26
WorldChamp1986,1986,WorldChamp,Main,7,World Championship 33th-KK3,"Karpov, Anatoly","Kasparov, Gary",2705,2740,1/2-1/2,D31,,81,13.19,11.5
WorldChamp1986,1986,WorldChamp,Main,8,World Championship 33th-KK3,"Kasparov, Gary","Karpov, Anatoly",2740,2705,1-0,D35,,61,10.33,24.38
WorldChamp1986,1986,WorldChamp,Main,10,World Championship 33th-KK3,"Kasparov, Gary","Karpov, Anatoly",2740,2705,1/2-1/2,D55,,86,2.97,4.33
WorldChamp1986,1986,WorldChamp,Main,11,World Championship 33th-KK3,"Karpov, Anatoly","Kasparov, Gary",2705,2740,1/2-1/2,D93,,81,5.62,6.33
WorldChamp1986,1986,WorldChamp,Main,12,World Championship 33th-KK3,"Kasparov, Gary","Karpov, Anatoly",2740,2705,1/2-1/2,D55,,67,3.33,1.48
WorldChamp1986,1986,WorldChamp,Main,15,World Championship 33th-KK3,"Karpov, Anatoly","Kasparov, Gary",2705,2740,1/2-1/2,D98,,58,4.52,4.16
WorldChamp1986,1986,WorldChamp,Main,20,World Championship 33th-KK3,"Kasparov, Gary","Karpov, Anatoly",2740,2705,1/2-1/2,E05,,42,3.29,2.76
WorldChamp1986,1986,WorldChamp,Main,13,World Championship 33th-KK3,"Karpov, Anatoly","Kasparov, Gary",2705,2740,1/2-1/2,D79,,80,14.22,12.17
WorldChamp1986,1986,WorldChamp,Main,17,World Championship 33th-KK3,"Karpov, Anatoly","Kasparov, Gary",2705,2740,1-0,D98,,61,6.81,20.58
WorldChamp1986,1986,WorldChamp,Main,21,World Championship 33th-KK3,"Karpov, Anatoly","Kasparov, Gary",2705,2740,1/2-1/2,E15,,90,4.56,2.9
WorldChamp1986,1986,WorldChamp,Main,14,World Championship 33th-KK3,"Kasparov, Gary","Karpov, Anatoly",2740,2705,1-0,C92,,81,1.54,5
WorldChamp1986,1986,WorldChamp,Main,24,World Championship 33th-KK3,"Kasparov, Gary","Karpov, Anatoly",2740,2705,1/2-1/2,E16,,81,2.84,2.28
WorldChamp1987,1987,WorldChamp,Main,1,World Championship 34th-KK4,"Karpov, Anatoly","Kasparov, Gary",2700,2740,1/2-1/2,D79,,59,5.58,3.76
WorldChamp1986,1986,WorldChamp,Main,23,World Championship 33th-KK3,"Karpov, Anatoly","Kasparov, Gary",2705,2740,1/2-1/2,A30,,64,7.32,5.57
WorldChamp1986,1986,WorldChamp,Main,19,World Championship 33th-KK3,"Karpov, Anatoly","Kasparov, Gary",2705,2740,1-0,D97,,80,11.25,9.5
WorldChamp1987,1987,WorldChamp,Main,3,World Championship 34th-KK4,"Karpov, Anatoly","Kasparov, Gary",2700,2740,1/2-1/2,D79,,58,7.88,5.12
WorldChamp1987,1987,WorldChamp,Main,6,World Championship 34th-KK4,"Kasparov, Gary","Karpov, Anatoly",2740,2700,1/2-1/2,A25,,55,4.42,5.87
WorldChamp1987,1987,WorldChamp,Main,5,World Championship 34th-KK4,"Karpov, Anatoly","Kasparov, Gary",2700,2740,1-0,D87,,75,10.82,34.48
WorldChamp1985,1985,WorldChamp,Main,4,World Championship 32th-KK2,"Karpov, Anatoly","Kasparov, Gary",2720,2700,1-0,D55,,125,22.14,13.17
WorldChamp1986,1986,WorldChamp,Main,16,World Championship 33th-KK3,"Kasparov, Gary","Karpov, Anatoly",2740,2705,1-0,C92,,81,4.38,21.17
WorldChamp1987,1987,WorldChamp,Main,4,World Championship 34th-KK4,"Kasparov, Gary","Karpov, Anatoly",2740,2700,1-0,A29,,81,18.38,26.39
WorldChamp1986,1986,WorldChamp,Main,22,World Championship 33th-KK3,"Kasparov, Gary","Karpov, Anatoly",2740,2705,1-0,D55,,91,4.93,15.17
WorldChamp1986,1986,WorldChamp,Main,18,World Championship 33th-KK3,"Kasparov, Gary","Karpov, Anatoly",2740,2705,0-1,E13,,116,42.3,19.7
WorldChamp1987,1987,WorldChamp,Main,2,World Championship 34th-KK4,"Kasparov, Gary","Karpov, Anatoly",2740,2700,0-1,A29,,64,37.54,18.82
WorldChamp1987,1987,WorldChamp,Main,10,World Championship 34th-KK4,"Kasparov, Gary","Karpov, Anatoly",2740,2700,1/2-1/2,B17,,39,11.94,9.6
WorldChamp1987,1987,WorldChamp,Main,9,World Championship 34th-KK4,"Karpov, Anatoly","Kasparov, Gary",2700,2740,1/2-1/2,D88,,140,0.41,1.62
WorldChamp1987,1987,WorldChamp,Main,14,World Championship 34th-KK4,"Kasparov, Gary","Karpov, Anatoly",2740,2700,1/2-1/2,B17,,41,2.71,4.5
WorldChamp1987,1987,WorldChamp,Main,12,World Championship 34th-KK4,"Kasparov, Gary","Karpov, Anatoly",2740,2700,1/2-1/2,D31,,41,5.35,4
WorldChamp1987,1987,WorldChamp,Main,7,World Championship 34th-KK4,"Karpov, Anatoly","Kasparov, Gary",2700,2740,1/2-1/2,D87,,158,8.84,8.44
WorldChamp1987,1987,WorldChamp,Main,13,World Championship 34th-KK4,"Karpov, Anatoly","Kasparov, Gary",2700,2740,1/2-1/2,D85,,72,6.16,3.81
WorldChamp1987,1987,WorldChamp,Main,18,World Championship 34th-KK4,"Kasparov, Gary","Karpov, Anatoly",2740,2700,1/2-1/2,D58,,80,2,2.39
WorldChamp1987,1987,WorldChamp,Main,17,World Championship 34th-KK4,"Karpov, Anatoly","Kasparov, Gary",2700,2740,1/2-1/2,E97,,92,3.57,3.26
WorldChamp1987,1987,WorldChamp,Main,22,World Championship 34th-KK4,"Kasparov, Gary","Karpov, Anatoly",2740,2700,1/2-1/2,D37,,37,2,1.5
WorldChamp1987,1987,WorldChamp,Main,15,World Championship 34th-KK4,"Karpov, Anatoly","Kasparov, Gary",2700,2740,1/2-1/2,D97,,85,7,6.08
WorldChamp1987,1987,WorldChamp,Main,19,World Championship 34th-KK4,"Karpov, Anatoly","Kasparov, Gary",2700,2740,1/2-1/2,D58,,120,2.29,4.64
WorldChamp1987,1987,WorldChamp,Main,16,World Championship 34th-KK4,"Kasparov, Gary","Karpov, Anatoly",2740,2700,0-1,A29,,81,15.16,9.94
WorldChamp1987,1987,WorldChamp,Main,20,World Championship 34th-KK4,"Kasparov, Gary","Karpov, Anatoly",2740,2700,1/2-1/2,D53,,74,7.27,8.18
WorldChamp1987,1987,WorldChamp,Main,11,World Championship 34th-KK4,"Karpov, Anatoly","Kasparov, Gary",2700,2740,0-1,D87,,100,18.04,6.91
WorldChamp1987,1987,WorldChamp,Main,21,World Championship 34th-KK4,"Karpov, Anatoly","Kasparov, Gary",2700,2740,1/2-1/2,D97,,56,6.58,4.71
WorldChamp1990,1990,WorldChamp,Main,1,World Championship 35th-KK5,"Karpov, Anatoly","Kasparov, Gary",2730,2800,1/2-1/2,E81,,60,7.31,5.42
WorldChamp1990,1990,WorldChamp,Main,4,World Championship 35th-KK5,"Kasparov, Gary","Karpov, Anatoly",2800,2730,1/2-1/2,C92,,80,8.19,4.53
WorldChamp1990,1990,WorldChamp,Main,5,World Championship 35th-KK5,"Karpov, Anatoly","Kasparov, Gary",2730,2800,1/2-1/2,E94,,71,7.94,6.06
WorldChamp1987,1987,WorldChamp,Main,8,World Championship 34th-KK4,"Kasparov, Gary","Karpov, Anatoly",2740,2700,1-0,A21,,99,5.67,10.69
WorldChamp1990,1990,WorldChamp,Main,6,World Championship 35th-KK5,"Kasparov, Gary","Karpov, Anatoly",2800,2730,1/2-1/2,C92,,82,6.19,6.49
WorldChamp1990,1990,WorldChamp,Main,3,World Championship 35th-KK5,"Karpov, Anatoly","Kasparov, Gary",2730,2800,1/2-1/2,E92,,105,11.82,9.98
WorldChamp1990,1990,WorldChamp,Main,10,World Championship 35th-KK5,"Kasparov, Gary","Karpov, Anatoly",2800,2730,1/2-1/2,C43,,35,7.43,2.08
WorldChamp1987,1987,WorldChamp,Main,24,World Championship 34th-KK4,"Kasparov, Gary","Karpov, Anatoly",2740,2700,1-0,A14,,127,11.98,17.9
WorldChamp1990,1990,WorldChamp,Main,11,World Championship 35th-KK5,"Karpov, Anatoly","Kasparov, Gary",2730,2800,1/2-1/2,E92,,48,8.5,6.55
WorldChamp1990,1990,WorldChamp,Main,9,World Championship 35th-KK5,"Karpov, Anatoly","Kasparov, Gary",2730,2800,1/2-1/2,D85,,67,9.73,12.21
WorldChamp1990,1990,WorldChamp,Main,13,World Championship 35th-KK5,"Karpov, Anatoly","Kasparov, Gary",2730,2800,1/2-1/2,D85,,83,4.97,5.65
WorldChamp1990,1990,WorldChamp,Main,7,World Championship 35th-KK5,"Karpov, Anatoly","Kasparov, Gary",2730,2800,1-0,E94,,87,8.25,13.08
WorldChamp1987,1987,WorldChamp,Main,23,World Championship 34th-KK4,"Karpov, Anatoly","Kasparov, Gary",2700,2740,1-0,A34,,114,8.79,14.26
WorldChamp1990,1990,WorldChamp,Main,12,World Championship 35th-KK5,"Kasparov, Gary","Karpov, Anatoly",2800,2730,1/2-1/2,C92,,73,12.67,11.19
WorldChamp1990,1990,WorldChamp,Main,8,World Championship 35th-KK5,"Kasparov, Gary","Karpov, Anatoly",2800,2730,1/2-1/2,C92,,167,7.61,6.32
WorldChamp1990,1990,WorldChamp,Main,14,World Championship 35th-KK5,"Kasparov, Gary","Karpov, Anatoly",2800,2730,1/2-1/2,C45,,80,5.5,4.58
WorldChamp1990,1990,WorldChamp,Main,15,World Championship 35th-KK5,"Karpov, Anatoly","Kasparov, Gary",2730,2800,1/2-1/2,D85,,66,7.69,6.34
WorldChamp1990,1990,WorldChamp,Main,22,World Championship 35th-KK5,"Kasparov, Gary","Karpov, Anatoly",2800,2730,1/2-1/2,C92,,85,7.1,6.5
WorldChamp1990,1990,WorldChamp,Main,19,World Championship 35th-KK5,"Karpov, Anatoly","Kasparov, Gary",2730,2800,1/2-1/2,E92,,78,18.74,11.57
WorldChamp1990,1990,WorldChamp,Main,24,World Championship 35th-KK5,"Kasparov, Gary","Karpov, Anatoly",2800,2730,1/2-1/2,A17,,71,10.22,14.81
WorldChamp1990,1990,WorldChamp,Main,23,World Championship 35th-KK5,"Karpov, Anatoly","Kasparov, Gary",2730,2800,1-0,E87,,57,9.76,22.83
WorldChamp1990,1990,WorldChamp,Main,17,World Championship 35th-KK5,"Karpov, Anatoly","Kasparov, Gary",2730,2800,1-0,D85,,79,10.17,13.06
WorldChamp1990,1990,WorldChamp,Main,2,World Championship 35th-KK5,"Kasparov, Gary","Karpov, Anatoly",2800,2730,1-0,C92,,87,15.75,14.15
WorldChamp1990,1990,WorldChamp,Main,21,World Championship 35th-KK5,"Karpov, Anatoly","Kasparov, Gary",2730,2800,1/2-1/2,E87,,172,5.54,4.82
WorldChamp2000,2000,WorldChamp,Classical_KO,1,Braingames WCC,"Kasparov,G","Kramnik,V",2849,2770,1/2-1/2,C67,,50,8.43,6.67
WorldChamp2000,2000,WorldChamp,Classical_KO,7,Braingames WCC,"Kasparov,G","Kramnik,V",2849,2770,1/2-1/2,A32,,21,4.86,0.83
WorldChamp2000,2000,WorldChamp,Classical_KO,5,Braingames WCC,"Kasparov,G","Kramnik,V",2849,2770,1/2-1/2,A34,,48,7.5,10.55
WorldChamp2000,2000,WorldChamp,Classical_KO,2,Braingames WCC,"Kramnik,V","Kasparov,G",2770,2849,1-0,D85,,79,6.31,17.14
WorldChamp1990,1990,WorldChamp,Main,20,World Championship 35th-KK5,"Kasparov, Gary","Karpov, Anatoly",2800,2730,1-0,C92,,81,61.57,45.86
WorldChamp2000,2000,WorldChamp,Classical_KO,8,Braingames WCC,"Kramnik,V","Kasparov,G",2770,2849,1/2-1/2,E32,,75,2.59,1.3
WorldChamp2000,2000,WorldChamp,Classical_KO,3,Braingames WCC,"Kasparov,G","Kramnik,V",2849,2770,1/2-1/2,C67,,106,5.86,4.94
WorldChamp2000,2000,WorldChamp,Classical_KO,9,Braingames WCC,"Kasparov,G","Kramnik,V",2849,2770,1/2-1/2,C67,,60,2.35,2.15
WorldChamp2000,2000,WorldChamp,Classical_KO,13,Braingames WCC,"Kasparov,G","Kramnik,V",2849,2770,1/2-1/2,C67,,27,8.9,1
WorldChamp2000,2000,WorldChamp,Classical_KO,11,Braingames WCC,"Kasparov,G","Kramnik,V",2849,2770,1/2-1/2,C78,,82,3.11,2.95
WorldChamp1990,1990,WorldChamp,Main,16,World Championship 35th-KK5,"Kasparov, Gary","Karpov, Anatoly",2800,2730,1-0,C45,,203,10.02,20.75
WorldChamp2000,2000,WorldChamp,Classical_KO,10,Braingames WCC,"Kramnik,V","Kasparov,G",2770,2849,1-0,E54,,49,1.05,25.6
WorldChamp2004,2004,WorldChamp,Classical_KO,2,WCh,"Kramnik,V","Leko,P",2770,2741,1/2-1/2,C88,,35,6.14,5.46
WorldChamp2000,2000,WorldChamp,Classical_KO,14,Braingames WCC,"Kramnik,V","Kasparov,G",2770,2849,1/2-1/2,A30,,114,6.26,5.32
WorldChamp2004,2004,WorldChamp,Classical_KO,3,WCh,"Leko,P","Kramnik,V",2741,2770,1/2-1/2,C42,,46,2.58,1.84
WorldChamp2000,2000,WorldChamp,Classical_KO,12,Braingames WCC,"Kramnik,V","Kasparov,G",2770,2849,1/2-1/2,E55,,66,9.41,8.97
WorldChamp2000,2000,WorldChamp,Classical_KO,15,Braingames WCC,"Kasparov,G","Kramnik,V",2849,2770,1/2-1/2,E05,,76,4.85,4.71
WorldChamp2000,2000,WorldChamp,Classical_KO,6,Braingames WCC,"Kramnik,V","Kasparov,G",2770,2849,1/2-1/2,D27,,131,12.26,9.98
WorldChamp2004,2004,WorldChamp,Classical_KO,4,WCh,"Kramnik,V","Leko,P",2770,2741,1/2-1/2,C88,,86,5.44,4.49
WorldChamp2004,2004,WorldChamp,Classical_KO,6,WCh,"Kramnik,V","Leko,P",2770,2741,1/2-1/2,C88,,40,4.12,2.94
WorldChamp2004,2004,WorldChamp,Classical_KO,7,WCh,"Leko,P","Kramnik,V",2741,2770,1/2-1/2,D16,,41,3.76,2.38
WorldChamp2000,2000,WorldChamp,Classical_KO,4,Braingames WCC,"Kramnik,V","Kasparov,G",2770,2849,1/2-1/2,D27,,147,15.5,12.71
WorldChamp2004,2004,WorldChamp,Classical_KO,9,WCh,"Leko,P","Kramnik,V",2741,2770,1/2-1/2,E15,,32,5.08,4.08
WorldChamp2004,2004,WorldChamp,Classical_KO,11,WCh,"Leko,P","Kramnik,V",2741,2770,1/2-1/2,E15,,34,3.54,2.62
WorldChamp2004,2004,WorldChamp,Classical_KO,1,WCh,"Leko,P","Kramnik,V",2741,2770,0-1,C42,,130,18.51,3.16
WorldChamp2004,2004,WorldChamp,Classical_KO,8,WCh,"Kramnik,V","Leko,P",2770,2741,0-1,C89,,64,15.89,3.64
WorldChamp2004,2004,WorldChamp,Classical_KO,10,WCh,"Kramnik,V","Leko,P",2770,2741,1/2-1/2,C78,,69,12.84,10.8
WorldChamp2006,2006,WorldChamp,Main,5,WCh,"Kramnik,V","Topalov,V",2743,2813,0-1,,,0,,
WorldChamp1990,1990,WorldChamp,Main,18,World Championship 35th-KK5,"Kasparov, Gary","Karpov, Anatoly",2800,2730,1-0,C92,,113,11.19,12.94
WorldChamp2004,2004,WorldChamp,Classical_KO,5,WCh,"Leko,P","Kramnik,V",2741,2770,1-0,D37,,137,4.49,11.72
WorldChamp2004,2004,WorldChamp,Classical_KO,12,WCh,"Kramnik,V","Leko,P",2770,2741,1/2-1/2,B19,,68,5.4,5.5
WorldChamp2004,2004,WorldChamp,Classical_KO,13,WCh,"Leko,P","Kramnik,V",2741,2770,1/2-1/2,A73,,129,7.56,7.15
WorldChamp2006,2006,WorldChamp,Main,6,WCh,"Topalov,V","Kramnik,V",2813,2743,1/2-1/2,D17,,61,3.74,1.08
WorldChamp2006,2006,WorldChamp,Main,3,WCh,"Kramnik,V","Topalov,V",2743,2813,1/2-1/2,E02,,76,9.65,11.26
WorldChamp2006,2006,WorldChamp,Main,4,WCh,"Topalov,V","Kramnik,V",2813,2743,1/2-1/2,D47,,107,5.1,5.49
WorldChamp2004,2004,WorldChamp,Classical_KO,14,WCh,"Kramnik,V","Leko,P",2770,2741,1-0,B12,,81,1.57,16.72
WorldChamp2006,2006,WorldChamp,Main,1,WCh,"Kramnik,V","Topalov,V",2743,2813,1-0,E04,,149,6.03,9.6
WorldChamp2006,2006,WorldChamp,Main,7,WCh,"Topalov,V","Kramnik,V",2813,2743,1/2-1/2,D27,,119,3.2,3.55
WorldChamp2006,2006,WorldChamp,Main,12,WCh,"Kramnik,V","Topalov,V",2743,2813,1/2-1/2,D12,,94,1.77,1.81
WorldChamp2006,2006,WorldChamp,Main,11,WCh,"Topalov,V","Kramnik,V",2813,2743,1/2-1/2,D12,,131,3.98,2.56
WorldChamp2006,2006,WorldChamp,Main,8,WCh,"Kramnik,V","Topalov,V",2743,2813,0-1,D47,,104,40.04,8.65
WorldChamp2006,2006,WorldChamp,Main,9,WCh,"Topalov,V","Kramnik,V",2813,2743,1-0,D12,,77,13.69,21
WorldChamp2006,2006,WorldChamp,Main,2,WCh,"Topalov,V","Kramnik,V",2813,2743,0-1,D19,,126,32.2,24.97
WorldChamp2007,2007,WorldChamp,Main,1,WCh,"Kramnik,V","Svidler,P",2769,2735,1/2-1/2,D43,,45,4.21,7.33
WorldChamp2006,2006,WorldChamp,Main,13,WCh Playoffs,"Topalov,V","Kramnik,V",2813,2743,1/2-1/2,D18,,93,14.12,11.55
WorldChamp2007,2007,WorldChamp,Main,2,WCh,"Morozevich,A","Aronian,L",2758,2750,1/2-1/2,E12,,50,13.76,12.24
WorldChamp2007,2007,WorldChamp,Main,3,WCh,"Anand,V","Gelfand,B",2792,2733,1/2-1/2,C42,,44,19.06,12.94
WorldChamp2006,2006,WorldChamp,Main,10,WCh,"Kramnik,V","Topalov,V",2743,2813,1-0,E08,,85,6.08,15.03
WorldChamp2007,2007,WorldChamp,Main,6,WCh,"Gelfand,B","Grischuk,A",2733,2726,1/2-1/2,E15,,45,5,3.89
WorldChamp2006,2006,WorldChamp,Main,16,WCh Playoffs,"Kramnik,V","Topalov,V",2743,2813,1-0,D47,,89,6.56,17.02
WorldChamp2006,2006,WorldChamp,Main,14,WCh Playoffs,"Kramnik,V","Topalov,V",2743,2813,1-0,D45,,89,6.15,13.88
WorldChamp2007,2007,WorldChamp,Main,4,WCh,"Grischuk,A","Leko,P",2726,2751,1/2-1/2,C88,,55,4.08,6.39
WorldChamp2007,2007,WorldChamp,Main,5,WCh,"Svidler,P","Leko,P",2735,2751,1/2-1/2,C89,,85,3.74,8.03
WorldChamp2007,2007,WorldChamp,Main,10,WCh,"Anand,V","Kramnik,V",2792,2769,1/2-1/2,C42,,130,1.67,0.72
WorldChamp2007,2007,WorldChamp,Main,7,WCh,"Aronian,L","Anand,V",2750,2792,0-1,D43,,82,19.43,8.11
WorldChamp2007,2007,WorldChamp,Main,11,WCh,"Grischuk,A","Aronian,L",2726,2750,1/2-1/2,C88,,61,23.67,23.77
WorldChamp2007,2007,WorldChamp,Main,12,WCh,"Leko,P","Gelfand,B",2751,2733,1/2-1/2,C42,,200,5.49,3.69
WorldChamp2007,2007,WorldChamp,Main,15,WCh,"Svidler,P","Gelfand,B",2735,2733,1/2-1/2,C42,,48,9.85,7.05
WorldChamp2007,2007,WorldChamp,Main,13,WCh,"Kramnik,V","Grischuk,A",2769,2726,1/2-1/2,E06,,120,10.05,9.88
WorldChamp2007,2007,WorldChamp,Main,19,WCh,"Leko,P","Kramnik,V",2751,2769,1/2-1/2,C24,,48,4.6,4.35
WorldChamp2007,2007,WorldChamp,Main,8,WCh,"Kramnik,V","Morozevich,A",2769,2758,1-0,E04,,53,23.35,49.14
WorldChamp2007,2007,WorldChamp,Main,22,WCh,"Leko,P","Anand,V",2751,2792,1/2-1/2,C78,,42,4.12,2.59
WorldChamp2007,2007,WorldChamp,Main,23,WCh,"Aronian,L","Kramnik,V",2750,2769,1/2-1/2,E06,,43,3,2.29
WorldChamp2007,2007,WorldChamp,Main,9,WCh,"Morozevich,A","Svidler,P",2758,2735,1-0,C45,,73,12.12,18.09
WorldChamp2006,2006,WorldChamp,Main,15,WCh Playoffs,"Topalov,V","Kramnik,V",2813,2743,1-0,D12,,99,8.22,28.13
WorldChamp2007,2007,WorldChamp,Main,17,WCh,"Anand,V","Svidler,P",2792,2735,1-0,C89,,77,5.66,17.29
WorldChamp2007,2007,WorldChamp,Main,14,WCh,"Morozevich,A","Anand,V",2758,2792,1/2-1/2,D47,,121,13.58,18.29
WorldChamp2007,2007,WorldChamp,Main,16,WCh,"Aronian,L","Leko,P",2750,2751,1-0,A33,,89,3.1,11.6
WorldChamp2007,2007,WorldChamp,Main,27,WCh,"Svidler,P","Aronian,L",2735,2750,1/2-1/2,C69,,40,6.69,7.38
WorldChamp2007,2007,WorldChamp,Main,18,WCh,"Grischuk,A","Morozevich,A",2726,2758,1-0,D38,,81,13.86,20.33
WorldChamp2007,2007,WorldChamp,Main,21,WCh,"Grischuk,A","Svidler,P",2726,2735,1/2-1/2,D43,,81,13.41,16.28
WorldChamp2007,2007,WorldChamp,Main,31,WCh,"Gelfand,B","Anand,V",2733,2792,1/2-1/2,E06,,39,9.19,3.67
WorldChamp2007,2007,WorldChamp,Main,28,WCh,"Kramnik,V","Gelfand,B",2769,2733,1/2-1/2,D43,,80,12.14,10.67
WorldChamp2007,2007,WorldChamp,Main,20,WCh,"Gelfand,B","Aronian,L",2733,2750,1-0,E00,,95,18.93,22.16
WorldChamp2007,2007,WorldChamp,Main,29,WCh,"Svidler,P","Kramnik,V",2735,2769,1/2-1/2,C42,,58,11.36,7.92
WorldChamp2007,2007,WorldChamp,Main,33,WCh,"Leko,P","Svidler,P",2751,2735,1/2-1/2,B90,,57,4.96,3.5
WorldChamp2007,2007,WorldChamp,Main,30,WCh,"Aronian,L","Morozevich,A",2750,2758,1/2-1/2,E17,,138,11.94,11.51
WorldChamp2007,2007,WorldChamp,Main,24,WCh,"Gelfand,B","Morozevich,A",2733,2758,1-0,E17,,99,2.61,11.56
WorldChamp2007,2007,WorldChamp,Main,35,WCh,"Anand,V","Aronian,L",2792,2750,1/2-1/2,C89,,41,4.65,5.69
WorldChamp2007,2007,WorldChamp,Main,25,WCh,"Morozevich,A","Leko,P",2758,2751,1/2-1/2,C45,,120,6,5.79
WorldChamp2007,2007,WorldChamp,Main,26,WCh,"Anand,V","Grischuk,A",2792,2726,1-0,C88,,99,11.57,28.93
WorldChamp2007,2007,WorldChamp,Main,40,WCh,"Gelfand,B","Leko,P",2733,2751,1/2-1/2,E06,,47,3.85,0.42
WorldChamp2007,2007,WorldChamp,Main,41,WCh,"Grischuk,A","Kramnik,V",2726,2769,1/2-1/2,C43,,25,8.11,8.25
WorldChamp2007,2007,WorldChamp,Main,45,WCh,"Svidler,P","Anand,V",2735,2792,1/2-1/2,C88,,44,6,3.72
WorldChamp2007,2007,WorldChamp,Main,34,WCh,"Grischuk,A","Gelfand,B",2726,2733,1-0,E21,,121,9.93,21.82
WorldChamp2007,2007,WorldChamp,Main,43,WCh,"Gelfand,B","Svidler,P",2733,2735,1/2-1/2,A15,,43,12.72,8.65
WorldChamp2007,2007,WorldChamp,Main,38,WCh,"Kramnik,V","Anand,V",2769,2792,1/2-1/2,D43,,81,7.16,8
WorldChamp2007,2007,WorldChamp,Main,37,WCh,"Svidler,P","Morozevich,A",2735,2758,1/2-1/2,B17,,88,16.35,16.43
WorldChamp2007,2007,WorldChamp,Main,44,WCh,"Leko,P","Aronian,L",2751,2750,1/2-1/2,E15,,112,4.42,4.87
WorldChamp2007,2007,WorldChamp,Main,49,WCh,"Gelfand,B","Kramnik,V",2733,2769,1/2-1/2,D47,,51,3.55,3.05
WorldChamp2007,2007,WorldChamp,Main,39,WCh,"Aronian,L","Grischuk,A",2750,2726,1-0,D30,,83,9.92,47.84
WorldChamp2007,2007,WorldChamp,Main,36,WCh,"Morozevich,A","Kramnik,V",2758,2769,1-0,A34,,95,12.43,11.35
WorldChamp2007,2007,WorldChamp,Main,51,WCh,"Aronian,L","Svidler,P",2750,2735,1/2-1/2,A29,,91,3.05,2.68
WorldChamp2007,2007,WorldChamp,Main,54,WCh,"Anand,V","Leko,P",2792,2751,1/2-1/2,C89,,39,1.44,3.6
WorldChamp2007,2007,WorldChamp,Main,42,WCh,"Anand,V","Morozevich,A",2792,2758,1-0,B90,,111,6.29,15.9
WorldChamp2007,2007,WorldChamp,Main,46,WCh,"Morozevich,A","Grischuk,A",2758,2726,1-0,A28,,83,5,38.35
WorldChamp2007,2007,WorldChamp,Main,50,WCh,"Grischuk,A","Anand,V",2726,2792,1/2-1/2,D43,,146,7.06,7.25
WorldChamp2007,2007,WorldChamp,Main,32,WCh,"Leko,P","Grischuk,A",2751,2726,1-0,C88,,119,20.14,21.27
WorldChamp2008,2008,WorldChamp,Main,1,WCh,"Kramnik,V","Anand,V",2772,2783,1/2-1/2,D14,,64,1.61,2
WorldChamp2007,2007,WorldChamp,Main,53,WCh,"Svidler,P","Grischuk,A",2735,2726,1-0,B90,,83,4.39,15.46
WorldChamp2007,2007,WorldChamp,Main,52,WCh,"Leko,P","Morozevich,A",2751,2758,1-0,B67,,65,3.31,27.93
WorldChamp2008,2008,WorldChamp,Main,4,WCh,"Anand,V","Kramnik,V",2783,2772,1/2-1/2,D37,,58,3.32,2.28
WorldChamp2008,2008,WorldChamp,Main,2,WCh,"Anand,V","Kramnik,V",2783,2772,1/2-1/2,E25,,64,4.18,8.39
WorldChamp2007,2007,WorldChamp,Main,48,WCh,"Aronian,L","Gelfand,B",2750,2733,0-1,D43,,80,23.39,18.69
WorldChamp2007,2007,WorldChamp,Main,47,WCh,"Kramnik,V","Leko,P",2769,2751,1-0,E06,,77,6,15.88
WorldChamp2007,2007,WorldChamp,Main,56,WCh,"Kramnik,V","Aronian,L",2769,2750,1-0,E15,,69,3.68,17.87
WorldChamp2008,2008,WorldChamp,Main,7,WCh,"Anand,V","Kramnik,V",2783,2772,1/2-1/2,D19,,72,1.03,1.97
WorldChamp2007,2007,WorldChamp,Main,55,WCh,"Morozevich,A","Gelfand,B",2758,2733,1/2-1/2,C42,,90,14.2,14.41
WorldChamp2008,2008,WorldChamp,Main,8,WCh,"Kramnik,V","Anand,V",2772,2783,1/2-1/2,D39,,78,3.29,3.03
WorldChamp2008,2008,WorldChamp,Main,3,WCh,"Kramnik,V","Anand,V",2772,2783,0-1,D49,,82,54.38,20.46
WorldChamp2008,2008,WorldChamp,Main,10,WCh,"Kramnik,V","Anand,V",2772,2783,1-0,E21,,57,3.72,18.25
WorldChamp2008,2008,WorldChamp,Main,11,WCh,"Anand,V","Kramnik,V",2783,2772,1/2-1/2,B96,,48,8.25,9.4
WorldChamp2010,2010,WorldChamp,Main,3,WCh,"Topalov,V","Anand,V",2805,2787,1/2-1/2,D17,,91,4.14,3.34
WorldChamp2008,2008,WorldChamp,Main,5,WCh,"Kramnik,V","Anand,V",2772,2783,0-1,D49,,70,21.45,6
WorldChamp2008,2008,WorldChamp,Main,9,WCh,"Anand,V","Kramnik,V",2783,2772,1/2-1/2,D43,,90,11.12,7.49
WorldChamp2010,2010,WorldChamp,Main,5,WCh,"Topalov,V","Anand,V",2805,2787,1/2-1/2,D17,,87,4.22,2.72
WorldChamp2008,2008,WorldChamp,Main,6,WCh,"Anand,V","Kramnik,V",2783,2772,1-0,E34,,93,9.37,18.4
WorldChamp2010,2010,WorldChamp,Main,4,WCh,"Anand,V","Topalov,V",2787,2805,1-0,E04,,63,6.39,57.04
WorldChamp2010,2010,WorldChamp,Main,6,WCh,"Anand,V","Topalov,V",2787,2805,1/2-1/2,E04,,116,3.02,3.19
WorldChamp2010,2010,WorldChamp,Main,8,WCh,"Topalov,V","Anand,V",2805,2787,1-0,D17,,111,4.85,6.75
WorldChamp2010,2010,WorldChamp,Main,7,WCh,"Anand,V","Topalov,V",2787,2805,1/2-1/2,E10,,115,8.89,10.79
WorldChamp2010,2010,WorldChamp,Main,1,WCh,"Topalov,V","Anand,V",2805,2787,1-0,D86,,59,41.08,43.52
WorldChamp2012,2012,WorldChamp,Main,1,WCh 2012,"Anand,V","Gelfand,B",2791,2727,1/2-1/2,D85,,48,8.5,6.95
WorldChamp2012,2012,WorldChamp,Main,2,WCh 2012,"Gelfand,B","Anand,V",2727,2791,1/2-1/2,D45,,49,0.76,0.6
WorldChamp2010,2010,WorldChamp,Main,10,WCh,"Topalov,V","Anand,V",2805,2787,1/2-1/2,D86,,119,3.59,4.24
WorldChamp2012,2012,WorldChamp,Main,4,WCh 2012,"Gelfand,B","Anand,V",2727,2791,1/2-1/2,D45,,68,4,3.67
WorldChamp2010,2010,WorldChamp,Main,2,WCh,"Anand,V","Topalov,V",2787,2805,1-0,E04,,85,5.95,14.76
WorldChamp2012,2012,WorldChamp,Main,5,WCh 2012,"Anand,V","Gelfand,B",2791,2727,1/2-1/2,B33,,53,4.65,4.09
WorldChamp2012,2012,WorldChamp,Main,6,WCh 2012,"Gelfand,B","Anand,V",2727,2791,1/2-1/2,D45,,58,1.04,1.64
WorldChamp2012,2012,WorldChamp,Main,3,WCh 2012,"Anand,V","Gelfand,B",2791,2727,1/2-1/2,D70,,74,8.79,5.06
WorldChamp2010,2010,WorldChamp,Main,11,WCh,"Anand,V","Topalov,V",2787,2805,1/2-1/2,A29,,130,4.26,3.05
WorldChamp2012,2012,WorldChamp,Main,10,WCh 2012,"Anand,V","Gelfand,B",2791,2727,1/2-1/2,B30,,49,0.62,2.25
WorldChamp2012,2012,WorldChamp,Main,11,WCh 2012,"Gelfand,B","Anand,V",2727,2791,1/2-1/2,E54,,48,6.35,5.35
WorldChamp2012,2012,WorldChamp,Main,8,WCh 2012,"Anand,V","Gelfand,B",2791,2727,1-0,E60,,33,8.15,34.17
WorldChamp2012,2012,WorldChamp,Main,13,WCh Rapid Tiebreak,"Gelfand, Boris","Anand, Viswanathan",2727,2791,1/2-1/2,D45,QGD semi-Slav,64,7.61,5.64
WorldChamp2012,2012,WorldChamp,Main,12,WCh 2012,"Anand, Viswanathan","Gelfand, Boris",2799,2739,1/2-1/2,B30,Sicilian,43,6.78,6
WorldChamp2012,2012,WorldChamp,Main,9,WCh 2012,"Gelfand,B","Anand,V",2727,2791,1/2-1/2,E54,,98,6.58,5.44
WorldChamp2013,2013,WorldChamp,Main,1,WCh 2013,"Carlsen, Magnus","Anand, Viswanathan",2870,2775,1/2-1/2,A07,Reti,32,7.92,3.5
WorldChamp2012,2012,WorldChamp,Main,7,WCh 2012,"Gelfand,B","Anand,V",2727,2791,1-0,D45,,75,10,23.91
WorldChamp2013,2013,WorldChamp,Main,2,WCh 2013,"Anand, Viswanathan","Carlsen, Magnus",2775,2870,1/2-1/2,B18,Caro-Kann,50,2.48,2.24
WorldChamp2012,2012,WorldChamp,Main,16,WCh Rapid Tiebreak,"Anand, Viswanathan","Gelfand, Boris",2791,2727,1/2-1/2,B51,Sicilian,111,8.27,9.65
WorldChamp2013,2013,WorldChamp,Main,7,WCh 2013,"Anand, Viswanathan","Carlsen, Magnus",2775,2870,1/2-1/2,C65,Ruy Lopez,64,5.25,2.96
WorldChamp2012,2012,WorldChamp,Main,14,WCh Rapid Tiebreak,"Anand, Viswanathan","Gelfand, Boris",2791,2727,1-0,B30,Sicilian,153,4.18,10.15
WorldChamp2013,2013,WorldChamp,Main,3,WCh 2013,"Carlsen, Magnus","Anand, Viswanathan",2870,2775,1/2-1/2,A07,Reti,102,6.09,4.89
WorldChamp2013,2013,WorldChamp,Main,4,WCh 2013,"Anand, Viswanathan","Carlsen, Magnus",2775,2870,1/2-1/2,C67,Ruy Lopez,127,6.28,6.24
WorldChamp2012,2012,WorldChamp,Main,15,WCh Rapid Tiebreak,"Gelfand, Boris","Anand, Viswanathan",2727,2791,1/2-1/2,D12,QGD Slav,126,24.98,19.08
WorldChamp2013,2013,WorldChamp,Main,8,WCh 2013,"Carlsen, Magnus","Anand, Viswanathan",2870,2775,1/2-1/2,C67,Ruy Lopez,66,1.45,0.69
WorldChamp2010,2010,WorldChamp,Main,9,WCh,"Anand,V","Topalov,V",2787,2805,1/2-1/2,E53,,165,19.96,13.94
WorldChamp2013,2013,WorldChamp,Main,5,WCh 2013,"Carlsen, Magnus","Anand, Viswanathan",2870,2775,1-0,D31,QGD,115,1.83,9.47
WorldChamp2014,2014,WorldChamp,Main,5,WCh 2014,"Anand, Viswanathan","Carlsen, Magnus",2792,2863,1/2-1/2,E15,Queen's Indian,78,1.31,1.09
WorldChamp2013,2013,WorldChamp,Main,9,WCh 2013,"Anand, Viswanathan","Carlsen, Magnus",2775,2870,0-1,E25,Nimzo-Indian,56,20.88,10.92
WorldChamp2013,2013,WorldChamp,Main,6,WCh 2013,"Anand, Viswanathan","Carlsen, Magnus",2775,2870,0-1,C65,Ruy Lopez,134,41.62,4.92
WorldChamp2014,2014,WorldChamp,Main,9,WCh 2014,"Carlsen, Magnus","Anand, Viswanathan",2863,2792,1/2-1/2,C67,Ruy Lopez,39,2.31,1.47
WorldChamp2014,2014,WorldChamp,Main,2,WCh 2014,"Carlsen, Magnus","Anand, Viswanathan",2863,2792,1-0,C65,Ruy Lopez,69,11.32,33.47
WorldChamp2014,2014,WorldChamp,Main,1,WCh 2014,"Anand, Viswanathan","Carlsen, Magnus",2792,2863,1/2-1/2,D85,Gruenfeld,95,8.73,5.6
WorldChamp2014,2014,WorldChamp,Main,4,WCh 2014,"Carlsen, Magnus","Anand, Viswanathan",2863,2792,1/2-1/2,B40,Sicilian defence,94,4.72,2.6
WorldChamp2014,2014,WorldChamp,Main,3,WCh 2014,"Anand, Viswanathan","Carlsen, Magnus",2792,2863,1-0,D37,QGD,67,6.37,18.07
WorldChamp2013,2013,WorldChamp,Main,10,WCh 2013,"Carlsen, Magnus","Anand, Viswanathan",2870,2775,1/2-1/2,B51,Sicilian,130,7.33,6.84
WorldChamp2014,2014,WorldChamp,Main,8,WCh 2014,"Anand, Viswanathan","Carlsen, Magnus",2792,2863,1/2-1/2,D37,QGD,81,3.51,5.67
WorldChamp2014,2014,WorldChamp,Main,6,WCh 2014,"Carlsen, Magnus","Anand, Viswanathan",2863,2792,1-0,B41,Sicilian,75,11.38,24.88
WorldChamp2016,2016,WorldChamp,Main,2,WCh 2016,"Karjakin, Sergey","Carlsen, Magnus",2772,2853,1/2-1/2,C84,Ruy Lopez,65,3.07,3.46
WorldChamp2016,2016,WorldChamp,Main,1,WCh 2016,"Carlsen, Magnus","Karjakin, Sergey",2853,2772,1/2-1/2,A45,"Trompovsky attack (Ruth, Opovcensky opening)",84,1.82,1.87
WorldChamp2014,2014,WorldChamp,Main,10,WCh 2014,"Anand, Viswanathan","Carlsen, Magnus",2792,2863,1/2-1/2,D97,Gruenfeld,63,5.39,5.93
WorldChamp2016,2016,WorldChamp,Main,6,WCh 2016,"Karjakin, Sergey","Carlsen, Magnus",2772,2853,1/2-1/2,C88,Ruy Lopez,64,2.75,1.29
WorldChamp2014,2014,WorldChamp,Main,7,WCh 2014,"Carlsen, Magnus","Anand, Viswanathan",2863,2792,1/2-1/2,C67,Ruy Lopez,243,3.06,3.5
WorldChamp2016,2016,WorldChamp,Main,7,WCh 2016,"Karjakin, Sergey","Carlsen, Magnus",2772,2853,1/2-1/2,D10,QGD Slav defence,66,6.76,6
WorldChamp2016,2016,WorldChamp,Main,5,WCh 2016,"Carlsen, Magnus","Karjakin, Sergey",2853,2772,1/2-1/2,C50,Giuoco Piano,102,6.17,6.53
WorldChamp2016,2016,WorldChamp,Main,12,WCh 2016,"Carlsen, Magnus","Karjakin, Sergey",2853,2772,1/2-1/2,C67,Ruy Lopez,60,3.38,0.46
WorldChamp2016,2016,WorldChamp,Main,11,WCh 2016,"Karjakin, Sergey","Carlsen, Magnus",2772,2853,1/2-1/2,C84,Ruy Lopez,67,3,1.48
WorldChamp2016,2016,WorldChamp,Main,3,WCh 2016,"Carlsen, Magnus","Karjakin, Sergey",2853,2772,1/2-1/2,C67,Ruy Lopez,156,8.78,9.09
WorldChamp2014,2014,WorldChamp,Main,11,WCh 2014,"Carlsen, Magnus","Anand, Viswanathan",2863,2792,1-0,C67,Ruy Lopez,89,7.95,11.62
WorldChamp2016,2016,WorldChamp,Main,4,WCh 2016,"Karjakin, Sergey","Carlsen, Magnus",2772,2853,1/2-1/2,C88,Ruy Lopez,187,5.46,4.4
WorldChamp2016,2016,WorldChamp,Main,8,WCh 2016,"Carlsen, Magnus","Karjakin, Sergey",2853,2772,0-1,D05,"Queen's pawn game, Rubinstein (Colle-Zukertort) variation",104,16.06,8.94
WorldChamp2016,2016,WorldChamp,Main,13,WCh Rapid TB 2016,"Karjakin, Sergey","Carlsen, Magnus",2772,2853,1/2-1/2,C84,Ruy Lopez,74,4.45,4.82
WorldChamp2018,2018,WorldChamp,Main,2,WCh 2018,"Carlsen, Magnus","Caruana, Fabiano",2835,2832,1/2-1/2,D37,QGD,97,3.22,1.55
WorldChamp2018,2018,WorldChamp,Main,3,WCh 2018,"Caruana, Fabiano","Carlsen, Magnus",2832,2835,1/2-1/2,B31,Sicilian,97,5.44,3.91
WorldChamp2018,2018,WorldChamp,Main,5,WCh 2018,"Caruana, Fabiano","Carlsen, Magnus",2832,2835,1/2-1/2,B31,Sicilian,67,3.13,1.72
WorldChamp2018,2018,WorldChamp,Main,4,WCh 2018,"Carlsen, Magnus","Caruana, Fabiano",2835,2832,1/2-1/2,A29,English,67,5.73,5.55
WorldChamp2016,2016,WorldChamp,Main,9,WCh 2016,"Karjakin, Sergey","Carlsen, Magnus",2772,2853,1/2-1/2,C78,Ruy Lopez,148,4.63,4.49
WorldChamp2016,2016,WorldChamp,Main,15,WCh Rapid TB 2016,"Karjakin, Sergey","Carlsen, Magnus",2772,2853,0-1,C84,Ruy Lopez,76,26.5,9.47
WorldChamp2018,2018,WorldChamp,Main,1,WCh 2018,"Caruana, Fabiano","Carlsen, Magnus",2832,2835,1/2-1/2,B31,Sicilian,229,7.36,6.89
WorldChamp2016,2016,WorldChamp,Main,16,WCh Rapid TB 2016,"Carlsen, Magnus","Karjakin, Sergey",2853,2772,1-0,B54,Sicilian,99,18.5,38.71
WorldChamp2016,2016,WorldChamp,Main,14,WCh Rapid TB 2016,"Carlsen, Magnus","Karjakin, Sergey",2853,2772,1/2-1/2,C50,Giuoco Piano,167,25.88,19.52
WorldChamp2018,2018,WorldChamp,Main,7,WCh 2018,"Carlsen, Magnus","Caruana, Fabiano",2835,2832,1/2-1/2,D37,QGD,79,1.69,1.23
WorldChamp2018,2018,WorldChamp,Main,8,WCh 2018,"Caruana, Fabiano","Carlsen, Magnus",2832,2835,1/2-1/2,B33,Sicilian,75,5.09,4.58
WorldChamp2018,2018,WorldChamp,Main,6,WCh 2018,"Carlsen, Magnus","Caruana, Fabiano",2835,2832,1/2-1/2,C42,Petrov's defence,160,6.39,4.5
WorldChamp2018,2018,WorldChamp,Main,11,WCh 2018,"Carlsen, Magnus","Caruana, Fabiano",2835,2832,1/2-1/2,C42,Petrov,110,3.06,2.71
WorldChamp2018,2018,WorldChamp,Main,9,WCh 2018,"Carlsen, Magnus","Caruana, Fabiano",2835,2832,1/2-1/2,A29,English,112,1.92,2.67
WorldChamp2016,2016,WorldChamp,Main,10,WCh 2016,"Carlsen, Magnus","Karjakin, Sergey",2853,2772,1-0,C65,Ruy Lopez,149,7.58,9.23
WorldChamp2018,2018,WorldChamp,Main,10,WCh 2018,"Caruana, Fabiano","Carlsen, Magnus",2832,2835,1/2-1/2,B33,Sicilian,107,5.7,5.55
WorldChamp2021,2021,WorldChamp,Main,3,WCh 2021,"Nepomniachtchi,I","Carlsen,M",2782,2855,1/2-1/2,C88,,81,1.24,0.58
WorldChamp2018,2018,WorldChamp,Main,14,WCh Rapid TB 2018,"Caruana, Fabiano","Carlsen, Magnus",2832,2835,0-1,B33,Sicilian,56,20.12,6.12
WorldChamp2018,2018,WorldChamp,Main,12,WCh 2018,"Caruana, Fabiano","Carlsen, Magnus",2832,2835,1/2-1/2,B33,Sicilian,62,12.96,8.33
WorldChamp2021,2021,WorldChamp,Main,1,WCh 2021,"Nepomniachtchi,I","Carlsen,M",2782,2855,1/2-1/2,C88,,89,4.05,4.08
WorldChamp2021,2021,WorldChamp,Main,4,WCh 2021,"Carlsen,M","Nepomniachtchi,I",2855,2782,1/2-1/2,C42,,65,4.21,1.93
WorldChamp2021,2021,WorldChamp,Main,2,WCh 2021,"Carlsen,M","Nepomniachtchi,I",2855,2782,1/2-1/2,E06,,116,6.46,5.35
WorldChamp2021,2021,WorldChamp,Main,7,WCh 2021,"Nepomniachtchi,I","Carlsen,M",2782,2855,1/2-1/2,C88,,81,2.86,1.78
WorldChamp2021,2021,WorldChamp,Main,5,WCh 2021,"Nepomniachtchi,I","Carlsen,M",2782,2855,1/2-1/2,C88,,85,2.51,3.55
WorldChamp2018,2018,WorldChamp,Main,13,WCh Rapid TB 2018,"Carlsen, Magnus","Caruana, Fabiano",2835,2832,1-0,A22,English,109,5.08,14.18
WorldChamp2018,2018,WorldChamp,Main,15,WCh Rapid TB 2018,"Carlsen, Magnus","Caruana, Fabiano",2835,2832,1-0,B40,Sicilian defence,101,8.43,21.74
WorldChamp2021,2021,WorldChamp,Main,10,WCh 2021,"Carlsen,M","Nepomniachtchi,I",2855,2782,1/2-1/2,C42,,81,3.27,2.89
WorldChamp2021,2021,WorldChamp,Main,9,WCh 2021,"Nepomniachtchi,I","Carlsen,M",2782,2855,0-1,A13,,78,9.91,4.31
WorldChamp2023,2023,WorldChamp,Main,3,WCh 2023,"Nepomniachtchi,I",Ding Liren,2795,2788,1/2-1/2,D35,,60,4.62,3.27
WorldChamp2023,2023,WorldChamp,Main,1,WCh 2023,"Nepomniachtchi,I",Ding Liren,2795,2788,1/2-1/2,C85,,97,5.82,7.16
WorldChamp2021,2021,WorldChamp,Main,8,WCh 2021,"Carlsen,M","Nepomniachtchi,I",2855,2782,1-0,C43,,91,15.1,15.39
WorldChamp2023,2023,WorldChamp,Main,2,WCh 2023,Ding Liren,"Nepomniachtchi,I",2788,2795,0-1,E10,,58,21.32,5.6
WorldChamp2021,2021,WorldChamp,Main,6,WCh 2021,"Carlsen,M","Nepomniachtchi,I",2855,2782,1-0,D02,,271,13.63,17.78
WorldChamp2023,2023,WorldChamp,Main,10,WCh 2023,Ding Liren,"Nepomniachtchi,I",2788,2795,1/2-1/2,A28,,90,1.63,2.27
WorldChamp2023,2023,WorldChamp,Main,11,WCh 2023,"Nepomniachtchi,I",Ding Liren,2795,2788,1/2-1/2,C84,,77,2.46,1.12
WorldChamp2023,2023,WorldChamp,Main,7,WCh 2023,"Nepomniachtchi,I",Ding Liren,2795,2788,1-0,C07,,74,10.27,20.48
WorldChamp2023,2023,WorldChamp,Main,9,WCh 2023,"Nepomniachtchi,I",Ding Liren,2795,2788,1/2-1/2,C65,,163,3.41,3.99
WorldChamp2023,2023,WorldChamp,Main,5,WCh 2023,"Nepomniachtchi,I",Ding Liren,2795,2788,1-0,C84,,95,3.45,11.47
WorldChamp2023,2023,WorldChamp,Main,8,WCh 2023,Ding Liren,"Nepomniachtchi,I",2788,2795,1/2-1/2,E28,,89,27.39,15.22
WorldChamp2023,2023,WorldChamp,Main,6,WCh 2023,Ding Liren,"Nepomniachtchi,I",2788,2795,1-0,D02,,87,7.75,23.26
WorldChamp2021,2021,WorldChamp,Main,11,WCh 2021,"Nepomniachtchi,I","Carlsen,M",2782,2855,0-1,C50,,98,20.22,17.04
WorldChamp2024,2024,WorldChamp,Main,2,WCh 2024,Ding Liren,"Gukesh,D",2728,2783,1/2-1/2,C50,,46,9.32,6.53
WorldChamp2024,2024,WorldChamp,Main,4,WCh 2024,Ding Liren,"Gukesh,D",2728,2783,1/2-1/2,A06,,84,2.18,2.71
WorldChamp2023,2023,WorldChamp,Main,4,WCh 2023,Ding Liren,"Nepomniachtchi,I",2788,2795,1-0,A28,,93,10.77,21.4
WorldChamp2023,2023,WorldChamp,Main,13,WCh 2023,"Nepomniachtchi,I",Ding Liren,2795,2788,1/2-1/2,C84,,79,12.69,14.2
WorldChamp2024,2024,WorldChamp,Main,3,WCh 2024,"Gukesh,D",Ding Liren,2783,2728,1-0,D02,,74,4.48,15.36
WorldChamp2024,2024,WorldChamp,Main,5,WCh 2024,"Gukesh,D",Ding Liren,2783,2728,1/2-1/2,C01,,80,4.42,4.25
WorldChamp2023,2023,WorldChamp,Main,12,WCh 2023,Ding Liren,"Nepomniachtchi,I",2788,2795,1-0,D04,,75,19.79,50.48
WorldChamp2023,2023,WorldChamp,Main,14,WCh 2023,Ding Liren,"Nepomniachtchi,I",2788,2795,1/2-1/2,E46,,180,5.79,5.28
WorldChamp2024,2024,WorldChamp,Main,10,WCh 2024,Ding Liren,"Gukesh,D",2728,2783,1/2-1/2,D02,,72,3,1.59
WorldChamp2024,2024,WorldChamp,Main,9,WCh 2024,"Gukesh,D",Ding Liren,2783,2728,1/2-1/2,E00,,107,2.58,2.04
WorldChamp2024,2024,WorldChamp,Main,6,WCh 2024,Ding Liren,"Gukesh,D",2728,2783,1/2-1/2,A45,,92,5.48,5.55
WorldChamp2024,2024,WorldChamp,Main,1,WCh 2024,"Gukesh,D",Ding Liren,2783,2728,0-1,C11,,84,16.53,7.45
WorldChamp2024,2024,WorldChamp,Main,11,WCh 2024,"Gukesh,D",Ding Liren,2783,2728,1-0,A09,,57,10.48,31.17
WorldChamp2024,2024,WorldChamp,Main,7,WCh 2024,"Gukesh,D",Ding Liren,2783,2728,1/2-1/2,D78,,143,7.28,6.42
WorldChamp2024,2024,WorldChamp,Main,8,WCh 2024,Ding Liren,"Gukesh,D",2728,2783,1/2-1/2,A21,,102,12.53,12.81
WorldChamp2024,2024,WorldChamp,Main,13,WCh 2024,"Gukesh,D",Ding Liren,2783,2728,1/2-1/2,C11,,136,7.2,7.2
WorldChamp2024,2024,WorldChamp,Main,12,WCh 2024,Ding Liren,"Gukesh,D",2728,2783,1-0,A13,,77,11.17,44.44
WorldChamp2024,2024,WorldChamp,Main,14,WCh 2024,Ding Liren,"Gukesh,D",2728,2783,0-1,A08,,116,15.74,4.11
WorldChamp2010,2010,WorldChamp,Main,12,WCh,"Topalov,V","Anand,V",2805,2787,0-1,D56,,112,16.1,8.5
